pair,open_time,close_time,side,alpha,beta,half_life_minutes,qty_y,qty_x,entry_price_y,entry_price_x,exit_price_y,exit_price_x,u_entry,u_exit,spread_change,entry_z,exit_z,z_change,pnl,fees,reason
TMO-DHR,2022-11-07 16:03:00+00:00,2022-11-07 17:46:00+00:00,-1,-43.7301246604371,0.5897932005188037,266.15926875395564,-233.35294235951946,137.6299787247009,248.34,495.66,247.16,490.72,-0.26677310871315285,1.4668053018497176,1.7335784105628704,1.7048474342946274,3.014657133159772,1.3098096988651444,-410.7962877354558,6.260664819668203,adverse
TMO-DHR,2022-11-07 18:01:00+00:00,2022-11-07 18:02:00+00:00,-1,-43.7301246604371,0.5897932005188037,266.15926875395564,-110.87795790939133,65.39506566236912,247.7,491.12,247.79,490.97,1.7708880216422074,1.9493570017200454,0.17846898007783807,2.9650437922459836,3.1078068454673495,0.14276305322136595,-22.767349290130547,2.979073228931072,adverse
TMO-DHR,2022-11-07 18:03:00+00:00,2022-11-07 18:09:00+00:00,-1,-43.7301246604371,0.5897932005188037,266.15926875395564,-110.82737048669063,65.36522954442847,247.74,491.2,247.95,491.15,1.7637045656007615,2.003194225626686,0.23948966002592442,2.91669734800472,3.0184563063016916,0.10175895829697179,-29.52119822957098,2.979188950146049,adverse
MAR-HLT,2022-11-07 15:00:00+00:00,2022-11-08 14:30:00+00:00,1,23.086381134654307,0.6961505803645069,259.16021980670257,488.36289915554863,-339.97411567562835,126.76,146.05,130.07,149.74,2.0008266031094593,2.74203096156441,0.7412043584549508,-1.6832856842339512,-0.25625133809556644,1.4270343461383848,356.2552550430709,5.721454318721539,mean_revert
TMO-DHR,2022-11-07 18:10:00+00:00,2022-11-08 14:57:00+00:00,-1,-43.7301246604371,0.5897932005188037,266.15926875395564,-110.67442841235531,65.27502534891227,247.99,491.51,250.41,489.45,1.8308686734399373,5.4658426665086495,3.634973993068712,2.8464517567606,3.02316400875788,0.17671225199728013,-405.281811215446,2.98314223878815,adverse
MAR-HLT,2022-11-08 18:46:00+00:00,2022-11-08 19:29:00+00:00,-1,23.086381134654307,0.6961505803645069,259.16021980670257,-224.39304870270934,156.21135108415217,131.37,150.7,129.42,148.88,3.373726404414512,2.6907204606778947,-0.6830059437366174,1.684523349701855,0.24246730366802957,-1.4420560460338254,150.64690128150548,2.61488471562566,mean_revert
UPS-FDX,2022-11-07 19:37:00+00:00,2022-11-09 14:32:00+00:00,1,-105.91782680500532,1.5737583277838052,550.8875965246942,211.67298336604554,-333.12212033915705,159.25,169.18,158.26,167.63,-1.08060708945888,0.3687183186060281,1.449325408064908,-1.6543268627759278,-0.3900496764079945,1.2642771863679334,302.316001624312,4.467031368998163,mean_revert
TMO-DHR,2022-11-08 15:00:00+00:00,2022-11-09 16:21:00+00:00,-1,-43.7301246604371,0.5897932005188037,266.15926875395564,-125.29133706618654,73.89597868554638,251.02,490.52,251.22,493.0,5.444763941953511,4.182076804666906,-1.2626871372866049,2.9500164137238776,0.3083287409554123,-2.641687672768465,154.80843936743338,3.395320359487087,mean_revert
TMO-DHR,2022-11-10 14:34:00+00:00,2022-11-10 14:35:00+00:00,1,-43.7301246604371,0.5897932005188037,266.15926875395564,226.0250571862348,-133.30804187531504,259.41,510.04,260.41,512.88,2.322000667826444,1.6469879783531383,-0.6750126894733057,-2.9459168935743327,-3.7703599373095598,-0.824443043735227,-158.93129242260056,6.361510682943949,adverse
TMO-DHR,2022-11-10 14:42:00+00:00,2022-11-10 14:43:00+00:00,1,-43.7301246604371,0.5897932005188037,266.15926875395564,165.97915978610195,-97.89337986966699,260.18,511.33,260.97,513.01,2.331167439157241,2.1303148622856725,-0.20085257687156854,-2.7938192757022344,-3.023701538910167,-0.2298822632079327,-38.01413515683312,4.676793206815844,adverse
TMO-DHR,2022-11-10 15:17:00+00:00,2022-11-10 15:19:00+00:00,1,-43.7301246604371,0.5897932005188037,266.15926875395564,197.47391139352112,-116.46877021975148,261.48,515.24,261.42,515.47,1.3250760251287375,1.1294235890093773,-0.19565243611936012,-2.9150693469089797,-3.0528482265197354,-0.13777887961075574,-44.21924117924016,5.5829893450834795,adverse
TMO-DHR,2022-11-10 15:20:00+00:00,2022-11-10 16:44:00+00:00,1,-43.7301246604371,0.5897932005188037,266.15926875395564,192.43016222203636,-113.49400125328741,261.22,514.43,263.15,513.62,1.5428085175490196,3.950541009969129,2.4077324924201093,-2.6631540036312136,-0.3089198640620444,2.354234139569169,457.87381479805504,5.446539305622117,mean_revert
UPS-FDX,2022-11-09 18:00:00+00:00,2022-11-10 16:57:00+00:00,-1,-105.91782680500532,1.5737583277838052,550.8875965246942,-122.25829708299462,192.40501317502927,158.9,165.86,167.14,172.23,3.794270558783353,2.009430010800571,-1.7848405479827818,1.7217078922882125,0.3410841378493359,-1.3806237544388766,215.5329576013791,2.67860835967935,mean_revert
MAR-HLT,2022-11-10 14:34:00+00:00,2022-11-10 20:44:00+00:00,-1,23.086381134654307,0.6961505803645069,259.16021980670257,-237.43693093882132,165.29185727302783,135.95,156.68,136.48,158.03,3.790745933834728,3.3809426503426323,-0.4098032834920957,2.2406505770898377,0.37566753705983164,-1.864983040030006,94.37611069404171,2.9263232269693455,mean_revert
TMO-DHR,2022-11-11 14:30:00+00:00,2022-11-11 14:34:00+00:00,1,-43.7301246604371,0.5897932005188037,266.15926875395564,247.42454765924026,-145.9293158508606,268.56,528.24,269.86,531.33,0.737764418384188,0.21530342878111242,-0.5224609896030756,-2.8633361437053857,-3.2038814195509344,-0.3405452758455487,-136.48500461326677,7.215330591118018,adverse
TMO-DHR,2022-11-11 14:37:00+00:00,2022-11-11 15:14:00+00:00,1,-43.7301246604371,0.5897932005188037,266.15926875395564,260.3500865575803,-153.55271080614287,269.57,529.44,275.87,542.11,1.0400125777616154,-0.13266727281154544,-1.1726798505731608,-2.5255907758784013,-3.048611143295152,-0.5230203674167506,-313.0605625227529,7.75326192168789,adverse
TMO-DHR,2022-11-11 15:15:00+00:00,2022-11-11 15:16:00+00:00,1,-43.7301246604371,0.5897932005188037,266.15926875395564,326.72656266392096,-192.7011050880614,276.25,542.61,276.53,543.78,-0.04756387307099885,-0.4576219176780114,-0.41005804460701256,-2.9687875523337337,-3.2331532184549743,-0.2643656661212406,-143.733690572047,9.756835164912005,adverse
TMO-DHR,2022-11-11 15:29:00+00:00,2022-11-11 15:57:00+00:00,1,-43.7301246604371,0.5897932005188037,266.15926875395564,327.83116450085276,-193.35259174076438,275.01,540.8,273.8,541.41,-0.22003818013195087,-1.789812032448424,-1.569773852316473,-2.7629264474293986,-3.289372997025101,-0.5264465495957023,-524.3429499846291,9.722159976735036,adverse
TMO-DHR,2022-11-11 15:59:00+00:00,2022-11-11 16:00:00+00:00,1,-43.7301246604371,0.5897932005188037,266.15926875395564,325.6218843027055,-192.04957330185627,274.46,541.79,274.98,542.99,-1.3539334486455914,-1.5416852892681163,-0.18775184062252492,-2.9903027726572597,-3.0762163706186594,-0.08591359796139963,-70.82713330245346,9.691025177636645,adverse
TMO-DHR,2022-11-11 16:01:00+00:00,2022-11-11 16:03:00+00:00,1,-43.7301246604371,0.5897932005188037,266.15926875395564,326.8662789637559,-192.78350881170573,274.58,542.14,274.66,542.92,-1.4403610688271442,-1.820399765231798,-0.3800386964046538,-2.9978021792551153,-3.1711640373806342,-0.17336185812551896,-133.9439902952232,9.722155739211823,adverse
UPS-FDX,2022-11-11 14:54:00+00:00,2022-11-11 16:52:00+00:00,1,-105.91782680500532,1.5737583277838052,550.8875965246942,286.0533753647578,-450.1788816709544,167.39,174.61,174.08,177.16,-1.4861148093249597,1.190801454826385,2.6769162641513446,-1.724862124394935,-0.3447392498959216,1.3801228744990133,759.263439816295,6.477493113016166,mean_revert
MAR-HLT,2022-11-11 14:30:00+00:00,2022-11-11 16:56:00+00:00,-1,23.086381134654307,0.6961505803645069,259.16021980670257,-211.52780430593373,147.25520373080562,139.36,160.49,140.34,162.87,4.548412222645965,3.8715738413784493,-0.6768383812675154,1.679468295546907,0.38028686004458945,-1.2991814355023175,140.48667330510722,2.6834633543965527,mean_revert
MAR-HLT,2022-11-14 14:30:00+00:00,2022-11-14 14:49:00+00:00,1,13.600261705034976,0.7631435750005557,208.80980328904414,479.73024855825787,-366.1030569206541,139.48,163.2,140.71,163.3,1.3347068548743266,2.4883924973742637,1.153685642499937,-2.9849433334926405,-0.32531718037721197,2.6596261531154286,547.0935264111034,6.364373623488765,mean_revert
MAR-HLT,2022-11-14 16:22:00+00:00,2022-11-14 16:40:00+00:00,-1,13.600261705034976,0.7631435750005557,208.80980328904414,-202.41569787509255,154.47223931263053,140.1,161.32,140.33,162.44,3.389416775875361,2.7646959718747723,-0.6247208040005887,1.6658714152780174,0.26862370354377463,-1.3972477117342428,123.77842424703415,2.6748732718377726,mean_revert
UPS-FDX,2022-11-14 15:51:00+00:00,2022-11-14 18:56:00+00:00,-1,-30.450172403158493,1.1200625397602408,326.5447473209204,-132.2133082680328,148.08717384879645,178.38,179.86,178.68,181.37,7.375724001881565,5.984429566843602,-1.3912944350379632,1.7506807114256064,0.3782230233494775,-1.372457688076129,181.42351779915555,2.5241222321144154,mean_revert
SLB-HAL,2022-11-14 14:34:00+00:00,2022-11-14 19:22:00+00:00,1,0.23291121324222872,0.6991272926786252,719.7262196222256,1687.9330617430294,-1180.0800716791468,38.51,55.08,38.53,54.76,-0.2308424939809015,0.012878239676261671,0.24372073365716318,-1.6978595521259736,-0.3312923280315272,1.3665672240944464,404.90142189248775,6.48286227970545,mean_revert
TMO-DHR,2022-11-11 16:09:00+00:00,2022-11-14 20:54:00+00:00,1,-43.7301246604371,0.5897932005188037,266.15926875395564,270.8528141242034,-159.74714811183856,272.54,539.02,267.46,535.24,-1.6402062832084425,-4.490787985247437,-2.850581702038994,-2.9350583733489124,-0.28077520000469647,2.654283173344216,-779.985343749271,7.897267861051995,mean_revert
MAR-HLT,2022-11-14 19:35:00+00:00,2022-11-15 14:30:00+00:00,-1,13.600261705034976,0.7631435750005557,208.80980328904414,-201.9688004579479,154.13119242005226,140.41,161.55,141.385,161.43,3.523893753625231,4.590470982625305,1.0665772290000746,1.7079735316033782,3.188579391836091,1.4806058602327128,-218.08716139916083,2.6718378622557997,adverse
TMO-DHR,2022-11-15 14:35:00+00:00,2022-11-15 14:39:00+00:00,1,-69.87977519946801,0.6419927813953917,215.05846859345453,111.0208683950035,-71.27459609384005,274.28,549.38,274.26,552.14,-8.538219043532308,-10.330119120183554,-1.7919000766512454,-1.847146702962613,-3.0755579700343656,-1.2284112670717526,-202.42840952955925,3.490106942663325,adverse
TMO-DHR,2022-11-15 14:40:00+00:00,2022-11-15 14:41:00+00:00,1,-69.87977519946801,0.6419927813953917,215.05846859345453,111.18301366796246,-71.37869218861707,273.88,551.33,273.61,551.42,-10.190104967253319,-10.517884317578819,-0.32777935032549976,-2.960557155531403,-3.173642746730929,-0.2130855911995262,-39.93251712813446,3.489021140816921,adverse
TMO-DHR,2022-11-15 14:44:00+00:00,2022-11-15 14:50:00+00:00,1,-69.87977519946801,0.6419927813953917,215.05846859345453,111.53323486697516,-71.60353167027488,273.02,548.71,272.58,549.99,-9.36808387999747,-10.62983464018356,-1.2617507601860893,-2.325525542954836,-3.1116632918746783,-0.7861377489198422,-144.21629165658743,3.4891477771687285,adverse
TMO-DHR,2022-11-15 14:54:00+00:00,2022-11-15 14:55:00+00:00,1,-69.87977519946801,0.6419927813953917,215.05846859345453,111.78298808186761,-71.76387143136611,272.41,548.78,272.68,550.44,-10.023023374695015,-10.818731391811468,-0.7957080171164534,-2.606714024798423,-3.1149754365556666,-0.5082614117572435,-92.44575432301363,3.499134529042241,adverse
TMO-DHR,2022-11-15 14:56:00+00:00,2022-11-15 14:57:00+00:00,1,-69.87977519946801,0.6419927813953917,215.05846859345453,111.67230373838036,-71.69281288183382,272.68,549.665,273.11,551.03,-10.321186986229975,-10.76750713283468,-0.4463201466047053,-2.7641295574674016,-3.037342125659802,-0.27321256819240025,-53.3417846540128,3.5001856778132976,adverse
TMO-DHR,2022-11-15 14:58:00+00:00,2022-11-15 15:02:00+00:00,1,-69.87977519946801,0.6419927813953917,215.05846859345453,111.46383024042446,-71.55897440103388,273.19,550.64,273.41,551.895,-10.437129948090444,-11.02283088874168,-0.5857009406512361,-2.799420542698598,-3.0947824620509166,-0.2953619193523185,-68.78288852055543,3.4984183001546523,adverse
MAR-HLT,2022-11-15 14:32:00+00:00,2022-11-15 16:31:00+00:00,-1,13.600261705034976,0.7631435750005557,208.80980328904414,-199.468518479992,152.22311829288552,142.17,163.0,141.02,162.63,4.17733556987443,3.3096986926246643,-0.8676368772497653,2.407305442515627,0.36354566770363334,-2.0437597748119933,170.42198767341694,2.6442548102010224,mean_revert
TMO-DHR,2022-11-15 15:06:00+00:00,2022-11-15 18:34:00+00:00,1,-69.87977519946801,0.6419927813953917,215.05846859345453,111.65592469705763,-71.68229765553843,272.72,550.08,268.58,540.55,-10.547613990509035,-8.569422783810921,1.9781912066981135,-2.691551616570458,-0.21886588437265303,2.472685732197805,217.4399476988222,3.4368207126418513,mean_revert
UPS-FDX,2022-11-15 18:58:00+00:00,2022-11-15 20:06:00+00:00,1,-30.450172403158493,1.1200625397602408,326.5447473209204,263.7969216231999,-295.4690500142145,174.83,179.16,176.15,180.85,4.6097677797137635,4.036862087518955,-0.5729056921948086,-1.7044309442450962,-3.080501222999306,-1.3760702787542098,-156.12592825334957,4.995170271949867,adverse
UPS-FDX,2022-11-15 20:16:00+00:00,2022-11-15 20:17:00+00:00,1,-30.450172403158493,1.1200625397602408,326.5447473209204,260.8193893365758,-292.13402763904014,176.52,181.16,176.41,181.18,4.0596427001932796,3.9272414493980534,-0.13240125079522613,-2.891879035707889,-3.0693298734909202,-0.17745083778303128,-39.479812959836025,4.946999580025332,adverse
UPS-FDX,2022-11-15 20:18:00+00:00,2022-11-15 20:59:00+00:00,1,-30.450172403158493,1.1200625397602408,326.5447473209204,260.628294640329,-291.91998962822726,176.565,181.22,176.4,181.53,4.037438947807658,3.525219560481986,-0.512219387325672,-2.9091699390173353,-3.145201539156218,-0.2360316001388827,-138.44721874499163,4.9483533445883054,adverse
MAR-HLT,2022-11-15 18:46:00+00:00,2022-11-16 14:30:00+00:00,1,13.600261705034976,0.7631435750005557,208.80980328904414,429.3781055391321,-327.6771424880992,138.79,160.68,136.725,160.62,2.56782866387573,0.5486172783757581,-2.019211385499972,-1.701456422710795,-3.922033300556245,-2.22057687784545,-872.5720705943339,5.566911205313817,adverse
UPS-FDX,2022-11-16 14:31:00+00:00,2022-11-16 14:32:00+00:00,1,-30.450172403158493,1.1200625397602408,326.5447473209204,256.26065125856536,-287.02795588928205,175.22,180.35,174.47,179.81,3.6668933573990614,3.5217271288695713,-0.14516622852949013,-2.9299664836976813,-3.093937783426771,-0.16397129972908964,-42.01640689239069,4.816014628676685,adverse
MAR-HLT,2022-11-16 14:31:00+00:00,2022-11-16 14:32:00+00:00,1,13.600261705034976,0.7631435750005557,208.80980328904414,421.94254880774565,-322.0027451419895,137.64,161.04,137.585,161.18,1.143096976875512,0.9812568763754541,-0.16184010050005782,-2.982121925696597,-3.197807721867915,-0.2156857961713179,-73.78489290628517,5.497668401984978,adverse
UPS-FDX,2022-11-16 14:36:00+00:00,2022-11-16 14:37:00+00:00,1,-30.450172403158493,1.1200625397602408,326.5447473209204,262.7060346172181,-294.24718834370304,174.42,179.75,174.16,179.715,3.5389308812551974,3.318133070146814,-0.22079781110838326,-2.992471907209978,-3.2435980289351587,-0.2511261217251808,-62.936593230551885,4.931675822106166,adverse
MAR-HLT,2022-11-16 14:34:00+00:00,2022-11-16 14:37:00+00:00,1,13.600261705034976,0.7631435750005557,208.80980328904414,427.24110852122016,-326.04630694408434,137.76,161.17,138.05,161.85,1.163888312125465,0.9349506811250876,-0.22893763100037745,-2.8726635312069906,-3.1367320150454376,-0.26406848383844705,-103.39912874132972,5.587561490512725,adverse
TMO-DHR,2022-11-16 14:32:00+00:00,2022-11-16 14:47:00+00:00,1,-69.87977519946801,0.6419927813953917,215.05846859345453,101.85797447866464,-65.39208434285874,270.66,548.5,268.36,542.09,-11.593265395904325,-9.778091667159856,1.815173728744469,-1.6642826169196596,-0.3995842742751122,1.2646983426445475,181.75076928516685,3.1391500516257365,mean_revert
XLF-KBE,2022-11-16 14:30:00+00:00,2022-11-16 15:29:00+00:00,1,16.457634015278234,0.9401219376076411,542.5293357874622,519.1142219531853,-488.0306681823116,49.07,35.44,48.72,35.32,-0.7055554840930327,-0.9427408515801119,-0.2371853674870792,-1.7488585905925103,-3.010548871844227,-1.2616902812517168,-125.25272190642735,2.1264244046879215,adverse
XLF-KBE,2022-11-16 15:38:00+00:00,2022-11-16 15:39:00+00:00,1,16.457634015278234,0.9401219376076411,542.5293357874622,506.45263409560255,-476.12723167245156,48.685,35.28,48.64,35.265,-0.9401359740758153,-0.9710341450116999,-0.03089817093588465,-2.924971644601293,-3.0946888684332166,-0.16971722383192356,-17.71968420658289,2.071224147366956,adverse
XLF-KBE,2022-11-16 15:43:00+00:00,2022-11-16 15:44:00+00:00,1,16.457634015278234,0.9401219376076411,542.5293357874622,506.39987009556825,-476.0776270785033,48.68,35.29,48.64,35.26,-0.9545371934518911,-0.9663335353236562,-0.011796341871765037,-2.959955251389505,-3.020300468461564,-0.060345217072058865,-8.044555332078481,2.0708893406118234,adverse
XLF-KBE,2022-11-16 15:47:00+00:00,2022-11-16 15:48:00+00:00,1,16.457634015278234,0.9401219376076411,542.5293357874622,506.5544250243593,-476.2229275576252,48.66,35.28,48.65,35.28,-0.965135974075821,-0.975135974075819,-0.00999999999999801,-2.9892403876010016,-3.0403622366921392,-0.051121849091137594,-7.137795133325991,2.072250883083405,adverse
XLF-KBE,2022-11-16 15:51:00+00:00,2022-11-16 15:53:00+00:00,1,16.457634015278234,0.9401219376076411,542.5293357874622,506.92235052244644,-476.56882238978216,48.62,35.24,48.55,35.2,-0.9675310965715127,-0.9999262190672056,-0.032395122495692874,-2.9793108670706148,-3.1502287073444304,-0.17091784027381562,-18.491126774279774,2.0693151332992556,adverse
XLF-KBE,2022-11-16 16:24:00+00:00,2022-11-16 16:25:00+00:00,1,16.457634015278234,0.9401219376076411,542.5293357874622,507.59635862808216,-477.20247219601566,48.545,35.23,48.53,35.22,-1.033129877195421,-1.0387286578193482,-0.005598780623927269,-2.9840288509881536,-3.0019559997512637,-0.01792714876311008,-4.913956775210538,2.0720361177482247,adverse
MAR-HLT,2022-11-16 14:38:00+00:00,2022-11-17 14:30:00+00:00,1,13.600261705034976,0.7631435750005557,208.80980328904414,426.63148004767254,-325.5810728913591,137.71,161.07,138.34,158.49,1.1902026696255348,3.789113093126957,2.5989104235014224,-2.742436882195991,3.146936569389733,5.889373451585724,1103.2459233301158,5.531077159617326,adverse
JPM-BAC,2022-11-16 14:42:00+00:00,2022-11-17 14:30:00+00:00,1,3.6059155142099195,0.25724197980333185,462.3506499853106,981.1054101865735,-252.38149811215416,37.43,132.91,36.94,132.03,-0.3659470498707549,-0.6295741076438262,-0.26362705777307127,-1.69760944357273,-3.044937038504842,-1.347327594932112,-262.12413080513045,3.4781981524019865,adverse
XLF-KBE,2022-11-16 16:26:00+00:00,2022-11-17 14:32:00+00:00,1,16.457634015278234,0.9401219376076411,542.5293357874622,507.55926809204277,-477.1676025694074,48.545,35.22,47.64,34.85,-1.0237286578193476,-1.580883540904523,-0.5571548830851754,-2.9109945159205632,-3.0454692698465533,-0.13447475392599006,-284.82959539669224,2.0404707240724385,adverse
JPM-BAC,2022-11-17 14:33:00+00:00,2022-11-17 14:34:00+00:00,1,3.6059155142099195,0.25724197980333185,462.3506499853106,598.4303707906006,-153.94141335661607,36.96,131.95,36.97,132.16,-0.5889947492595553,-0.6330155650182547,-0.04402081575869943,-2.677290418810718,-3.0340835810329883,-0.3567931622222704,-28.46683649685273,2.123443399866944,adverse
UPS-FDX,2022-11-16 15:28:00+00:00,2022-11-17 14:35:00+00:00,1,-30.450172403158493,1.1200625397602408,326.5447473209204,232.7825802773646,-260.73104807740714,172.42,179.2,169.06,174.51,2.154965278123342,4.048058589598867,1.8930933114755248,-2.8568475481006907,-0.26610450964793025,2.5907430384527603,436.4364258400133,4.242719911083979,mean_revert
SLB-HAL,2022-11-16 16:27:00+00:00,2022-11-17 14:37:00+00:00,-1,0.23291121324222872,0.6991272926786252,719.7262196222256,-670.5188988660693,468.7780624540879,38.52,53.95,36.84,51.98,0.5691713467459465,0.2664521133228419,-0.3027192334231046,1.6544927385583277,0.29915661261557264,-1.355336125942755,200.5255170644108,2.4534499960294744,mean_revert
JPM-BAC,2022-11-17 14:35:00+00:00,2022-11-17 14:38:00+00:00,1,3.6059155142099195,0.25724197980333185,462.3506499853106,531.205464661783,-136.6483454119459,37.01,132.17,36.93,132.02,-0.5955879848162908,-0.637001687845796,-0.0414137030295052,-2.7166468885938357,-3.0359609403848573,-0.31931405179102157,-23.8820719797152,1.8828866185622375,adverse
TMO-DHR,2022-11-16 18:34:00+00:00,2022-11-17 14:43:00+00:00,-1,-69.87977519946801,0.6419927813953917,215.05846859345453,-212.52194387059214,136.43755385303677,265.71,534.52,259.505,526.15,-7.568206311996789,-8.399726731717351,-0.8315204197205617,1.6504879758873299,0.3883614832788924,-1.2621264926084375,170.36947966690673,6.346856300195665,mean_revert
XLF-KBE,2022-11-17 14:42:00+00:00,2022-11-17 14:43:00+00:00,1,16.457634015278234,0.9401219376076411,542.5293357874622,256.7503936184657,-241.3766775301165,47.66,34.89,47.59,34.86,-1.5984884184088344,-1.6402847602805934,-0.04179634187175907,-2.9503236947715505,-3.0695034350915718,-0.11917974032002121,-11.762884337937209,1.0316571105501322,adverse
JPM-BAC,2022-11-17 14:39:00+00:00,2022-11-17 14:45:00+00:00,1,3.6059155142099195,0.25724197980333185,462.3506499853106,529.16293687803,-136.12292152104996,36.88,131.7,36.875,131.93,-0.6046842543087152,-0.6688499096634928,-0.06416565535477758,-2.762015343568679,-3.238678965718925,-0.4766636221502458,-35.82766565091795,1.873579016682474,adverse
JPM-BAC,2022-11-17 14:46:00+00:00,2022-11-17 14:47:00+00:00,1,3.6059155142099195,0.25724197980333185,462.3506499853106,651.8506786628228,-167.68335911537002,36.91,131.95,36.85,131.89,-0.6389947492595596,-0.6835602304713504,-0.044565481211790825,-2.9842857038919877,-3.3336760802656533,-0.34939037637366566,-31.3568619599662,2.3068227871225586,adverse
XLV-IHI,2022-11-17 14:30:00+00:00,2022-11-17 14:56:00+00:00,1,23.427189206601746,0.2021106789087966,725.4343359921826,1407.0415414171482,-284.3781211886995,51.01,132.48,50.51,131.97,0.8071880515608783,0.4102644978043628,-0.39692355375651545,-1.7795711702420534,-3.048306984360921,-1.2687358141188676,-563.9178813478526,5.42995244551264,adverse
MAR-HLT,2022-11-17 15:04:00+00:00,2022-11-17 16:26:00+00:00,-1,13.600261705034976,0.7631435750005557,208.80980328904414,-113.87482514965849,86.90284116727358,137.55,158.86,136.97,159.16,2.7167499703767533,1.9078068978765828,-0.8089430725001705,1.6525213081781536,0.39817910380897303,-1.2543422043691805,90.64680638693734,1.4714445500465994,mean_revert
TMO-DHR,2022-11-17 17:50:00+00:00,2022-11-17 18:49:00+00:00,1,-69.87977519946801,0.6419927813953917,215.05846859345453,64.74096500392493,-41.56323219309148,260.03,530.04,260.42,528.25,-10.372078651345419,-8.832911572647674,1.5391670786977443,-1.7071543860871543,-0.2049412472993222,1.5022131387878321,97.70638100154962,1.9407809756161356,mean_revert
TMO-DHR,2022-11-17 19:44:00+00:00,2022-11-17 20:23:00+00:00,1,-69.87977519946801,0.6419927813953917,215.05846859345453,65.21677537555114,-41.868699016988565,258.58,527.42,257.91,524.53,-10.140057564089432,-8.954698425856748,1.185359138232684,-1.665322014390525,-0.2825892620582752,1.3827327523322497,75.36622829585532,1.9390723616244698,mean_revert
MAR-HLT,2022-11-17 17:10:00+00:00,2022-11-17 20:57:00+00:00,-1,13.600261705034976,0.7631435750005557,208.80980328904414,-110.37466025622082,84.23171281740412,137.52,159.29,137.65,159.7,2.3585982331265143,2.1757093673762995,-0.1828888657502148,1.7372471980228914,0.3994898057790144,-1.337757392243877,18.754052595766787,1.4322438260604116,mean_revert
TMO-DHR,2022-11-17 20:51:00+00:00,2022-11-18 14:30:00+00:00,1,-69.87977519946801,0.6419927813953917,215.05846859345453,65.23259842473855,-41.87885730034655,258.86,528.255,265.91,541.97,-10.396121536554574,-12.151052533392487,-1.7549309968379134,-1.7182848394875372,-3.426116288064566,-1.7078314485770287,-116.48086320675627,2.002154226909553,adverse
JPM-BAC,2022-11-17 15:15:00+00:00,2022-11-18 14:30:00+00:00,1,3.6059155142099195,0.25724197980333185,462.3506499853106,617.4784412382347,-158.84137670999883,36.77,131.63,37.74,134.32,-0.6966773157224893,-0.41865824139345165,0.2780190743290376,-2.893172249098443,-0.17781407364525162,2.7153581754531912,169.43882414658967,2.231960504600901,mean_revert
XLV-IHI,2022-11-17 15:03:00+00:00,2022-11-18 14:30:00+00:00,1,23.427189206601746,0.2021106789087966,725.4343359921826,1623.2677086714352,-328.07973865031045,50.58,132.12,51.45,134.39,0.4499478959680445,0.8611566548450824,0.4112087588770379,-2.8065200266115773,-0.3629047020236233,2.443615324587954,661.1215118235393,6.380387984418028,mean_revert
SLB-HAL,2022-11-18 14:30:00+00:00,2022-11-18 14:31:00+00:00,1,0.23291121324222872,0.6991272926786252,719.7262196222256,1014.6611911240366,-709.3773315366168,35.9,51.32,35.44,51.19,-0.2121238735092703,-0.5812373254610463,-0.36911345195177603,-2.651532463261093,-4.467134637957139,-1.8156021746960462,-378.13872572803547,3.6136309107397633,adverse
MAR-HLT,2022-11-18 14:31:00+00:00,2022-11-18 14:38:00+00:00,-1,13.600261705034976,0.7631435750005557,208.80980328904414,-190.49969750469327,145.37862019025607,140.82,163.01,139.52,162.44,2.8197041341244358,1.95469597187477,-0.8650081622496657,1.854024453760895,-0.13588473940229567,-1.9899091931631907,162.27410220467502,2.509691042978,mean_revert
TMO-DHR,2022-11-18 14:52:00+00:00,2022-11-18 14:53:00+00:00,1,-69.87977519946801,0.6419927813953917,215.05846859345453,109.92464912645129,-70.57083123660298,262.49,537.32,262.66,538.19,-12.585786099903885,-12.974319819717891,-0.3885337198140064,-2.9403742909316772,-3.220527620462661,-0.2801533295309837,-46.0520990244855,3.3426662001390532,adverse
SLB-HAL,2022-11-18 14:56:00+00:00,2022-11-18 14:57:00+00:00,1,0.23291121324222872,0.6991272926786252,719.7262196222256,1601.9056438286627,-1119.935955896543,36.535,52.48,36.42,52.365,-0.3881115330164775,-0.4227118943584287,-0.034600361341951213,-2.9008804336037533,-3.034067047131995,-0.1331866135282418,-61.27585660612943,5.849342493938119,adverse
TMO-DHR,2022-11-18 15:04:00+00:00,2022-11-18 15:06:00+00:00,1,-69.87977519946801,0.6419927813953917,215.05846859345453,110.25148757441086,-70.7806591608755,261.39,536.45,261.46,537.01,-13.127252380089885,-13.416768337671272,-0.2895159575813864,-2.9812143244519866,-3.1369334453609508,-0.15571912090896411,-35.26137878573777,3.34181378585936,adverse
SLB-HAL,2022-11-18 15:13:00+00:00,2022-11-18 15:19:00+00:00,1,0.23291121324222872,0.6991272926786252,719.7262196222256,1765.7657627543074,-1234.4950372190265,36.3,52.22,36.19,52.2,-0.4413384369200344,-0.5373558910664613,-0.09601745414642693,-2.8655667748676925,-3.1717462455555627,-0.3061794706878702,-175.96151835344278,6.417185194845578,adverse
TMO-DHR,2022-11-18 15:08:00+00:00,2022-11-18 19:49:00+00:00,1,-69.87977519946801,0.6419927813953917,215.05846859345453,110.28668482253678,-70.80325554009733,261.2,535.74,259.6,532.0,-12.861437505299193,-12.06038450288031,0.8010530024188824,-2.694934978855908,-0.3673058915271123,2.3276290873287957,85.03059223754641,3.3148877663631167,mean_revert
XLF-KBE,2022-11-17 14:44:00+00:00,2022-11-21 14:30:00+00:00,1,16.457634015278234,0.9401219376076411,542.5293357874622,346.96867515074626,-326.1928631718758,47.61,34.85,48.11,35.36,-1.6108835409045241,-1.5903457290844187,0.02053781182010539,-2.962489328957603,,,5.714635227554123,1.4113421301629965,descreen
SLB-HAL,2022-11-18 15:22:00+00:00,2022-11-21 14:30:00+00:00,1,0.23291121324222872,0.6991272926786252,719.7262196222256,1760.7206080518804,-1230.9678318707738,36.34,52.32,35.53,51.82,-0.47125116618789065,-0.9316875198485803,-0.4604363536606897,-2.881228796216961,,,-817.0171343992215,6.31735781258134,descreen
MAR-HLT,2022-11-21 14:40:00+00:00,2022-11-21 14:49:00+00:00,1,2.881933412215795,0.83806303001355,157.59263416280442,314.4636830112902,-263.5403870136624,139.29,162.35,139.59,162.12,0.34853366508434647,0.8412881619874781,0.49275449690313167,-2.1278867057583986,-0.1058409376858296,2.022045768072569,150.62233626382022,4.331057652710047,mean_revert
JPM-BAC,2022-11-18 20:55:00+00:00,2022-11-21 14:55:00+00:00,1,3.6059155142099195,0.25724197980333185,462.3506499853106,1016.4771262181154,-261.48058837314926,37.135,133.48,37.445,133.98,-0.8075749783586517,-0.6261959682603191,0.18137901009833257,-1.733660455576724,-0.2133714323632273,1.520289023213497,180.71285717996986,3.6547577610735926,mean_revert
MAR-HLT,2022-11-21 16:15:00+00:00,2022-11-21 16:55:00+00:00,1,2.881933412215795,0.83806303001355,157.59263416280442,382.072992217454,-320.201249544103,138.19,160.86,138.64,161.05,0.4972475798045366,0.7880156041019575,0.2907680242974209,-1.7535817422562667,-0.3487013695755208,1.404880372680746,105.86765854046583,5.22695054400528,mean_revert
MAR-HLT,2022-11-21 17:04:00+00:00,2022-11-21 20:07:00+00:00,1,2.881933412215795,0.83806303001355,157.59263416280442,410.22777526108126,-343.79673233101937,138.22,160.89,137.66,160.24,0.5021056889041517,0.4868466584129294,-0.015259030491222347,-1.925047469165287,-0.3617727630854165,1.5632747060798704,-11.837775327609808,5.57809719655815,mean_revert
JPM-BAC,2022-11-22 14:30:00+00:00,2022-11-22 14:31:00+00:00,-1,3.9916301219895165,0.25296924386622477,337.1974838078665,-2227.3436922913916,563.4494496691585,37.63,133.92,37.69,134.09,-0.23927126055433234,-0.2222760320115995,0.016995228542732832,2.9234866945012246,3.153201012566297,0.22971431806507248,-45.82929111713681,7.975076023430001,adverse
XOM-CVX,2022-11-22 14:32:00+00:00,2022-11-22 14:35:00+00:00,-1,5.429978403049887,1.5800196870473202,773.3027255281314,-105.79711981122664,167.16153213464216,183.11,111.53,183.83,111.83,1.4604259005625124,1.7064199944483107,0.2459940938857983,2.654746162266913,3.207946607758871,0.5532004454919579,-27.93258455736663,1.9071179336757413,adverse
JPM-BAC,2022-11-22 14:34:00+00:00,2022-11-22 14:35:00+00:00,-1,3.9916301219895165,0.25296924386622477,337.1974838078665,-2241.7419638689844,567.0917695431227,37.64,133.93,37.74,134.26,-0.23180095299299808,-0.21528080346885048,0.016520149524147598,2.9599584057089428,3.1777638940366435,0.21780548832770075,-45.070966572443915,8.037054134763757,adverse
MAR-HLT,2022-11-22 14:30:00+00:00,2022-11-22 14:37:00+00:00,-1,2.881933412215795,0.83806303001355,157.59263416280442,-195.2416124194562,163.62477728898062,138.27,160.23,138.16,159.62,1.1052272887131096,1.5064457370213518,0.40121844830824216,2.0066012343783495,3.3473628726238047,1.3407616382454552,-80.98915518626987,2.654618406136958,adverse
MAR-HLT,2022-11-22 14:38:00+00:00,2022-11-22 14:39:00+00:00,-1,2.881933412215795,0.83806303001355,157.59263416280442,-197.03425464569725,165.12712446483442,138.06,159.84,138.51,160.09,1.2220718704183753,1.4625561129149673,0.24048424249659206,2.3393975784369427,3.141399187042064,0.8020016086051212,-50.06995427268046,2.686320798327543,adverse
MAR-HLT,2022-11-22 14:42:00+00:00,2022-11-22 14:44:00+00:00,-1,2.881933412215795,0.83806303001355,157.59263416280442,-196.45084997750388,164.63819458088423,138.47,160.09,138.615,160.19,1.4225561129149753,1.4837498099136326,0.06119369699865729,2.8909143484929727,3.031159620499706,0.1402452720067333,-14.70177513662976,2.6802213479771773,adverse
JPM-BAC,2022-11-22 14:36:00+00:00,2022-11-22 15:08:00+00:00,-1,3.9916301219895165,0.25296924386622477,337.1974838078665,-2219.5803697840133,561.4855678445774,37.71,134.22,37.655,133.82,-0.23516203371420374,-0.18897433616771053,0.04618769754649321,2.880468228427981,3.11407665672616,0.23360842829817896,-110.45312167537298,7.935814875658918,adverse
JPM-BAC,2022-11-22 15:10:00+00:00,2022-11-22 15:11:00+00:00,-1,3.9916301219895165,0.25296924386622477,337.1974838078665,-2217.9089625636775,561.0627532238565,37.645,133.82,37.655,133.81,-0.19897433616770854,-0.1864446437290539,0.01252969243865465,2.9534125159103044,3.0942663518432134,0.140853835932909,-35.7192756075768,7.929558449710975,adverse
JPM-BAC,2022-11-22 15:13:00+00:00,2022-11-22 15:14:00+00:00,-1,3.9916301219895165,0.25296924386622477,337.1974838078665,-2214.2904074514654,560.147370073232,37.69,133.98,37.71,133.95,-0.19444941518631254,-0.16686033787031818,0.02758907731599436,2.9590637655295264,3.283187860039612,0.3241240945100854,-69.01686082554903,7.926631574315207,adverse
JPM-BAC,2022-11-22 15:18:00+00:00,2022-11-22 15:20:00+00:00,-1,3.9916301219895165,0.25296924386622477,337.1974838078665,-2211.1130117643147,559.3435866887896,37.715,134.04,37.75,134.16,-0.1846275698182751,-0.17998387908222924,0.004643690736045869,2.988662852370778,3.0131938006199994,0.024530948249221307,-18.19327759829971,7.925552589213545,adverse
JPM-BAC,2022-11-22 15:21:00+00:00,2022-11-22 15:24:00+00:00,-1,3.9916301219895165,0.25296924386622477,337.1974838078665,-2209.0685073823706,558.8263899612081,37.74,134.13,37.725,134.03,-0.18239480176624312,-0.17209787737962046,0.010296924386622663,2.9679776236598876,3.0413140924644755,0.07333646880458788,-30.658441909755844,7.911830524375033,adverse
XOM-CVX,2022-11-22 15:43:00+00:00,2022-11-22 15:44:00+00:00,-1,5.429978403049887,1.5800196870473202,773.3027255281314,-104.59116564184636,165.25610080534452,185.29,112.49,185.27,112.35,2.1236070009970547,2.324809757183715,0.20120275618666028,2.9043128407137817,3.2156097524760137,0.31129691176223195,-22.941237209110568,1.8972064091972665,adverse
XOM-CVX,2022-11-22 15:49:00+00:00,2022-11-22 15:53:00+00:00,-1,5.429978403049887,1.5800196870473202,773.3027255281314,-104.60245631660663,165.2739402937458,185.27,112.435,185.26,112.35,2.190508083784664,2.3148097571836956,0.12430167339903164,2.9458806489668232,3.1005306420809275,0.15464999311410432,-14.899619274262466,1.8973589124608443,adverse
JPM-BAC,2022-11-22 15:25:00+00:00,2022-11-22 16:48:00+00:00,-1,3.9916301219895165,0.25296924386622477,337.1974838078665,-2208.504557783433,558.6837280575861,37.735,134.08,37.535,134.08,-0.17474633957293406,-0.3747463395729369,-0.20000000000000284,2.993449777715587,0.3908492712699051,-2.602600506445682,433.81068491497473,7.890226641718115,mean_revert
MAR-HLT,2022-11-22 14:45:00+00:00,2022-11-22 16:55:00+00:00,-1,2.881933412215795,0.83806303001355,157.59263416280442,-196.5076153751713,164.68576756205331,138.43,160.3,138.85,161.23,1.2065628766121392,0.8471642586995358,-0.3593986179126034,2.108411630981875,0.3767051028377877,-1.7317065281440873,67.93269694019293,2.6918684349436197,mean_revert
XOM-CVX,2022-11-22 15:57:00+00:00,2022-11-22 18:32:00+00:00,-1,5.429978403049887,1.5800196870473202,773.3027255281314,-104.60245631660663,165.2739402937458,185.27,112.38,185.83,113.66,2.2774091665722835,0.8149839671517043,-1.4624251994205792,2.984808435470519,0.3311465168915694,-2.6536619185789494,151.06210251313973,1.9111655255551079,mean_revert
JPM-BAC,2022-11-22 19:07:00+00:00,2022-11-25 17:23:00+00:00,1,3.9916301219895165,0.25296924386622477,337.1974838078665,1057.3779220368485,-267.4840934185015,37.455,134.59,37.795,136.78,-0.583760653944708,-0.7977632980117377,-0.21400264406702973,-1.680514542447639,-0.593243292480595,1.087271249967044,-230.10917473704382,3.8275036430582663,time_stop
XOM-CVX,2022-11-23 14:36:00+00:00,2022-11-25 20:24:00+00:00,1,5.429978403049887,1.5800196870473202,773.3027255281314,211.4534546988238,-334.1006213183103,184.07,113.39,183.7,113.12,-0.5184107173455459,-0.4618054018427813,0.0566053155027646,-1.7078994110948402,-0.39616451812552195,1.3117348929693182,8.137516421791624,3.8318730955850593,mean_revert
MAR-HLT,2022-11-25 15:03:00+00:00,2022-11-28 14:41:00+00:00,1,2.881933412215795,0.83806303001355,157.59263416280442,389.5487017681703,-326.46636534167754,138.72,163.26,136.76,160.71,-0.9841036922279613,-0.8070429656934266,0.17706072653453475,-2.9056876524905237,-0.3794504115101562,2.5262372409803677,63.68672165426149,5.287054501393798,mean_revert
UPS-FDX,2022-11-28 14:38:00+00:00,2022-11-28 15:19:00+00:00,-1,-40.29441895126864,1.1899063181659486,370.54592148900036,-127.48464269581208,151.69478181287525,176.0,180.99,176.09,182.22,0.9332744264136181,-0.44031034493050925,-1.3735847713441274,1.7446715674058986,0.28231832232564774,-1.4623532450802508,172.6064340934991,2.5045296937123838,mean_revert
UPS-FDX,2022-11-29 14:31:00+00:00,2022-11-29 14:41:00+00:00,1,-40.29441895126864,1.1899063181659486,370.54592148900036,115.43421443903202,-137.35590109352717,175.22,183.44,176.7,183.29,-2.761996053092986,-1.1035101053680592,1.6584859477249267,-2.5748267641300298,-0.29498623464793616,2.279840529482094,189.16736309365558,2.2786594401404776,mean_revert
XLF-KBE,2022-11-28 15:01:00+00:00,2022-11-29 15:07:00+00:00,1,22.485338407487585,0.7496761088945171,501.7786937667115,551.6720380086633,-413.57534684024284,48.72,35.83,48.66,35.645,-0.6262333891781324,-0.5475433090326476,0.07869008014548484,-1.6619146176305102,-0.3921922412482686,1.2697223763822416,41.33180415454077,2.0793127303811008,mean_revert
MAR-HLT,2022-11-28 16:07:00+00:00,2022-11-29 15:13:00+00:00,-1,3.6571747789706244,0.8334297175981004,167.03860564399204,-363.3351810412596,302.8143373286717,137.42,160.23,137.75,159.77,0.2223815702857621,0.9357592403808894,0.7133776700951273,1.8917789844782984,1.529321338753228,-0.36245764572507033,-264.1167083079747,4.92150339317177,time_stop
UPS-FDX,2022-11-29 15:11:00+00:00,2022-11-29 16:14:00+00:00,1,-40.29441895126864,1.1899063181659486,370.54592148900036,129.05368746923813,-153.56179810226016,175.57,183.22,176.435,183.1,-2.150216663096444,-1.1424279049165307,1.0077887581799132,-1.7748218654268517,-0.3201132750429114,1.4547085903839403,127.51451780410612,2.5443376290579427,mean_revert
MAR-HLT,2022-11-29 15:20:00+00:00,2022-11-29 18:05:00+00:00,-1,3.6571747789706244,0.8334297175981004,167.03860564399204,-197.46067288823906,164.56959284197595,138.11,160.06,138.8,161.5,1.0540646222774512,0.5439258289361817,-0.5101387933412695,1.665614099730954,0.3312065737533428,-1.3344075259776114,98.03307286751712,2.699276532043335,mean_revert
UPS-FDX,2022-11-30 14:31:00+00:00,2022-11-30 14:42:00+00:00,1,-40.29441895126864,1.1899063181659486,370.54592148900036,125.2939130811435,-149.08801880298785,178.19,185.59,177.02,185.17,-2.350294637149773,-3.020533983520039,-0.6702393463702663,-2.2693164078251953,-3.150416973331486,-0.8811005655062907,-86.46621825444774,2.489307846768664,adverse
XLF-KBE,2022-11-30 14:40:00+00:00,2022-11-30 14:57:00+00:00,1,22.485338407487585,0.7496761088945171,501.7786937667115,593.6169000491933,-445.0204078029047,48.14,35.465,47.69,35.255,-0.9326016094316358,-1.2251696265637904,-0.2925680171321545,-1.8302757539980559,-3.0352270954870355,-1.2049513414889796,-175.87325860555015,2.1999392220218716,adverse
XLF-KBE,2022-11-30 14:58:00+00:00,2022-11-30 14:59:00+00:00,1,22.485338407487585,0.7496761088945171,501.7786937667115,598.5906486880638,-448.7491083291125,47.74,35.28,47.68,35.25,-1.1939115292861473,-1.2314212460193161,-0.03750971673316883,-2.882233096147145,-3.0360929400941057,-0.1538598439469605,-24.670926081313702,2.217960409902405,adverse
UPS-FDX,2022-11-30 14:46:00+00:00,2022-11-30 16:20:00+00:00,1,-40.29441895126864,1.1899063181659486,370.54592148900036,109.3543833545508,-130.12147167272124,177.26,185.11,179.29,185.44,-2.7091396044301064,-1.0718086894248984,1.637330915005208,-2.6468820541607965,-0.2218643234180339,2.4250177307427627,176.862518902811,2.186793654931342,mean_revert
MAR-HLT,2022-11-30 15:16:00+00:00,2022-11-30 17:21:00+00:00,-1,3.6571747789706244,0.8334297175981004,167.03860564399204,-175.2226798429461,146.0357885782889,139.18,160.09,138.39,160.18,2.099061730749497,1.2340530561656635,-0.8650086745838337,2.988371597814045,0.36236604410419526,-2.6260055537098497,149.1870840840807,2.3820539638967815,mean_revert
XLF-KBE,2022-11-30 15:01:00+00:00,2022-11-30 18:38:00+00:00,1,22.485338407487585,0.7496761088945171,501.7786937667115,599.0926114961879,-449.1254178539168,47.7,35.21,48.44,35.6,-1.181434201663528,-0.7338078841323963,0.4476263175311317,-2.7880995093033207,-0.22006980351173525,2.5680297057915853,265.91917399532446,2.250445548823739,mean_revert
XOM-CVX,2022-11-29 14:49:00+00:00,2022-11-30 18:51:00+00:00,-1,-8.638480431321906,1.7093096494695534,519.6655331911564,-191.20180061213122,326.82308278226947,179.94,110.27,181.08,110.84,0.09290538431426398,0.2585988841166227,0.1656934998023587,1.6796620498386643,0.39823713131084465,-1.2814249185278197,-35.22329013945797,3.542394627521573,mean_revert
UPS-FDX,2022-11-30 19:38:00+00:00,2022-11-30 20:29:00+00:00,-1,-40.29441895126864,1.1899063181659486,370.54592148900036,-262.63138811297483,312.50674806432215,181.97,186.53,182.13,187.51,0.31119342377425596,-0.6949147680283545,-1.0061081918026105,1.682591376793674,0.3559616889769727,-1.3266296878167012,258.91403125262957,5.3215597523278575,mean_revert
XOM-CVX,2022-11-30 20:54:00+00:00,2022-12-01 14:30:00+00:00,-1,-8.638480431321906,1.7093096494695534,519.6655331911564,-101.0672822254925,172.75528075369704,182.6,111.19,184.11,111.48,1.1803405068022528,2.1946407084560917,1.014300201653839,1.8216528349761154,3.513953228669614,1.6923003936934984,-104.40587754337028,1.8933128014478786,adverse
UPS-FDX,2022-11-30 20:57:00+00:00,2022-12-01 14:30:00+00:00,1,-40.29441895126864,1.1899063181659486,370.54592148900036,125.0487549144412,-148.79630355147881,182.585,189.28,181.99,189.45,-2.346048951182098,-3.1433330252702945,-0.7972840740881963,-1.9457297476936577,-3.0655792314886976,-1.11984948379504,-102.24673490857727,2.5473541307353407,adverse
XLF-KBE,2022-11-30 20:48:00+00:00,2022-12-01 14:31:00+00:00,-1,22.485338407487585,0.7496761088945171,501.7786937667115,-1217.1254608440263,912.4498795219955,49.27,36.205,49.79,36.47,-0.35736193001357464,-0.03602609887062869,0.32133583114294595,1.80246735398483,3.408259555825616,1.605792201840786,-395.799907755639,4.693886190079562,adverse
XOM-CVX,2022-12-01 14:31:00+00:00,2022-12-01 14:33:00+00:00,-1,-8.638480431321906,1.7093096494695534,519.6655331911564,-100.1676385930033,171.2175112115994,184.24,111.83,184.23,111.7,1.7263823311417639,1.9385925855727635,0.2122102544309996,2.709748860754064,3.048909044297518,0.33916018354345434,-23.135544074591408,1.8789440030162323,adverse
UPS-FDX,2022-12-01 14:35:00+00:00,2022-12-01 14:36:00+00:00,1,-40.29441895126864,1.1899063181659486,370.54592148900036,125.29923672513033,-149.09435344060344,182.22,189.64,182.58,190.11,-3.1394152257218195,-3.3386711952598773,-0.1992559695380578,-2.9625340348020655,-3.224793431097269,-0.26225939629520356,-27.52769400473243,2.561073108693371,adverse
UPS-FDX,2022-12-01 14:45:00+00:00,2022-12-01 14:48:00+00:00,1,-40.29441895126864,1.1899063181659486,370.54592148900036,125.6647416811781,-149.52927009712565,181.69,189.3,182.03,189.67,-3.2648470775454257,-3.3651124152667933,-0.10026533772136759,-2.9785248858954034,-3.0758956742668198,-0.09737078837141633,-15.161616243709272,2.5617984793773334,adverse
UPS-FDX,2022-12-01 14:51:00+00:00,2022-12-01 14:58:00+00:00,1,-40.29441895126864,1.1899063181659486,370.54592148900036,124.8948466498181,-148.61316713498582,182.81,190.14,182.86,190.48,-3.1443683848048067,-3.498936532981247,-0.35456814817644045,-2.742421076849652,-3.126424465883644,-0.384003389033992,-46.841039880116256,2.5573053867128914,adverse
UPS-FDX,2022-12-01 15:01:00+00:00,2022-12-01 15:13:00+00:00,1,-40.29441895126864,1.1899063181659486,370.54592148900036,125.23738092289642,-149.02075083071009,182.31,189.7,181.07,189.29,-3.120809604811768,-3.8729480143637716,-0.7521384095520034,-2.595363195016475,-3.4012012606595654,-0.8058380656430906,-96.74008802822478,2.544243524422698,adverse
MAR-HLT,2022-12-01 14:37:00+00:00,2022-12-01 15:30:00+00:00,1,3.6571747789706244,0.8334297175981004,167.03860564399204,502.4018634891905,-418.7166432085554,142.96,166.66,142.03,164.67,0.4034284861299966,1.1319536241502135,0.7285251380202169,-1.7651737961405363,-0.3999985558811943,1.365175240259342,358.9970766246524,7.015310315426127,mean_revert
UPS-FDX,2022-12-01 16:37:00+00:00,2022-12-01 16:50:00+00:00,1,-40.29441895126864,1.1899063181659486,370.54592148900036,126.03238527298106,-149.96673152984522,181.16,190.47,181.1,190.68,-5.187037469799606,-5.49691779661444,-0.30988032681483446,-2.992285806117907,-3.058209222365336,-0.06592341624742915,-41.62596280470023,2.5710060670523878,adverse
MAR-HLT,2022-12-01 20:32:00+00:00,2022-12-01 20:53:00+00:00,1,3.6571747789706244,0.8334297175981004,167.03860564399204,528.9124724245573,-440.81137252691184,142.16,165.31,142.38,165.17,0.7285586048874109,1.065238765351154,0.33668016046374305,-1.8280157045921264,-0.21709340467508007,1.6109222999170463,170.66856747597222,7.405768611203926,mean_revert
XLF-KBE,2022-12-01 14:33:00+00:00,2022-12-02 14:30:00+00:00,-1,22.485338407487585,0.7496761088945171,501.7786937667115,-1201.0838534420302,900.4238697044536,49.61,36.36,48.76,35.75,-0.1335617268922249,-0.5262593004665703,-0.3926975735743454,2.899920443837629,0.2955215355519711,-2.604398908285658,467.12496480422277,4.5377501017883795,mean_revert
MAR-HLT,2022-12-02 14:37:00+00:00,2022-12-02 14:42:00+00:00,1,3.6571747789706244,0.8334297175981004,167.03860564399204,427.1464139390805,-355.9965151422891,140.88,163.79,140.28,162.68,0.7153717756365268,1.0404787621704088,0.32510698653388204,-1.7752594872211949,-0.2624727226005712,1.5127867646206237,132.97660284295372,5.891680601536091,mean_revert
XOM-CVX,2022-12-01 14:34:00+00:00,2022-12-02 14:59:00+00:00,-1,-8.638480431321906,1.7093096494695534,519.6655331911564,-100.61544942958746,171.9829585957097,183.42,111.31,182.55,111.23,1.7952233488659033,1.0619681208234795,-0.7332552280424238,2.7978863868546093,0.36805359659657555,-2.429832790258034,71.9019535771836,1.874850738898599,mean_revert
XOM-CVX,2022-12-02 15:49:00+00:00,2022-12-02 16:20:00+00:00,-1,-8.638480431321906,1.7093096494695534,519.6655331911564,-100.94566094724281,172.547392329204,182.82,110.91,182.03,110.91,1.8789472086537273,1.0889472086537353,-0.789999999999992,1.6632381181197358,0.2577004407362179,-1.405537677383518,77.87145365104809,1.8756184972729315,mean_revert
MAR-HLT,2022-12-02 16:16:00+00:00,2022-12-02 16:51:00+00:00,1,3.6571747789706244,0.8334297175981004,167.03860564399204,427.9423448390825,-356.6598676075054,140.89,163.88,141.1,164.43,0.650363101052676,0.40197675637372754,-0.2483863446789485,-1.9509284813008636,-3.0656312236871095,-1.114702742386246,-112.24644711229612,5.951412344374834,adverse
MAR-HLT,2022-12-02 16:54:00+00:00,2022-12-02 16:55:00+00:00,1,3.6571747789706244,0.8334297175981004,167.03860564399204,429.6677128304859,-358.09784056533357,141.18,164.52,141.16,164.54,0.4069680817899268,0.37029948743796126,-0.03666859435196557,-2.9741428294388235,-3.111708747142501,-0.13756591770367743,-21.73397671940284,5.978665651488569,adverse
MAR-HLT,2022-12-02 17:03:00+00:00,2022-12-02 17:06:00+00:00,1,3.6571747789706244,0.8334297175981004,167.03860564399204,429.46403728292813,-357.92809131125085,141.21,164.62,141.17,164.65,0.35362511003012287,0.2886222185021552,-0.06500289152796768,-2.92760918334466,-3.118658690754038,-0.1910495074093781,-33.89441914954527,5.978014918881421,adverse
MAR-HLT,2022-12-02 17:11:00+00:00,2022-12-02 17:13:00+00:00,1,3.6571747789706244,0.8334297175981004,167.03860564399204,429.43917890676227,-357.907373601823,141.165,164.61,141.15,164.68,0.3169594072060704,0.24361932697422617,-0.07334008023184424,-2.834651216785206,-3.0548979325948586,-0.22024671580965283,-37.47288015509263,5.977776319371886,adverse
MAR-HLT,2022-12-02 17:15:00+00:00,2022-12-02 17:16:00+00:00,1,3.6571747789706244,0.8334297175981004,167.03860564399204,429.61289014943736,-358.0521497137493,141.05,164.51,141.06,164.7,0.28530237896592325,0.13695073262226742,-0.14835164634365583,-2.8324073454180647,-3.344620478570256,-0.5122131331521911,-69.7123987112378,5.978619167116706,adverse
MAR-HLT,2022-12-02 17:23:00+00:00,2022-12-02 17:25:00+00:00,1,3.6571747789706244,0.8334297175981004,167.03860564399204,430.2511879730765,-358.58412608864836,140.74,164.28,140.8,164.43,0.16699121401347838,0.10197675637374459,-0.06501445763973379,-2.9694312898586603,-3.1244956429623802,-0.1550643531037199,-33.949615390882,5.977067755968282,adverse
UPS-FDX,2022-12-01 16:51:00+00:00,2022-12-02 18:25:00+00:00,1,-40.29441895126864,1.1899063181659486,370.54592148900036,125.81015492645608,-149.70229823642694,181.48,190.86,180.44,189.01,-5.331100933884358,-4.169774245277324,1.1613266886070335,-2.9172894092452677,-0.386605701315023,2.530683707930245,143.5568698266501,2.549820787229839,mean_revert
XOM-CVX,2022-12-02 18:13:00+00:00,2022-12-05 14:30:00+00:00,-1,-8.638480431321906,1.7093096494695534,519.6655331911564,-102.282800722579,174.83297824987568,180.43,109.47,182.58,110.96,1.9503531038899098,1.55348172618028,-0.39687137770962977,1.6627610727423863,-0.2296730624811247,-1.892434135223511,38.68940298764168,1.9037130511267337,mean_revert
IYR-VNQ,2022-12-05 14:30:00+00:00,2022-12-05 14:31:00+00:00,1,0.8282124496793757,0.9777954453755967,105.21849734291308,604.4432013468644,-591.0218092652087,86.5,87.65,86.5,87.68,-0.03198323685042226,-0.061317100211695674,-0.029333863361273416,-2.128958789869894,-4.234911092589289,-2.1059523027193956,-22.935910735600796,5.205256457643864,adverse
IYR-VNQ,2022-12-05 14:32:00+00:00,2022-12-05 14:33:00+00:00,1,0.8282124496793757,0.9777954453755967,105.21849734291308,603.8516336249405,-590.4433770410803,86.56,87.71,86.58,87.75,-0.030650963572952605,-0.04976278138798307,-0.019111817815030463,-1.935178322061312,-3.285083282943408,-1.349904960882096,-16.745346447880607,5.204644038730107,adverse
MAR-HLT,2022-12-02 17:28:00+00:00,2022-12-05 14:37:00+00:00,1,3.6571747789706244,0.8334297175981004,167.03860564399204,429.7223383254937,-358.1433670762116,140.86,164.42,141.29,164.43,0.17031105354973874,0.5919767563737253,0.4216657028239865,-2.794308347651471,0.1370639928713884,2.9313723405228598,175.21892265766647,5.980249151517523,mean_revert
IYR-VNQ,2022-12-05 14:35:00+00:00,2022-12-05 14:46:00+00:00,1,0.8282124496793757,0.9777954453755967,105.21849734291308,602.6726471328976,-589.2905694190015,86.71,87.88,86.76,87.89,-0.046876189286805925,-0.006654143740561835,0.04022204554624409,-2.974265424500335,-0.02294087309236033,2.9513245514079745,19.036695311884394,5.204031350574312,mean_revert
IYR-VNQ,2022-12-05 15:04:00+00:00,2022-12-05 15:11:00+00:00,-1,0.8282124496793757,0.9777954453755967,105.21849734291308,-212.64285821181932,207.92121825116573,86.67,87.77,86.58,87.71,0.020681309704514206,-0.010650963572956584,-0.03133227327747079,2.168208196566881,-0.19066450351331007,-2.358872700080191,4.8302147081545925,1.8323694358394533,mean_revert
XLF-KBE,2022-12-05 14:44:00+00:00,2022-12-05 15:14:00+00:00,1,24.971315546826993,0.6745487254541976,499.71864228488397,618.8680373039116,-417.4566457876944,48.14,35.56,47.6,35.43,-0.818268223978265,-1.270576889669215,-0.45230866569094985,-1.718256399925618,-3.054623413979909,-1.336367014054291,-282.13180656850653,2.2124303767962106,adverse
IYR-VNQ,2022-12-05 15:21:00+00:00,2022-12-05 15:27:00+00:00,1,0.8282124496793757,0.9777954453755967,105.21849734291308,303.00064923693674,-296.27265476972553,86.525,87.69,86.66,87.79,-0.04609505466544306,-0.008874599203011257,0.0372204554624318,-2.904056592979734,0.02136048302706386,2.9254170760067977,8.664431538753266,2.613390631255357,mean_revert
IYR-VNQ,2022-12-05 15:28:00+00:00,2022-12-05 15:32:00+00:00,1,0.8282124496793757,0.9777954453755967,105.21849734291308,303.02028787251066,-296.2918573381431,86.53,87.68,86.53,87.7,-0.03131710021169454,-0.050873009119200674,-0.019555908907506137,-1.708050540975105,-3.086709646766582,-1.378659105791477,-8.536094216669857,2.610257069908175,adverse
IYR-VNQ,2022-12-05 15:33:00+00:00,2022-12-05 15:36:00+00:00,1,0.8282124496793757,0.9777954453755967,105.21849734291308,302.6720717514784,-295.9513732009914,86.61,87.78,86.71,87.9,-0.04909664474925535,-0.06643209819432627,-0.017335453445070925,-2.9045674215620223,-3.977510123708817,-1.0729427021467948,-7.85989866127108,2.6129410522968914,adverse
IYR-VNQ,2022-12-05 15:37:00+00:00,2022-12-05 15:50:00+00:00,1,0.8282124496793757,0.9777954453755967,105.21849734291308,302.0499010184809,-295.34301749202046,86.77,87.94,86.79,87.92,-0.04554391600935048,-0.005988007101834114,0.03955590890751637,-2.4692767476465303,0.34049661924045516,2.8097733668869855,9.338784919847324,2.60907345036462,mean_revert
XOM-CVX,2022-12-05 15:46:00+00:00,2022-12-05 15:53:00+00:00,-1,-26.480639062939343,1.87306269025836,251.50281726596384,-47.47532148415236,88.92425337998694,180.09,109.22,180.05,108.94,1.994732032921263,2.4791895861935984,0.4844575532723354,1.8085124452923906,3.144180591262126,1.3356681459697353,-23.911545076852597,0.9117669898218704,adverse
XOM-CVX,2022-12-05 15:54:00+00:00,2022-12-05 15:57:00+00:00,-1,-26.480639062939343,1.87306269025836,251.50281726596384,-44.675965471635635,83.68088407619145,179.99,108.95,179.89,108.83,2.400458959291001,2.525226482122008,0.12476752283100723,2.894158811780718,3.1925414171393554,0.29838260535863714,-6.431297044113997,0.8571875021352225,adverse
MAR-HLT,2022-12-05 15:50:00+00:00,2022-12-05 16:02:00+00:00,1,1.2641109486936886,0.8494841107037999,168.25486369696375,193.8147854278196,-164.64258064039913,140.5,164.51,140.81,164.23,-0.5127420005757983,0.035113550421272066,0.5478555509970704,-1.790005939803683,-0.39210959506150017,1.3978963447421828,103.46599051420327,2.7165155477332013,mean_revert
IYR-VNQ,2022-12-05 15:56:00+00:00,2022-12-05 16:12:00+00:00,1,0.8282124496793757,0.9777954453755967,105.21849734291308,275.80115563731584,-269.6771138114935,86.87,88.04,87.17,88.32,-0.04332346054690106,-0.017106185252060868,0.026217275294840192,-2.012769245192067,-0.31939075871024697,1.6933784864818202,4.837781352542514,2.3929734714367963,mean_revert
XOM-CVX,2022-12-05 16:14:00+00:00,2022-12-05 16:17:00+00:00,-1,-26.480639062939343,1.87306269025836,251.50281726596384,-42.52046522397083,79.64349698344785,179.815,108.77,179.51,108.47,2.562610243537506,2.8195290506150172,0.25691880707751125,2.854760271760536,3.4349542102210675,0.5801939384605315,-11.737896143230211,0.8135889415074795,adverse
IYR-VNQ,2022-12-05 16:26:00+00:00,2022-12-05 16:36:00+00:00,1,0.8282124496793757,0.9777954453755967,105.21849734291308,261.94849799048455,-256.13204825807446,86.95,88.12,86.78,87.92,-0.04154709617695573,-0.01598800710183923,0.025559089075116503,-1.774818726060834,-0.1651953993843241,1.6096233266765099,4.432613976309593,2.262551016923208,mean_revert
IYR-VNQ,2022-12-05 16:39:00+00:00,2022-12-05 17:18:00+00:00,1,0.8282124496793757,0.9777954453755967,105.21849734291308,262.414417420612,-256.58762215476503,86.8,87.97,86.54,87.68,-0.04487777937060855,-0.02131710021168942,0.02356067915891913,-1.8158698136278828,-0.19461883404307798,1.621250979584805,3.922314575817605,2.260347319705478,mean_revert
XLE-OIH,2022-12-05 16:05:00+00:00,2022-12-05 18:59:00+00:00,-1,-240.78349322895136,5.979529447687584,146.56946249667598,-10.910047777399242,65.23695196063724,303.55,89.33,294.96,87.6,10.182127667019415,11.936713611518996,1.7545859444995813,1.6863282677484859,3.014031940741512,1.327703672993026,-19.589255718251522,0.44663923420867513,adverse
XLE-OIH,2022-12-05 19:00:00+00:00,2022-12-05 19:13:00+00:00,-1,-240.78349322895136,5.979529447687584,146.56946249667598,-8.300762302158589,49.63465262401227,295.18,87.67,295.48,87.6,11.73814655018083,12.456713611519035,0.7185670613382058,2.7791103508420485,3.059259233860533,0.2801488830184846,-6.304689615074161,0.3400352407452648,adverse
XLE-OIH,2022-12-05 19:14:00+00:00,2022-12-05 19:20:00+00:00,-1,-240.78349322895136,5.979529447687584,146.56946249667598,-8.28168562609222,49.52058307770941,295.16,87.61,294.05,87.31,12.076918317042157,12.76077715134835,0.6838588343061929,2.6839236550718355,3.103636588644133,0.41971293357229733,-6.001447466693566,0.33794358834336125,adverse
XLE-OIH,2022-12-05 19:23:00+00:00,2022-12-05 19:24:00+00:00,-1,-240.78349322895136,5.979529447687584,146.56946249667598,-8.328964664601315,49.80328948073291,293.43,87.22,293.54,87.21,12.678934801640196,12.848730096117208,0.16979529447701225,2.907407058166555,3.0112043996615268,0.10379734149497155,-1.7536304660769315,0.3394114581630894,adverse
MAR-HLT,2022-12-05 18:06:00+00:00,2022-12-05 19:40:00+00:00,-1,1.2641109486936886,0.8494841107037999,168.25486369696375,-64.99035188275765,55.20827127345141,140.43,163.13,139.23,162.095,0.5895460721954464,0.2687621267738507,-0.3207839454215957,1.7117189927276095,0.311273569773564,-1.4004454229540455,19.94798192005294,0.8998795712353227,mean_revert
XLE-OIH,2022-12-05 19:25:00+00:00,2022-12-05 20:48:00+00:00,-1,-240.78349322895136,5.979529447687584,146.56946249667598,-8.344948477219077,49.89886515896713,292.85,87.13,292.57,87.46,12.637092451932176,10.383847734195285,-2.253244717736891,2.8044521310589565,0.3188880063723244,-2.4855641246866322,18.462929259941497,0.3402818161391625,mean_revert
UPS-FDX,2022-12-05 15:51:00+00:00,2022-12-06 14:35:00+00:00,-1,-23.423967961842536,1.091730714561001,421.53288991574107,-134.70051132078498,147.05668547597278,179.11,184.41,176.03,177.75,1.2079068896483705,5.398833448624629,4.190926558976258,1.655285885110103,3.035000080684685,1.3797141955745817,-567.0124832445164,2.492532842557597,adverse
IYR-VNQ,2022-12-05 19:02:00+00:00,2022-12-06 14:35:00+00:00,1,0.8282124496793757,0.9777954453755967,105.21849734291308,95.0966667409108,-92.98508760966358,85.87,87.03,86.09,87.25,-0.05575006071754274,-0.05086505870018243,0.004885002017360307,-1.6803290113485945,-0.3222771110622002,1.3580519002863942,-0.35044363780901977,0.8149910466834079,mean_revert
XOM-CVX,2022-12-05 16:20:00+00:00,2022-12-06 14:42:00+00:00,-1,-26.480639062939343,1.87306269025836,251.50281726596384,-42.64230289882116,79.87170658647783,179.25,108.45,176.24,105.96,2.5969903044201885,4.250916403163529,1.6539260987433408,2.811834506087257,3.248713661528287,0.4368791554410296,-71.32614194951881,0.7989242746395715,adverse
XOM-CVX,2022-12-06 14:43:00+00:00,2022-12-06 14:47:00+00:00,-1,-26.480639062939343,1.87306269025836,251.50281726596384,-35.68821846656415,66.84627049151074,176.63,106.28,176.81,106.32,4.0415363422808355,4.146613834670518,0.10507749238968245,2.9322726274951325,3.011194737126041,0.07892210963090829,-4.420884973608425,0.6708564692865315,adverse
XLE-OIH,2022-12-06 14:39:00+00:00,2022-12-06 14:49:00+00:00,-1,-240.78349322895136,5.979529447687584,146.56946249667598,-1.501728042157857,8.979627050501128,297.5,87.92,294.43,87.81,12.563264188258927,10.151012427504554,-2.4122517607543728,1.668434432007582,0.055038213945538934,-1.613396218062043,3.5610133719316392,0.061532741937852097,mean_revert
MS-GS,2022-12-05 18:51:00+00:00,2022-12-06 14:53:00+00:00,-1,-146.73769596588346,5.8724512839243035,711.0281394647117,-13.9868057638788,82.1368354660899,370.07,89.455,365.85,88.08,-8.512433637565096,-4.657813122169102,3.854620515395993,1.8071579734019043,3.017497678280423,1.2103397048785187,-54.53141271013391,0.6175842678284129,adverse
MS-GS,2022-12-06 14:58:00+00:00,2022-12-06 15:04:00+00:00,-1,-146.73769596588346,5.8724512839243035,711.0281394647117,-10.119700254097486,59.42744675010388,365.97,88.19,365.61,87.95,-5.18378276340087,-4.1343944552590415,1.049388308141829,2.7588059069366855,3.0601619913978317,0.30135608446114626,-11.065820506128006,0.4463253775786109,adverse
IYR-VNQ,2022-12-06 15:28:00+00:00,2022-12-06 15:34:00+00:00,-1,0.8282124496793757,0.9777954453755967,105.21849734291308,-220.75820873846442,215.85637103374577,85.78,86.88,85.7,86.85,0.0009192560887925083,-0.04974688054993237,-0.05066613663872488,2.6011137064032557,-0.1767842924491181,-2.777897998852374,9.301660352405799,1.883305215658361,mean_revert
XLE-OIH,2022-12-06 15:04:00+00:00,2022-12-06 15:38:00+00:00,-1,-240.78349322895136,5.979529447687584,146.56946249667598,-9.152532535611769,54.727837817609284,296.41,87.64,293.41,86.62,13.147532433611502,16.24665247025274,3.0991200366412386,1.868498904756475,3.08155564922362,1.213056744467145,-28.736095461277706,0.3712984941517583,adverse
MS-GS,2022-12-06 15:43:00+00:00,2022-12-06 15:45:00+00:00,-1,-146.73769596588346,5.8724512839243035,711.0281394647117,-12.801391144265633,75.17554586115992,363.24,87.28,364.11,87.3,-2.5698520950297166,-1.8173011207082368,0.7525509743214798,2.921267104281604,3.1171462991680134,0.19587919488640937,-10.19489636244915,0.561196984160891,adverse
MAR-HLT,2022-12-06 15:22:00+00:00,2022-12-06 15:59:00+00:00,1,1.2641109486936886,0.8494841107037999,168.25486369696375,116.00549193478321,-98.54482215297615,138.02,161.31,137.61,160.23,-0.27439284632365,0.23304999323647735,0.5074428395601274,-1.8016659090239246,-0.15551246881191474,1.64615344021201,57.27848860201892,1.5876676299358443,mean_revert
XLE-OIH,2022-12-06 15:41:00+00:00,2022-12-06 16:14:00+00:00,-1,-240.78349322895136,5.979529447687584,146.56946249667598,-9.225285910674048,55.16286876621284,293.0,86.62,294.3,86.39,15.836652470252716,18.511944243220967,2.675291772968251,2.7493245295038684,3.114065018934763,0.36474048943089477,-25.054357593916762,0.374026093811225,adverse
XLE-OIH,2022-12-06 16:16:00+00:00,2022-12-06 16:17:00+00:00,-1,-240.78349322895136,5.979529447687584,146.56946249667598,-8.747623868901442,52.30667452139097,293.8,86.34,293.6,86.255,18.310920715605278,18.619180718658754,0.30826000305347634,2.9574247587883167,3.0531926620928918,0.09576790330457507,-3.050543289476061,0.35400072893760204,adverse
IYR-VNQ,2022-12-06 16:21:00+00:00,2022-12-06 16:22:00+00:00,1,0.8282124496793757,0.9777954453755967,105.21849734291308,210.06539091778427,-205.4009824704537,85.73,86.915,85.79,86.935,-0.0833035844993617,-0.04285949340686557,0.04044409109249614,-2.0076106002339977,0.3216918107735873,2.329302411007585,6.702001590763998,1.7939022148952803,mean_revert
IYR-VNQ,2022-12-06 16:44:00+00:00,2022-12-06 16:45:00+00:00,1,0.8282124496793757,0.9777954453755967,105.21849734291308,100.06895949332196,-97.84697281604528,85.71,86.91,85.72,86.87,-0.0984146072724883,-0.0493027894574567,0.0491118178150316,-2.883668795931254,0.07609649386226038,2.9597652897935145,4.060674620759893,0.8538938868148707,mean_revert
MS-GS,2022-12-06 15:47:00+00:00,2022-12-06 16:54:00+00:00,-1,-146.73769596588346,5.8724512839243035,711.0281394647117,-13.364494540988032,78.4823431262245,364.02,87.36,362.95,86.67,-2.2596481977437293,0.722343188164075,2.981991385907804,2.9582902186273006,3.045260337948579,0.08697011932127863,-40.43544299685771,0.5826353986200742,adverse
IYR-VNQ,2022-12-06 16:52:00+00:00,2022-12-06 17:09:00+00:00,1,0.8282124496793757,0.9777954453755967,105.21849734291308,210.33646043803253,-205.66603301273258,85.64,86.82,85.47,86.62,-0.08041301718867544,-0.054853928113558936,0.025559089075116503,-1.7639609136188328,-0.09429562664905926,1.6696652869697735,3.5863958754182086,1.7896124526600767,mean_revert
IYR-VNQ,2022-12-06 17:21:00+00:00,2022-12-06 17:25:00+00:00,1,0.8282124496793757,0.9777954453755967,105.21849734291308,103.26399033272513,-100.97105941864828,85.29,86.47,85.45,86.6,-0.08818461130721289,-0.05529801920603461,0.03288659210117828,-2.134508526500864,0.012911015675967,2.147419542176831,2.5176006428325373,0.8784000859793151,mean_revert
IYR-VNQ,2022-12-06 18:12:00+00:00,2022-12-06 18:22:00+00:00,1,0.8282124496793757,0.9777954453755967,105.21849734291308,102.98374190473375,-100.69703378218463,85.12,86.3,85.08,86.23,-0.09195938559335559,-0.06351370441707616,0.028445681176279436,-2.250334191389757,-0.3475407284163599,1.9027934629733971,2.0571945893476173,0.8722480992146263,mean_revert
MAR-HLT,2022-12-06 17:49:00+00:00,2022-12-06 18:30:00+00:00,1,1.2641109486936886,0.8494841107037999,168.25486369696375,144.13467360033022,-122.44011502495898,137.23,160.21,136.7,159.13,-0.12996032454950068,0.25748251501062214,0.3874428395601228,-1.8531309955839426,-0.2366120049915741,1.6165189905923685,53.8845919495277,1.9593552692543432,mean_revert
IYR-VNQ,2022-12-06 18:26:00+00:00,2022-12-06 18:35:00+00:00,1,0.8282124496793757,0.9777954453755967,105.21849734291308,103.10839252187445,-100.81891658788807,85.02,86.19,85.04,86.19,-0.08440188660205195,-0.06440188660204171,0.020000000000010232,-1.6596649265305683,-0.3417245510319173,1.317940375498651,1.1892718444000305,0.8728960060385137,mean_revert
IYR-VNQ,2022-12-06 18:44:00+00:00,2022-12-06 18:49:00+00:00,1,0.8282124496793757,0.9777954453755967,105.21849734291308,103.54858965447646,-101.24933933921372,85.19,86.37,85.26,86.41,-0.09040506676966231,-0.059516884584667196,0.030888182184995117,-1.9068314995751816,0.000862399267836123,1.9076938988430177,2.3195522939342683,0.8788754083121061,mean_revert
IYR-VNQ,2022-12-06 19:38:00+00:00,2022-12-06 19:44:00+00:00,1,0.8282124496793757,0.9777954453755967,105.21849734291308,103.40558548851624,-101.10951051706807,84.91,86.08,85.07,86.22,-0.0868443876107392,-0.0637357499633282,0.023108637647411,-1.7128556732842297,-0.26335063707300577,1.449505036211224,1.5138434480581748,0.8757187577144843,mean_revert
IYR-VNQ,2022-12-06 20:00:00+00:00,2022-12-06 20:47:00+00:00,1,0.8282124496793757,0.9777954453755967,105.21849734291308,103.14025577478752,-100.85007233146132,85.13,86.31,85.21,86.375,-0.09173734004713197,-0.07529404399653572,0.016443296050596246,-1.8930220615122653,-0.3852678949615114,1.507754166550754,0.8209904508280883,0.8749753096099808,mean_revert
IYR-VNQ,2022-12-06 20:49:00+00:00,2022-12-06 20:58:00+00:00,1,0.8282124496793757,0.9777954453755967,105.21849734291308,103.05535814003345,-100.76705981087564,85.2,86.39,85.155,86.32,-0.09996097567716333,-0.07651529450086514,0.023445681176298194,-1.7925375974713222,-0.362168821681178,1.4303687757901442,1.5425084891958911,0.8736945812644666,mean_revert
XLE-OIH,2022-12-06 16:20:00+00:00,2022-12-07 14:31:00+00:00,-1,-240.78349322895136,5.979529447687584,146.56946249667598,-8.761107239662683,52.3872987339119,293.32,86.275,288.95,85.38,18.219590129704955,19.20126898538541,0.9816788556804568,2.788939619441877,0.3920958675698436,-2.3968437518720336,-8.950811204665817,0.3502174751400965,mean_revert
IYR-VNQ,2022-12-06 20:59:00+00:00,2022-12-07 14:31:00+00:00,1,0.8282124496793757,0.9777954453755967,105.21849734291308,103.02106589707454,-100.7335290118987,85.23,86.42,84.89,86.1,-0.09929483903843561,-0.12640029651824136,-0.02710545747980575,-1.6654913894294756,-3.1356565719174574,-1.4701651824879818,-3.663363877793719,0.8709307565963569,adverse
TMO-DHR,2022-12-05 16:58:00+00:00,2022-12-07 14:32:00+00:00,1,62.24968160763324,0.37736323883172784,496.62276712716397,57.77717099540438,-21.802980377360363,268.26,557.06,267.2,552.245,-4.203647431235538,-3.4466434362607856,0.7570039949747525,-1.6869958253169868,-0.17563482765969843,1.5113609976572884,42.363616912436704,1.373932349423371,mean_revert
IYR-VNQ,2022-12-07 14:32:00+00:00,2022-12-07 14:33:00+00:00,1,0.8282124496793757,0.9777954453755967,105.21849734291308,119.08973118629658,-116.44539674496495,85.05,86.26,85.18,86.34,-0.12284756777835071,-0.0710712034083798,0.051776364369970906,-2.8889900435656446,0.013015534974261696,2.902005578539906,5.156135371752258,1.0098979428704509,mean_revert
XOM-CVX,2022-12-06 14:48:00+00:00,2022-12-07 14:36:00+00:00,-1,-26.480639062939343,1.87306269025836,251.50281726596384,-35.5744425667716,66.63316109855873,177.17,106.56,172.7,104.37,4.057078789008472,3.6890860806742864,-0.3679927083341852,2.8683353694097002,0.2908244926028582,-2.577510876806842,12.436225004868646,0.6549104627569016,mean_revert
MAR-HLT,2022-12-06 19:30:00+00:00,2022-12-07 14:41:00+00:00,1,1.2641109486936886,0.8494841107037999,168.25486369696375,145.4533402952943,-123.56030142964528,136.2,159.02,136.23,159.88,-0.1490742328119552,-0.8496305680172327,-0.7005563352052775,-1.659521806857553,-3.0905678546224395,-1.4310460477648865,-103.8767554976841,1.9784964770499816,adverse
MAR-HLT,2022-12-07 14:48:00+00:00,2022-12-07 14:49:00+00:00,1,1.2641109486936886,0.8494841107037999,168.25486369696375,81.36584135104744,-69.118989381761,135.73,159.29,135.7,159.33,-0.8484349427019708,-0.9124143071301489,-0.06397936442817809,-2.8424587429189883,-3.0060062008624056,-0.1635474579434173,-6.308438478280025,1.1027036624766557,adverse
IYR-VNQ,2022-12-07 14:34:00+00:00,2022-12-07 14:56:00+00:00,1,0.8282124496793757,0.9777954453755967,105.21849734291308,118.8226410271985,-116.18423720389421,85.25,86.45,85.43,86.68,-0.108628702399713,-0.1535216548360978,-0.0448929524363848,-2.0817897875577187,-3.90826231300591,-1.8264725254481915,-6.345392567188945,1.011093395189356,adverse
MAR-HLT,2022-12-07 14:50:00+00:00,2022-12-07 14:58:00+00:00,1,1.2641109486936886,0.8494841107037999,168.25486369696375,81.29118810904251,-69.05557263886529,135.83,159.32,135.4,159.2,-0.7739194660230737,-1.1019813727386065,-0.3280619067155328,-2.5618607247634895,-3.310644170443176,-0.7487834456796865,-27.76856587192827,1.1000237017035854,adverse
MAR-HLT,2022-12-07 15:02:00+00:00,2022-12-07 15:03:00+00:00,1,1.2641109486936886,0.8494841107037999,168.25486369696375,81.44749993310187,-69.18835704971885,135.45,159.13,135.36,159.1,-0.9925174849893779,-1.0570329616682272,-0.06451547667884938,-2.8659575602474314,-3.0119091409153764,-0.145951580667945,-6.3562543423632345,1.1016300598777469,adverse
MAR-HLT,2022-12-07 15:04:00+00:00,2022-12-07 15:05:00+00:00,1,1.2641109486936886,0.8494841107037999,168.25486369696375,81.50482178471525,-69.23705105186053,135.33,158.98,135.26,159.04,-0.9850948683837828,-1.1060639150260272,-0.1209690466422444,-2.786632959166714,-3.0810517414460112,-0.2944187822792972,-10.961350727738042,1.1017901396944243,adverse
MAR-HLT,2022-12-07 15:07:00+00:00,2022-12-07 15:08:00+00:00,1,1.2641109486936886,0.8494841107037999,168.25486369696375,81.5409768054125,-69.26776416746502,135.23,158.92,135.19,158.97,-1.0341258217415543,-1.1166000272767462,-0.08247420553519191,-2.8215014485830103,-3.0073709974677385,-0.18586954888472818,-7.82677833679117,1.1017510562012813,adverse
IYR-VNQ,2022-12-07 14:57:00+00:00,2022-12-07 15:15:00+00:00,1,0.8282124496793757,0.9777954453755967,105.21849734291308,120.9490357143085,-118.26341624402123,85.45,86.67,85.8,86.98,-0.12374370038233451,-0.07686028844878479,0.046883411933549723,-2.3633185106204517,0.18351397249916926,2.546832483119621,4.637304503900805,1.0331989604596317,mean_revert
IYR-VNQ,2022-12-07 15:33:00+00:00,2022-12-07 15:34:00+00:00,-1,0.8282124496793757,0.9777954453755967,105.21849734291308,-252.4068712369095,246.80228907695482,85.93,87.08,85.94,87.06,-0.044639832986320016,-0.015083924078822974,0.02955590890749704,1.858584011441108,3.2791158067021295,1.4205317952610215,-9.619037183961899,2.1589226900569845,adverse
IYR-VNQ,2022-12-07 15:35:00+00:00,2022-12-07 15:37:00+00:00,-1,0.8282124496793757,0.9777954453755967,105.21849734291308,-252.3047420474286,246.7024276206405,85.94,87.07,85.89,87.01,-0.024861878532576043,-0.01619415181004058,0.008667726722535463,2.7624344671214334,3.1187396183888296,0.35630515126739626,-4.34371018095105,2.1568016260862786,adverse
IYR-VNQ,2022-12-07 15:40:00+00:00,2022-12-07 15:46:00+00:00,-1,0.8282124496793757,0.9777954453755967,105.21849734291308,-252.67619720494096,247.06563478181735,85.8,86.94,85.83,87.01,-0.03774847063374409,-0.07619415181004285,-0.03844568117629876,2.056463885493555,0.21598624234755362,-1.8404776431460013,7.555089574157222,2.159218944423301,mean_revert
T-VZ,2022-12-05 14:51:00+00:00,2022-12-07 16:02:00+00:00,1,30.274983846793425,0.4083750810501652,601.0689363469565,1683.6315857033878,-687.5531852702392,37.78,18.92,37.26,19.38,-0.22144038026254975,-0.9292929175456308,-0.7078525372830811,-1.7735487188544392,-0.3786315867129294,1.3949171321415097,-1195.5657344707672,3.802844680692273,mean_revert
IYR-VNQ,2022-12-07 15:47:00+00:00,2022-12-07 16:25:00+00:00,-1,0.8282124496793757,0.9777954453755967,105.21849734291308,-252.35664590950807,246.7531789805792,85.92,87.07,85.72,86.89,-0.044861878532572064,-0.06885869836496283,-0.02399681983239077,1.6839885330466486,0.3893807034059766,-1.294607829640672,3.902137194950623,2.153619770449278,mean_revert
XLF-KBE,2022-12-05 17:16:00+00:00,2022-12-07 17:42:00+00:00,1,24.971315546826993,0.6745487254541976,499.71864228488397,251.16130064894992,-169.42053523616772,46.77,35.155,46.35,34.685,-1.9150759901693064,-2.018038089205838,-0.10296209903653164,-2.9871122634974334,-0.39888981752343283,2.5882224459740004,-26.735978589048013,0.8758838774872653,mean_revert
MS-GS,2022-12-06 17:06:00+00:00,2022-12-07 17:48:00+00:00,-1,-146.73769596588346,5.8724512839243035,711.0281394647117,-7.163694281032474,42.068445678290345,363.25,86.67,360.415,87.27,1.0223431881640863,-5.336127582190443,-6.358470770354529,2.953542599013112,0.3875292345720513,-2.5660133644410608,45.23747988726875,0.31266080643213584,mean_revert
IYR-VNQ,2022-12-07 17:02:00+00:00,2022-12-07 19:02:00+00:00,-1,0.8282124496793757,0.9777954453755967,105.21849734291308,-554.7772505578039,542.4586687934169,85.52,86.65,85.29,86.43,-0.034187791474835194,-0.04907279349220062,-0.014885002017365423,1.729179299875241,0.39605042970274384,-1.3331288701724973,3.5477777715436014,4.710082722194506,mean_revert
XLE-OIH,2022-12-07 17:08:00+00:00,2022-12-07 19:03:00+00:00,1,-240.78349322895136,5.979529447687584,146.56946249667598,11.914191177448288,-71.24125699093165,286.41,85.29,282.28,84.38,17.1994266356773,18.510798433072978,1.3113717973956796,-1.7343603629333604,-0.3909106148310497,1.3434497481023107,15.155210541363264,0.4687237575232457,mean_revert
MAR-HLT,2022-12-07 15:09:00+00:00,2022-12-07 19:06:00+00:00,1,1.2641109486936886,0.8494841107037999,168.25486369696375,81.62574046323004,-69.33976954794615,135.06,158.8,134.84,158.34,-1.1021877284571246,-0.9314250375333586,0.17076269092376606,-2.938249663547277,-0.38445003494194946,2.5537996286053275,12.839347392431074,1.0992836977141864,mean_revert
XOM-CVX,2022-12-07 15:48:00+00:00,2022-12-07 19:31:00+00:00,-1,-26.480639062939343,1.87306269025836,251.50281726596384,-41.14106011386734,77.05978473696128,173.59,104.08,172.0,103.44,5.122274260849224,4.731034382614581,-0.3912398782346429,1.72826364641813,0.3914356058692666,-1.3368280405488635,15.34365702575513,0.7523663236388227,mean_revert
UPS-FDX,2022-12-06 14:38:00+00:00,2022-12-08 14:30:00+00:00,-1,-23.423967961842536,1.091730714561001,421.53288991574107,-49.835408946421445,54.40684661951638,175.215,177.25,170.83,175.02,5.129698805905122,3.179258299376187,-1.9504405065289347,2.8831694849002867,-0.17352069276877094,-3.056690177669058,96.29921680825338,0.9017834602832466,mean_revert
XOM-CVX,2022-12-08 14:32:00+00:00,2022-12-08 14:34:00+00:00,1,-26.480639062939343,1.87306269025836,251.50281726596384,223.43967803431673,-418.5165244494191,174.94,105.84,175.08,105.94,3.175683925994491,3.128377656968695,-0.047306269025796155,-2.944315000794306,-3.010572573039623,-0.06625757224531714,-14.74297049165287,4.172872971520982,adverse
XOM-CVX,2022-12-08 14:35:00+00:00,2022-12-08 14:41:00+00:00,1,-26.480639062939343,1.87306269025836,251.50281726596384,224.3620469664477,-420.2441792828471,175.04,105.92,175.0,106.04,3.1258389107738367,2.8610713879428147,-0.264767522831022,-2.9986101252464543,-3.4350155411632985,-0.43640541591684423,-63.595085942113755,4.191302549514073,adverse
XOM-CVX,2022-12-08 14:42:00+00:00,2022-12-08 14:45:00+00:00,1,-26.480639062939343,1.87306269025836,251.50281726596384,208.29976586860883,-390.158519838043,175.07,105.96,175.23,106.12,3.0809164031635135,2.9412263727221557,-0.13969003044135775,-2.9908942873048887,-3.2055443591880635,-0.21465007188317475,-32.99260014003286,3.8951995049184727,adverse
MAR-HLT,2022-12-08 14:34:00+00:00,2022-12-08 14:46:00+00:00,-1,1.2641109486936886,0.8494841107037999,168.25486369696375,-448.2829681715113,380.8092585608361,135.43,158.04,136.7,160.34,-0.0865798043222128,-0.7703932589409703,-0.6838134546187575,1.804199241872804,0.32368579299353706,-1.4805134488792668,300.42496319878165,6.116961913334503,mean_revert
IYR-VNQ,2022-12-07 20:07:00+00:00,2022-12-08 14:52:00+00:00,1,0.8282124496793757,0.9777954453755967,105.21849734291308,296.9131838952354,-290.32035888472814,85.145,86.335,86.265,87.45,-0.10118222618150696,-0.07142414777530348,0.02975807840620348,-1.7079653102384607,-0.34471632355983584,1.3632489866786248,6.285479246530918,2.550086559659598,mean_revert
TMO-DHR,2022-12-08 14:39:00+00:00,2022-12-08 14:59:00+00:00,1,62.24968160763324,0.37736323883172784,496.62276712716397,135.82236958564786,-51.25436929264004,267.27,559.88,270.01,562.96,-6.257811764741064,-4.680090540342746,1.5777212243983172,-1.6753594928077753,-0.004650499568978678,1.6707089932387966,211.01345735590266,3.2763778874402707,mean_revert
XLE-OIH,2022-12-07 19:25:00+00:00,2022-12-08 15:29:00+00:00,1,-240.78349322895136,5.979529447687584,146.56946249667598,40.099042750638944,-239.7734069515289,283.05,84.93,290.06,86.06,15.9920572368448,16.24518896095782,0.2531317241130182,-1.6731606394911593,-0.37910990522220633,1.2940507342689531,8.537038439627143,1.6133013871249455,mean_revert
XOM-CVX,2022-12-08 14:56:00+00:00,2022-12-08 15:35:00+00:00,1,-26.480639062939343,1.87306269025836,251.50281726596384,206.95864775583496,-387.64652153777655,176.13,106.505,174.49,104.96,3.120097236972697,4.3739790934218945,1.2538818564491976,-2.610644697836098,-0.3462930535594863,2.2643516442766116,255.6617137889229,3.8399796673760322,mean_revert
MAR-HLT,2022-12-08 16:21:00+00:00,2022-12-08 18:32:00+00:00,-1,1.2641109486936886,0.8494841107037999,168.25486369696375,-470.39457421674183,399.59271655840155,136.54,159.75,136.64,160.2,-0.4291976336257335,-0.7114654834424243,-0.28226784981669084,1.6713000474937874,0.25649274922663257,-1.4148072982671547,126.36279163892307,6.414473390681576,mean_revert
XOM-CVX,2022-12-08 15:41:00+00:00,2022-12-08 18:36:00+00:00,1,-26.480639062939343,1.87306269025836,251.50281726596384,200.04781412335078,-374.70209690218775,174.04,105.14,173.66,104.62,3.586827809175361,4.180820408109696,0.5939925989343351,-1.6658386999136694,-0.3327933173836475,1.333045382530022,115.12983918333536,3.6970818389283986,mean_revert
TMO-DHR,2022-12-08 17:58:00+00:00,2022-12-08 19:57:00+00:00,-1,62.24968160763324,0.37736323883172784,496.62276712716397,-318.0009767868485,120.00187855193826,272.13,566.01,271.62,567.33,-3.7110484187795123,-4.719167894037412,-1.0081194752578995,1.796813556600545,0.14548954501324732,-1.6513240115872976,312.8601732961686,7.722804553685748,mean_revert
MAR-HLT,2022-12-08 20:23:00+00:00,2022-12-08 20:58:00+00:00,-1,1.2641109486936886,0.8494841107037999,168.25486369696375,-427.8657899250262,363.4651900550398,137.04,160.02,137.21,160.66,-0.15855834351575027,-0.5322281743661677,-0.3736698308504174,1.656289448601616,0.10840503597974162,-1.5478844126218743,154.02544822446646,5.855089123492776,mean_revert
IYR-VNQ,2022-12-08 18:12:00+00:00,2022-12-09 14:31:00+00:00,1,0.8282124496793757,0.9777954453755967,105.21849734291308,293.04130106363533,-286.53444948696165,86.27,87.5,85.61,86.9,-0.11531392004408758,-0.18863665281872954,-0.07332273277464196,-1.9090073866083106,-3.325721284056666,-1.4167138974483553,-23.98594448204672,2.499355472223739,adverse
XLE-OIH,2022-12-08 19:27:00+00:00,2022-12-09 14:32:00+00:00,-1,-240.78349322895136,5.979529447687584,146.56946249667598,-25.218455753026547,150.7944988004286,284.07,84.64,283.86,84.94,18.746120776674218,16.74226194236803,-2.003858834306186,1.7583825953308525,-0.13296181853651995,-1.8913444138673725,49.535875569355085,0.998349778908126,mean_revert
XOM-CVX,2022-12-09 14:30:00+00:00,2022-12-09 14:36:00+00:00,1,-26.480639062939343,1.87306269025836,251.50281726596384,220.19831161647838,-412.4452419467097,171.66,104.27,172.97,105.45,2.8363923497001338,1.9361783751952544,-0.9002139745048794,-2.1435184324917493,-3.2671267847506202,-1.123608352258871,-202.30459991571223,4.0790026361791405,adverse
XOM-CVX,2022-12-09 14:43:00+00:00,2022-12-09 14:46:00+00:00,1,-26.480639062939343,1.87306269025836,251.50281726596384,374.3723863653029,-701.2229491638363,171.95,104.83,172.14,105.03,2.0774772431554425,1.8928647051037615,-0.18461253805168099,-2.884554702898757,-3.0500461346583494,-0.16549143175959236,-76.01853187034261,6.904695446980049,adverse
T-VZ,2022-12-09 14:34:00+00:00,2022-12-09 14:47:00+00:00,-1,30.274983846793425,0.4083750810501652,601.0689363469565,-2294.9311457163253,937.1926926364528,37.12,19.095,37.3,19.14,-0.9529060194463312,-0.7912828980935913,0.16162312135273993,1.6611408834070633,3.0015986979498672,1.3404578145428039,-376.09087505390994,5.176939993614031,adverse
T-VZ,2022-12-09 14:48:00+00:00,2022-12-09 14:56:00+00:00,-1,30.274983846793425,0.4083750810501652,601.0689363469565,-2167.342708484215,885.0887542407258,37.285,19.13,37.32,19.18,-0.8021991472830905,-0.7876179013355937,0.014581245947496768,2.914439441904594,3.0266539691467083,0.11221452724211423,-36.49561869426701,4.893061609348401,adverse
T-VZ,2022-12-09 14:57:00+00:00,2022-12-09 15:01:00+00:00,-1,30.274983846793425,0.4083750810501652,601.0689363469565,-2344.898518114884,957.5981223895781,37.31,19.19,37.34,19.195,-0.8017016521460931,-0.7737435275513462,0.02795812459474689,2.9110405318040424,3.106335326213573,0.19529479440953068,-70.85594526278614,5.296980331283886,adverse
T-VZ,2022-12-09 15:08:00+00:00,2022-12-09 15:09:00+00:00,-1,30.274983846793425,0.4083750810501652,601.0689363469565,-2340.867241157949,955.951849335554,37.35,19.23,37.38,19.245,-0.7780366553880995,-0.754162281603854,0.023874373784245506,2.9654042604188597,3.1346642566735725,0.16925999625471277,-61.18168503545463,5.294945540747344,adverse
T-VZ,2022-12-09 15:12:00+00:00,2022-12-09 15:14:00+00:00,-1,30.274983846793425,0.4083750810501652,601.0689363469565,-2339.540391444293,955.4099969761984,37.35,19.25,37.385,19.25,-0.7862041570091023,-0.7512041570091057,0.03499999999999659,2.847520981857926,3.0861923330419803,0.23867135118405436,-87.17668169933911,5.292767998796835,adverse
IYR-VNQ,2022-12-09 14:33:00+00:00,2022-12-09 15:52:00+00:00,1,0.8282124496793757,0.9777954453755967,105.21849734291308,294.3720661709341,-287.83566554774313,85.88,87.14,86.51,87.76,-0.15330755970887822,-0.12954073584174353,0.02376682386713469,-2.003948915621971,-0.2280445051261351,1.775904410495836,4.459959775443394,2.5363292726458724,mean_revert
UPS-FDX,2022-12-08 15:38:00+00:00,2022-12-09 16:14:00+00:00,1,-23.423967961842536,1.091730714561001,421.53288991574107,294.9249957981584,-321.9786764046237,173.53,179.47,172.26,177.37,1.0210566195796957,2.0436911201578027,1.022634500578107,-1.6631882083830627,-0.36982342954953973,1.293364778833523,296.20481890553975,5.395656880503944,mean_revert
IYR-VNQ,2022-12-09 19:14:00+00:00,2022-12-09 19:15:00+00:00,-1,0.8282124496793757,0.9777954453755967,105.21849734291308,-1288.0379106015691,1259.4376024573144,86.4,87.63,86.42,87.68,-0.11242732794289623,-0.14131710021169397,-0.028889772268797742,1.812773707152334,0.12665977173305384,-1.6861139354192802,26.124135649971528,11.086986260882247,mean_revert
IYR-VNQ,2022-12-09 19:21:00+00:00,2022-12-09 19:29:00+00:00,-1,0.8282124496793757,0.9777954453755967,105.21849734291308,-1288.130335251836,1259.5279748593857,86.4,87.63,86.36,87.62,-0.11242732794289623,-0.14264937348916362,-0.030222045546267395,1.8347907045658827,0.06526282556671784,-1.7695278789991649,27.849794816022694,11.080138845476398,mean_revert
IYR-VNQ,2022-12-09 19:53:00+00:00,2022-12-09 20:13:00+00:00,-1,0.8282124496793757,0.9777954453755967,105.21849734291308,-1445.8303441138553,1413.7263252603593,86.515,87.75,86.35,87.61,-0.1147627813879808,-0.14287141903540146,-0.028108637647420665,1.6707274524856426,-0.12127833763709027,-1.7920057901227329,28.205120563829468,12.435200678514574,mean_revert
MAR-HLT,2022-12-09 15:16:00+00:00,2022-12-09 20:27:00+00:00,1,1.2641109486936886,0.8494841107037999,168.25486369696375,197.347002417439,-167.64314284863883,136.99,160.98,137.69,161.9,-1.0240630897913832,-1.105588471638896,-0.08152538184751279,-1.846263998600973,-0.3411006651057651,1.505163333495208,-18.80449640804794,2.71570667950259,mean_revert
XLE-OIH,2022-12-09 19:27:00+00:00,2022-12-09 20:51:00+00:00,1,-240.78349322895136,5.979529447687584,146.56946249667598,115.7910874779193,-692.3762173539876,273.55,83.25,270.96,82.66,16.53766670895999,17.475589083095628,0.9379223741356384,-2.2044864899519703,-0.33377832776622807,1.8707081621857422,104.17272311156547,4.430328559474881,mean_revert
IYR-VNQ,2022-12-09 20:46:00+00:00,2022-12-09 20:56:00+00:00,-1,0.8282124496793757,0.9777954453755967,105.21849734291308,-1455.0158690215821,1422.7078896785188,85.985,87.205,85.865,87.07,-0.11186426365827629,-0.09986187853257888,0.012002385125697401,2.048748352932491,3.0517100673709616,1.0029617144384706,-29.904166501403182,12.440505677392338,adverse
MS-GS,2022-12-08 15:35:00+00:00,2022-12-12 14:30:00+00:00,1,-146.73769596588346,5.8724512839243035,711.0281394647117,19.847989905130266,-116.55635380169885,362.17,88.71,358.69,89.06,-12.037457431041503,-17.572815380415022,-5.53535794937352,-1.7606139872208875,,,-110.74071791888178,0.8749892184325236,descreen
T-VZ,2022-12-09 16:09:00+00:00,2022-12-12 14:30:00+00:00,-1,30.274983846793425,0.4083750810501652,601.0689363469565,-2331.386902045009,952.080315081924,37.5,19.26,37.71,19.18,-0.6402879078196051,-0.39761790133559316,0.24267000648401194,2.8893003796947476,,,-571.066549661979,5.30887502596943,descreen
TMO-DHR,2022-12-09 18:39:00+00:00,2022-12-12 14:33:00+00:00,-1,62.24968160763324,0.37736323883172784,496.62276712716397,-505.52293692157264,190.7657727804519,271.5,564.34,273.66,566.54,-3.7108518099305456,-2.3810509353602924,1.3298008745702532,1.6642582036780729,3.0143357844159784,1.3500775807379055,-684.5657360250782,12.320892391449739,adverse
IYR-VNQ,2022-12-09 20:58:00+00:00,2022-12-12 14:37:00+00:00,-1,0.8282124496793757,0.9777954453755967,105.21849734291308,-1297.1151197347078,1268.313256204419,85.85,87.07,85.9,87.17,-0.11486187853257945,-0.1626414230701272,-0.047779544537547736,1.6863980363523425,-3.3039408627021953,-4.990338899054538,50.87651686727504,11.099052766427532,adverse
TMO-DHR,2022-12-12 14:34:00+00:00,2022-12-12 14:40:00+00:00,-1,78.27483888224936,0.3442741024263784,404.62737118104843,-308.23759885711974,106.11822268059697,272.33,565.57,271.29,565.795,-0.6559429915362216,-1.773404664582074,-1.1174616730458524,1.766057398151669,0.35827392033304456,-1.4077834778186245,337.2605560147421,7.183146899775819,mean_revert
IYR-VNQ,2022-12-12 14:39:00+00:00,2022-12-12 14:45:00+00:00,1,2.0541145289490537,0.9634371594867002,54.11892559237747,296.9396729825163,-286.0827150771851,85.76,87.02,85.77,87.0,-0.13241614748169184,-0.103147404291974,0.02926874318971784,-2.8031790744918657,-0.14427616742565386,2.658902907066212,6.173165433193749,2.5178855981712767,mean_revert
IYR-VNQ,2022-12-12 14:51:00+00:00,2022-12-12 15:00:00+00:00,1,2.0541145289490537,0.9634371594867002,54.11892559237747,297.07823559240086,-286.2162114444634,85.72,86.97,85.69,86.92,-0.12424428950737365,-0.10607243153303614,0.018171857974337513,-1.9926565833165948,-0.3300195852843282,1.6626369980322666,2.881736149116713,2.5167273553332796,mean_revert
IYR-VNQ,2022-12-12 15:02:00+00:00,2022-12-12 15:07:00+00:00,1,2.0541145289490537,0.9634371594867002,54.11892559237747,297.6859706000421,-286.8017259339459,85.545,86.79,85.41,86.67,-0.12582560079977156,-0.14521314166137245,-0.019387540861600883,-1.9203550559387854,-3.2524871386947214,-1.332132082755936,-8.285522135714633,2.514123216782234,adverse
IYR-VNQ,2022-12-12 15:08:00+00:00,2022-12-12 15:13:00+00:00,1,2.0541145289490537,0.9634371594867002,54.11892559237747,298.1914093089063,-287.2886843679087,85.4,86.64,85.31,86.57,-0.12631002687675164,-0.14886942571267525,-0.022559398835923616,-1.7802050340818185,-3.1883983326437924,-1.4081932985619738,-9.24248345874049,2.515464526693633,adverse
IYR-VNQ,2022-12-12 15:14:00+00:00,2022-12-12 15:16:00+00:00,1,2.0541145289490537,0.9634371594867002,54.11892559237747,298.6635355067214,-287.7435482908509,85.265,86.51,85.145,86.4,-0.13606319614349616,-0.15008510859996704,-0.014021912456470886,-2.242993287383824,-3.026184133857015,-0.7831908464731909,-6.702371413966959,2.5145374651524657,adverse
IYR-VNQ,2022-12-12 15:19:00+00:00,2022-12-12 16:16:00+00:00,1,2.0541145289490537,0.9634371594867002,54.11892559237747,298.9264744099143,-287.9968734008616,85.19,86.45,85.78,87.03,-0.15325696657428978,-0.12205051907656639,0.03120644749772339,-2.8536479224497184,-0.20010421968875036,2.653543702760968,6.79311928600327,2.535314043347972,mean_revert
MAR-HLT,2022-12-12 14:42:00+00:00,2022-12-12 17:03:00+00:00,-1,5.661456084307359,0.8214197766330759,174.90186591953656,-448.40588532505365,368.3294621646622,136.725,159.64,138.6,162.65,-0.06790922601157945,-0.6653827536771644,-0.5974735276655849,1.9347565359746912,0.35085457794897573,-1.5839019580257154,261.8077539948079,6.102892136356736,mean_revert
IYR-VNQ,2022-12-12 17:27:00+00:00,2022-12-12 17:28:00+00:00,1,2.0541145289490537,0.9634371594867002,54.11892559237747,297.7033709957984,-286.8184901218073,85.54,86.81,85.56,86.81,-0.15009434398949395,-0.13009434398949793,0.01999999999999602,-1.677578862336886,-0.03377926906743139,1.6437995932694545,3.4355567424210536,2.5185106774937305,mean_revert
IYR-VNQ,2022-12-12 17:47:00+00:00,2022-12-12 17:49:00+00:00,-1,2.0541145289490537,0.9634371594867002,54.11892559237747,-821.1259984999281,791.1032995754512,85.56,86.79,85.56,86.81,-0.110825600799771,-0.13009434398949793,-0.019268743189726933,1.9013576699994612,0.08704996072153029,-1.814307709277931,8.875505098115937,6.946560893389938,mean_revert
IYR-VNQ,2022-12-12 17:51:00+00:00,2022-12-12 17:54:00+00:00,-1,2.0541145289490537,0.9634371594867002,54.11892559237747,-821.4260775014217,791.3924068362717,85.53,86.76,85.61,86.86,-0.11192248601517463,-0.12826620196383942,-0.016343715948664794,1.763603752074292,0.22564604989773995,-1.537957702176552,6.472022935875577,6.953131547634763,mean_revert
TMO-DHR,2022-12-12 15:44:00+00:00,2022-12-12 18:02:00+00:00,-1,78.27483888224936,0.3442741024263784,404.62737118104843,-311.7585782293648,107.33040469363844,272.66,566.29,271.64,566.48,-0.5738203452831385,-1.659232424744232,-1.0854120794610935,1.7864134477260791,0.3028023585685358,-1.4836110891575434,331.11219529370743,7.274331392053847,mean_revert
IYR-VNQ,2022-12-12 18:01:00+00:00,2022-12-12 18:12:00+00:00,-1,2.0541145289490537,0.9634371594867002,54.11892559237747,-820.4638444042671,790.465355714385,85.63,86.86,85.55,86.8,-0.1082662019638434,-0.13045997239463247,-0.022193770430789073,2.1409913105015876,-0.2604108384066123,-2.4014021489082,11.269032471235388,6.940153738239684,mean_revert
IYR-VNQ,2022-12-12 18:19:00+00:00,2022-12-12 18:35:00+00:00,-1,2.0541145289490537,0.9634371594867002,54.11892559237747,-268.91970557620624,259.08723727033987,85.62,86.85,85.67,86.92,-0.10863183036896373,-0.12607243153303216,-0.017440601164068426,1.9883973650252909,-0.11976387212845285,-2.1081612371537437,2.4122106381035797,2.2779106920125765,mean_revert
IYR-VNQ,2022-12-12 18:43:00+00:00,2022-12-12 19:35:00+00:00,-1,2.0541145289490537,0.9634371594867002,54.11892559237747,-670.1022526252731,645.6014108349323,85.78,87.005,85.77,87.01,-0.09796459008940417,-0.11278177588684457,-0.014817185797440402,2.9529028142824836,0.2521112618058683,-2.7007915524766153,4.2466071322162025,5.682422448220856,mean_revert
IYR-VNQ,2022-12-12 19:46:00+00:00,2022-12-12 19:47:00+00:00,-1,2.0541145289490537,0.9634371594867002,54.11892559237747,-669.3909781888942,644.9161426123319,85.87,87.08,85.85,87.09,-0.08022237705090163,-0.10985674864578243,-0.029634371594880804,2.5201064804369127,0.3551197560018809,-2.164986724435032,14.155332873030126,5.681648116881227,mean_revert
IYR-VNQ,2022-12-12 20:16:00+00:00,2022-12-12 20:31:00+00:00,-1,2.0541145289490537,0.9634371594867002,54.11892559237747,-815.8000716016294,785.9721036929204,86.17,87.4,86.3,87.55,-0.08852226808664909,-0.10303784200965538,-0.014515573923006286,1.6706272452913156,0.26421653410315876,-1.4064107111881567,4.881036052846458,6.96077019287679,mean_revert
TMO-DHR,2022-12-12 20:10:00+00:00,2022-12-13 14:30:00+00:00,-1,78.27483888224936,0.3442741024263784,404.62737118104843,-308.1979861377558,106.10458504719328,272.43,565.45,281.33,581.03,-0.5146300992450392,3.0215793849519628,3.536209484197002,1.66209215256393,6.820058737393801,5.157966584829871,-1097.270405915261,7.417764324505278,adverse
IYR-VNQ,2022-12-12 20:55:00+00:00,2022-12-13 14:30:00+00:00,1,2.0541145289490537,0.9634371594867002,54.11892559237747,294.80836252582316,-284.0293313848044,86.38,87.65,89.36,89.86,-0.11938155795833438,0.731422319576069,0.8508038775344033,-1.6571342709824035,12.53569497846396,14.192829249446364,248.23075041686107,2.593347549677304,adverse
MAR-HLT,2022-12-13 14:34:00+00:00,2022-12-13 14:35:00+00:00,1,5.661456084307359,0.8214197766330759,174.90186591953656,194.41298116340116,-159.69466756181137,141.2,166.82,141.26,167.36,-1.490703222237073,-1.874269901618959,-0.38356667938188593,-2.3846839889684057,-3.4057081324965885,-1.0210241435281828,-77.27980547769124,2.70946386411434,adverse
MAR-HLT,2022-12-13 14:36:00+00:00,2022-12-13 14:49:00+00:00,1,5.661456084307359,0.8214197766330759,174.90186591953656,194.41298116340116,-159.69466756181137,141.2,166.94,140.46,166.35,-1.589273595433042,-1.8446359272195139,-0.25536233178647194,-2.6119041149933993,-3.0971737937379054,-0.4852696787445061,-52.33937496359978,2.693622764155932,adverse
MAR-HLT,2022-12-13 14:51:00+00:00,2022-12-13 14:53:00+00:00,1,5.661456084307359,0.8214197766330759,174.90186591953656,195.1315961065698,-160.28495208791412,140.68,166.5,140.58,166.68,-1.7478488937144903,-1.9957044535084378,-0.24785555979394758,-2.7936127771467736,-3.35338626392019,-0.5597734867734165,-51.071845766215255,2.7073947797337556,adverse
MAR-HLT,2022-12-13 14:55:00+00:00,2022-12-13 14:56:00+00:00,1,5.661456084307359,0.8214197766330759,174.90186591953656,194.84074767742382,-160.04604343621097,140.89,166.84,140.69,166.74,-1.8171316177697463,-1.934989640106437,-0.11785802233669074,-2.850789298517258,-3.1071755001072243,-0.2563862015899665,-25.668456295526887,2.7049111036645286,adverse
MAR-HLT,2022-12-13 14:57:00+00:00,2022-12-13 15:04:00+00:00,1,5.661456084307359,0.8214197766330759,174.90186591953656,194.50940934083638,-159.77387557378134,141.13,166.9,140.81,166.97,-1.6264168043677216,-2.0039161887320347,-0.3774993843643131,-2.3472328126465105,-3.0942656443133787,-0.7470328316668682,-76.1304979759218,2.703315696691872,adverse
IYR-VNQ,2022-12-13 14:45:00+00:00,2022-12-13 16:35:00+00:00,-1,2.0541145289490537,0.9634371594867002,54.11892559237747,-633.8360519455132,610.6612054666498,89.23,89.76,88.38,88.93,0.6977660355247366,0.6474188778986871,-0.050347157626049466,2.923429388459983,0.48043789817024013,-2.4429914902897427,26.395617052718606,5.516226563654682,time_stop
UPS-FDX,2022-12-13 15:24:00+00:00,2022-12-13 17:14:00+00:00,1,-32.82234333832916,1.1468022004912657,399.18239114402996,128.8473942205031,-147.76247521963856,180.76,187.61,178.36,184.27,-1.569217495837222,-0.1388981461963681,1.430319349640854,-1.9999852005878265,-0.3942353459808545,1.605749854606972,181.7824504772942,2.5104706270945867,mean_revert
IYR-VNQ,2022-12-13 17:22:00+00:00,2022-12-13 17:29:00+00:00,1,2.0541145289490537,0.9634371594867002,54.11892559237747,794.6460108913556,-765.591495530605,87.45,88.02,87.475,87.99,0.594146693031604,0.6480498078161929,0.05390311478458898,-2.127617588175542,0.012776665705494725,2.1403942538810368,35.990092363473174,6.8438027747229615,mean_revert
IYR-VNQ,2022-12-13 17:44:00+00:00,2022-12-13 17:46:00+00:00,1,2.0541145289490537,0.9634371594867002,54.11892559237747,794.7333674762937,-765.6756581106603,87.46,88.01,87.47,87.99,0.6137810646264512,0.6430498078161975,0.02926874318974626,-1.7322593495621232,0.16919179838885265,1.901451147950976,16.416490396472618,6.844356440515421,mean_revert
IYR-VNQ,2022-12-13 17:50:00+00:00,2022-12-13 17:55:00+00:00,1,2.0541145289490537,0.9634371594867002,54.11892559237747,798.2143776144466,-769.0293926303067,87.085,87.64,87.25,87.77,0.5952528136365345,0.6350059829032659,0.03975316926673145,-2.9865779879569,-0.24566943119713852,2.7409085567597615,24.874455552551183,6.857095711901122,mean_revert
IYR-VNQ,2022-12-13 18:06:00+00:00,2022-12-13 18:07:00+00:00,-1,2.0541145289490537,0.9634371594867002,54.11892559237747,-291.267829749292,280.6182505435137,87.43,87.92,87.4,87.92,0.670490408980271,0.6404904089802699,-0.030000000000001137,2.3012802945044237,0.188371691740067,-2.1129086027643567,6.231596647085398,2.506438245393692,mean_revert
IYR-VNQ,2022-12-13 18:45:00+00:00,2022-12-13 18:52:00+00:00,-1,2.0541145289490537,0.9634371594867002,54.11892559237747,-290.0073608356748,279.403867953757,87.81,88.32,87.67,88.2,0.6651155451855999,0.6407280043239894,-0.024387540861610546,2.14099332408093,0.13509323554933372,-2.0059000885315963,4.56914803864724,2.5034183238992487,mean_revert
MAR-HLT,2022-12-13 15:05:00+00:00,2022-12-13 19:01:00+00:00,1,5.661456084307359,0.8214197766330759,174.90186591953656,195.1315961065698,-160.28495208791412,140.68,166.73,138.21,163.1,-1.9367754423400925,-1.4250216531620197,0.5117537891780728,-2.9137884818828845,-0.3739125484591838,2.539875933423701,97.20375301672898,2.6555806791713907,mean_revert
XOM-CVX,2022-12-09 14:50:00+00:00,2022-12-13 19:02:00+00:00,1,-26.480639062939343,1.87306269025836,251.50281726596384,367.08986598772634,-687.5823319535516,171.5,104.66,174.19,107.82,1.945897900499375,-1.2829802007170485,-3.2288781012164236,-2.8932744542588362,-0.3933200645328241,2.499954389726012,-1192.1923550056192,6.9039255393816985,mean_revert
IYR-VNQ,2022-12-13 18:59:00+00:00,2022-12-13 19:15:00+00:00,-1,2.0541145289490537,0.9634371594867002,54.11892559237747,-289.8423213633121,279.24486279330074,87.86,88.365,87.8,88.33,0.6717608730086937,0.64548117359071,-0.026279699417983693,2.383067041783154,0.33529627660119926,-2.0477707651819546,5.111276356723261,2.505692727311553,mean_revert
IYR-VNQ,2022-12-13 19:26:00+00:00,2022-12-13 19:30:00+00:00,-1,2.0541145289490537,0.9634371594867002,54.11892559237747,-290.1395277997106,279.5312025181657,87.77,88.27,87.725,88.255,0.6732874031599181,0.6427389605522222,-0.030548442607695847,2.178523578047568,0.09597114441849239,-2.0825524336290755,6.3571848954913115,2.5061258177235164,mean_revert
IYR-VNQ,2022-12-13 19:33:00+00:00,2022-12-13 19:41:00+00:00,-1,2.0541145289490537,0.9634371594867002,54.11892559237747,-290.1064747662406,279.49935799748687,87.78,88.27,87.88,88.41,0.6832874031599232,0.6484062008317864,-0.03488120232813685,2.6571713710832108,0.3233664540577226,-2.333804917025488,7.6090078808751604,2.510254762150752,mean_revert
IYR-VNQ,2022-12-13 19:46:00+00:00,2022-12-13 20:01:00+00:00,-1,2.0541145289490537,0.9634371594867002,54.11892559237747,-289.2168808061397,278.6422901194708,88.05,88.55,87.53,88.04,0.6835249985036427,0.6548779498418611,-0.028647048661781582,2.3806705731686697,0.3995371475250736,-1.9811334256435962,5.792869018309961,2.492341039953981,mean_revert
IYR-VNQ,2022-12-13 20:54:00+00:00,2022-12-13 20:59:00+00:00,-1,2.0541145289490537,0.9634371594867002,54.11892559237747,-288.69228381113936,278.13687388073237,88.21,88.72,88.09,88.62,0.6797406813908964,0.6560843973395691,-0.023656284051327248,1.9029541172272677,-0.14675918234731455,-2.049713299574582,4.325417017050588,2.5039696522116888,mean_revert
IYR-VNQ,2022-12-14 14:31:00+00:00,2022-12-14 14:32:00+00:00,-1,2.0541145289490537,0.9634371594867002,54.11892559237747,-289.8423213633121,279.24486279330074,87.86,88.35,88.0,88.52,0.6862124304009853,0.662428113288243,-0.023784317112742315,2.3147780990154603,0.33662809168338276,-1.9781500073320775,4.382457707276018,2.5112439767217225,mean_revert
IYR-VNQ,2022-12-14 14:33:00+00:00,2022-12-14 14:44:00+00:00,-1,2.0541145289490537,0.9634371594867002,54.11892559237747,-460.06977222567815,443.2483145188005,88.0,88.5,88.2,88.69,0.6816968564779842,0.698643796175503,0.016946939697518815,1.9101065363075491,3.089114539696364,1.1790080033888148,-11.791267032814702,3.9944923462488617,adverse
IYR-VNQ,2022-12-14 14:45:00+00:00,2022-12-14 14:51:00+00:00,-1,2.0541145289490537,0.9634371594867002,54.11892559237747,-288.7250153625918,278.1684086736893,88.2,88.7,88.37,88.9,0.6890094245806324,0.6663219926832937,-0.022687431897338683,2.24262927639246,0.26069798531372557,-1.9819312910787343,4.038239066163397,2.512190056934161,mean_revert
IYR-VNQ,2022-12-14 14:52:00+00:00,2022-12-14 14:57:00+00:00,-1,2.0541145289490537,0.9634371594867002,54.11892559237747,-288.20219958103894,277.6647085221752,88.36,88.86,88.64,89.14,0.6948594790627709,0.7050970744064955,0.010237595343724593,2.527459055075551,3.01486720325019,0.48740814817463907,-5.465361250908358,2.514863754426499,adverse
IYR-VNQ,2022-12-14 14:59:00+00:00,2022-12-14 15:21:00+00:00,-1,2.0541145289490537,0.9634371594867002,54.11892559237747,-287.0327587351285,276.5380257554035,88.72,89.22,88.92,89.37,0.7080221016475576,0.7635065277245445,0.05548442607698689,2.965782356023323,4.798017546861313,1.8322351908379901,-18.437705697138814,2.5118578134244016,adverse
IYR-VNQ,2022-12-14 15:22:00+00:00,2022-12-14 15:27:00+00:00,-1,2.0541145289490537,0.9634371594867002,54.11892559237747,-286.38716098718623,275.91603289495504,88.92,89.42,89.02,89.5,0.7153346697502201,0.7382596969912782,0.02292502724105816,2.2358681328696286,3.0676481353660074,0.8317800024963788,-9.07486696787995,2.5094335007588895,adverse
IYR-VNQ,2022-12-14 15:28:00+00:00,2022-12-14 15:29:00+00:00,-1,2.0541145289490537,0.9634371594867002,54.11892559237747,-286.1297343256247,275.66801848336405,89.0,89.485,89.02,89.49,0.7327112543835739,0.7478940685861488,0.015182814202574946,2.723172204424626,3.300841980466309,0.5776697760416831,-6.851294590282958,2.5070399961871677,adverse
IYR-VNQ,2022-12-14 15:30:00+00:00,2022-12-14 16:28:00+00:00,-1,2.0541145289490537,0.9634371594867002,54.11892559237747,-286.2583897817064,275.79196993052386,88.96,89.45,88.72,89.24,0.7264315549656004,0.6887533584578307,-0.03767819650776971,2.279654822290563,-0.37436732689291724,-2.65402214918348,8.285273875294223,2.500425986901647,mean_revert
IYR-VNQ,2022-12-14 16:33:00+00:00,2022-12-14 16:42:00+00:00,-1,2.0541145289490537,0.9634371594867002,54.11892559237747,-286.8064686899493,276.320009517056,88.79,89.24,88.75,89.245,0.7587533584578381,0.7139361726603823,-0.04481718579745575,1.7171030353403265,0.22119408278633368,-1.4959089525539928,10.348146127908585,2.505712667279133,mean_revert
MAR-HLT,2022-12-14 16:31:00+00:00,2022-12-14 16:50:00+00:00,-1,5.661456084307359,0.8214197766330759,174.90186591953656,-524.7842862011769,431.0681911519189,137.44,161.95,137.38,161.78,-1.2503889100339904,-1.170747548006375,0.07964136202761551,2.092684811743932,3.0455714901657953,0.9528866784218635,-48.88618918389277,7.091653860143755,adverse
MAR-HLT,2022-12-14 16:51:00+00:00,2022-12-14 16:53:00+00:00,-1,5.661456084307359,0.8214197766330759,174.90186591953656,-516.6621109456703,424.39647576776593,137.25,161.69,137.16,161.43,-1.226819768109408,-1.1032506261848027,0.12356914192460522,2.717909345243978,3.3189659120831783,0.6010565668392003,-70.81227862552812,6.968784911024928,adverse
MAR-HLT,2022-12-14 16:56:00+00:00,2022-12-14 16:57:00+00:00,-1,5.661456084307359,0.8214197766330759,174.90186591953656,-517.277602150052,424.90205241538877,137.0,161.36,136.93,161.19,-1.2057512418204794,-1.1361098797928548,0.06964136202762461,2.727254389360423,3.0662107442823388,0.3389563549219159,-42.9899559546849,6.966039194562156,adverse
MAR-HLT,2022-12-14 16:58:00+00:00,2022-12-14 17:59:00+00:00,-1,5.661456084307359,0.8214197766330759,174.90186591953656,-516.8410190272562,424.54343440418006,137.06,161.48,137.165,161.17,-1.244321615016446,-0.8846814842601987,0.35964013075624734,2.48306116781294,3.05393729190349,0.57087612409055,-192.84257984804316,6.965808184889763,adverse
MAR-HLT,2022-12-14 18:00:00+00:00,2022-12-14 18:04:00+00:00,-1,5.661456084307359,0.8214197766330759,174.90186591953656,-515.6056109320617,423.52864576257474,137.165,161.26,137.26,161.2,-0.9586092641571611,-0.8143240775591778,0.14428518659798328,2.737869028073328,3.1764546447731834,0.4385856166998554,-81.34649397697382,6.952242192673092,adverse
TMO-DHR,2022-12-13 15:55:00+00:00,2022-12-14 19:07:00+00:00,-1,78.27483888224936,0.3442741024263784,404.62737118104843,-300.96909259948984,103.61586421277093,277.06,571.74,275.25,568.95,1.9498857964930494,1.1004105422626367,-0.8494752542304127,2.945062046810347,0.3427556736659377,-2.602306373144409,248.57609701735686,7.08969943409328,mean_revert
IYR-VNQ,2022-12-14 19:00:00+00:00,2022-12-14 19:10:00+00:00,1,2.0541145289490537,0.9634371594867002,54.11892559237747,755.8725507293959,-728.2357032086959,88.44,88.93,87.67,88.11,0.7074188778986894,0.7274373486777961,0.02001847077910668,-1.7591483430187278,0.10527391271382164,1.8644222557325494,8.609802852895948,6.521609716608216,mean_revert
IYR-VNQ,2022-12-14 19:14:00+00:00,2022-12-14 19:15:00+00:00,1,2.0541145289490537,0.9634371594867002,54.11892559237747,615.0036546936927,-592.5173741520307,87.92,88.4,87.96,88.47,0.698040572426649,0.6705999712625754,-0.02744060116407354,-2.4054490853673083,-4.571045043442253,-2.165595958074945,-22.201856680799658,5.325786677904369,adverse
UPS-FDX,2022-12-13 19:38:00+00:00,2022-12-14 19:17:00+00:00,1,-32.82234333832916,1.1468022004912657,399.18239114402996,131.9796848149722,-151.3545929659538,176.47,183.78,177.92,184.13,-1.4669650679556696,-0.4183458381275784,1.0486192298280912,-1.664688512508414,-0.3904171602023883,1.2742713523060258,135.82889810737018,2.5675373362550458,mean_revert
IYR-VNQ,2022-12-14 19:16:00+00:00,2022-12-14 19:24:00+00:00,1,2.0541145289490537,0.9634371594867002,54.11892559237747,615.046102530843,-592.5582699756811,87.89,88.37,87.88,88.33,0.6969436872112453,0.7254811735907083,0.028537486379462962,-2.300753112888729,0.13911494909886643,2.439868061987595,12.232323599851256,5.31954617386812,mean_revert
IYR-VNQ,2022-12-14 19:34:00+00:00,2022-12-14 19:35:00+00:00,1,2.0541145289490537,0.9634371594867002,54.11892559237747,593.5109529281654,-571.8105066133562,87.13,87.59,87.23,87.73,0.6884246716108606,0.653543469282738,-0.03488120232812264,-2.4668601532948795,-4.6433524498240475,-2.176492296529168,-25.799220441504282,5.09684480845568,adverse
MAR-HLT,2022-12-14 18:05:00+00:00,2022-12-14 19:36:00+00:00,-1,5.661456084307359,0.8214197766330759,174.90186591953656,-514.9904717097791,423.0233582400091,137.23,161.35,134.92,157.76,-0.9675370440541542,-0.3286400459414267,0.6388969981127275,2.5739854939537414,3.0701574726722396,0.49617197871849816,-335.83680040399474,6.810933971951361,adverse
MAR-HLT,2022-12-14 19:38:00+00:00,2022-12-14 19:42:00+00:00,-1,5.661456084307359,0.8214197766330759,174.90186591953656,-393.58444257806633,323.2980449087289,135.24,158.21,135.19,158.01,-0.37827894542630247,-0.2639949900996612,0.11428395532664126,2.8776817803338517,3.061927744547015,0.1842459642131633,-50.19503709625135,5.214650243407851,adverse
IYR-VNQ,2022-12-14 19:37:00+00:00,2022-12-14 19:49:00+00:00,1,2.0541145289490537,0.9634371594867002,54.11892559237747,574.8399355369286,-553.8221546532163,87.37,87.84,87.55,88.06,0.6875653817392049,0.655609206652116,-0.03195617508708892,-2.1922496152914257,-3.4701115075009423,-1.2778618922095166,-23.324526391815073,4.954840764751016,adverse
MAR-HLT,2022-12-14 19:43:00+00:00,2022-12-14 19:52:00+00:00,-1,5.661456084307359,0.8214197766330759,174.90186591953656,-391.78388108716376,321.8190280910576,135.78,159.0,135.35,158.1,-0.48720056896641495,-0.17792276999665546,0.3092777989697595,2.4732352222299876,3.0098896805327446,0.536654458302757,-126.36543324678779,5.195376832317191,adverse
IYR-VNQ,2022-12-14 19:51:00+00:00,2022-12-14 20:04:00+00:00,1,2.0541145289490537,0.9634371594867002,54.11892559237747,586.9053910601901,-565.4464628504605,87.34,87.83,87.98,88.45,0.6671997533340743,0.7098687144523126,0.04266896111823826,-2.733100569266323,-0.19826492936367168,2.534835639902651,19.960159514003976,5.082483797229939,mean_revert
IYR-VNQ,2022-12-14 20:07:00+00:00,2022-12-14 20:08:00+00:00,1,2.0541145289490537,0.9634371594867002,54.11892559237747,583.4237027417913,-562.0920749467643,87.79,88.3,87.76,88.22,0.6643842883753308,0.7114592611342658,0.04707497275893502,-2.22185598927673,-0.08130305721325502,2.140552932063475,22.425203563264628,5.0394513502211575,mean_revert
XOM-CVX,2022-12-14 16:42:00+00:00,2022-12-14 20:24:00+00:00,-1,-6.23354254024818,1.6925608434806458,339.4606881763825,-287.8781206783391,487.25123475495275,173.7,106.84,173.28,107.18,-0.8996579772240523,-1.8951286640074443,-0.995470686783392,1.6997305744052547,0.35198288495100766,-1.347747689454247,281.46887509697547,5.105355404608922,mean_revert
IYR-VNQ,2022-12-14 20:18:00+00:00,2022-12-14 20:52:00+00:00,1,2.0541145289490537,0.9634371594867002,54.11892559237747,583.7955861490863,-562.4503612403488,87.75,88.27,87.58,88.05,0.6532874031599221,0.6952435782469877,0.04195617508706562,-2.619626000252488,-0.1935522123496957,2.4260737879027925,19.461201240422948,5.032628587107484,mean_revert
MAR-HLT,2022-12-14 19:53:00+00:00,2022-12-15 14:32:00+00:00,-1,5.661456084307359,0.8214197766330759,174.90186591953656,-392.14141964643835,322.11271733455465,135.39,158.41,134.6,156.22,-0.392562900752921,0.6163464100735325,1.0089093108264535,2.478652566046805,3.4906655233187736,1.0120129572719687,-400.7902636313115,5.155134189320736,adverse
IYR-VNQ,2022-12-15 14:42:00+00:00,2022-12-15 14:49:00+00:00,1,2.0541145289490537,0.9634371594867002,54.11892559237747,602.9773275846131,-580.9307637230012,86.63,87.12,86.95,87.4,0.6412401365696212,0.691477731913352,0.050237595343730845,-1.8752125006867728,-0.005418763411398843,1.869793737275374,25.13201961549605,5.160111369143621,mean_revert
IYR-VNQ,2022-12-15 15:00:00+00:00,2022-12-15 15:04:00+00:00,1,2.0541145289490537,0.9634371594867002,54.11892559237747,604.2166751936865,-582.1247972631035,86.47,86.98,86.42,86.86,0.6161213388977558,0.6817337980361629,0.06561245913840708,-2.8261655654069355,-0.14753734226514278,2.678628223141793,34.505153663866885,5.138988248025578,mean_revert
IYR-VNQ,2022-12-15 15:42:00+00:00,2022-12-15 15:49:00+00:00,-1,2.0541145289490537,0.9634371594867002,54.11892559237747,-282.80257203893973,272.46250670072897,86.53,86.94,86.24,86.67,0.7146588252772403,0.6847868583386258,-0.02987196693861449,1.936354692590856,0.3578547297359157,-1.57849996285494,6.047708118679032,2.400160963419517,mean_revert
XOM-CVX,2022-12-15 15:16:00+00:00,2022-12-15 15:55:00+00:00,-1,-6.23354254024818,1.6925608434806458,339.4606881763825,-223.82160659715117,378.83168725126745,170.27,104.9,169.83,105.09,-1.0460899408715534,-1.8076765011328746,-0.7615865602613212,1.6783053093416556,0.3547794732106263,-1.3235258361310294,166.56837520740447,3.8911522730814947,mean_revert
IYR-VNQ,2022-12-15 15:57:00+00:00,2022-12-15 16:00:00+00:00,1,2.0541145289490537,0.9634371594867002,54.11892559237747,609.089694800442,-586.819645431159,85.95,86.42,86.03,86.46,0.6356461482103128,0.6771086618308573,0.04146251362054443,-2.1988432140956222,0.023698888563727587,2.2225421026593497,20.09756911740963,5.156820649383,mean_revert
MAR-HLT,2022-12-15 14:41:00+00:00,2022-12-15 16:28:00+00:00,-1,5.661456084307359,0.8214197766330759,174.90186591953656,-333.77530500507015,274.16963648290147,133.57,155.29,132.81,155.4,0.3502668023423041,-0.5000893730873486,-0.8503561754296527,2.626876430705704,0.36963004097317714,-2.257246389732527,279.48115882861487,4.346732988358312,mean_revert
IYR-VNQ,2022-12-15 17:28:00+00:00,2022-12-15 17:29:00+00:00,1,2.0541145289490537,0.9634371594867002,54.11892559237747,244.4481790927597,-235.51045930682457,86.47,86.95,86.55,87.01,0.6450244536823533,0.6672182241131566,0.022193770430803283,-1.8078955080541808,-0.3849510143108258,1.4229444937433549,3.342789020772091,2.082437748238258,mean_revert
IYR-VNQ,2022-12-15 17:48:00+00:00,2022-12-15 18:28:00+00:00,1,2.0541145289490537,0.9634371594867002,54.11892559237747,245.018609370706,-236.06003303349436,86.27,86.74,86.07,86.52,0.6473462571745756,0.6593024322616401,0.01195617508706448,-1.8074232358832318,-0.38430406917126697,1.423119166711965,0.8538521048968697,2.0756332883297297,mean_revert
IYR-VNQ,2022-12-15 18:33:00+00:00,2022-12-15 18:36:00+00:00,1,2.0541145289490537,0.9634371594867002,54.11892559237747,515.4276628552639,-496.582163422144,86.12,86.61,86.17,86.62,0.6225930879078447,0.6629587163129713,0.040365628405126586,-2.9430424088045406,0.00994359108277301,2.952985999887314,16.43414407334454,4.3714174351932105,mean_revert
IYR-VNQ,2022-12-15 19:01:00+00:00,2022-12-15 19:06:00+00:00,-1,2.0541145289490537,0.9634371594867002,54.11892559237747,-244.22961232166963,235.2998839577274,86.56,87.0,86.42,86.88,0.6868525957080323,0.6624650548464359,-0.024387540861596335,1.8312426035603673,-0.031696179394694074,-1.8629387829550614,3.8787007993512317,2.0774588507543017,mean_revert
IYR-VNQ,2022-12-15 19:17:00+00:00,2022-12-15 19:19:00+00:00,1,2.0541145289490537,0.9634371594867002,54.11892559237747,513.3084009937116,-494.54038779404164,86.49,86.99,86.57,87.03,0.6264869673028954,0.6679494809234257,0.04146251362053022,-2.60513371506022,0.38352304754223066,2.9886567626024503,16.909208656544244,4.373847911187053,mean_revert
IYR-VNQ,2022-12-15 19:23:00+00:00,2022-12-15 19:24:00+00:00,1,2.0541145289490537,0.9634371594867002,54.11892559237747,513.2672389887546,-494.500730788907,86.51,87.0,86.51,86.97,0.6368525957080351,0.6657557104926326,0.028903114784597506,-1.8316235174516464,0.23193371139413668,2.063557228845783,10.464548053586352,4.37047387008142,mean_revert
IYR-VNQ,2022-12-15 19:26:00+00:00,2022-12-15 19:28:00+00:00,-1,2.0541145289490537,0.9634371594867002,54.11892559237747,-244.51570093689125,235.57551236053797,86.48,86.91,86.45,86.91,0.6935619400618407,0.6635619400618396,-0.030000000000001137,2.1727228570716677,0.07546709721555765,-2.09725575985611,5.254858521844586,2.08061250626243,mean_revert
IYR-VNQ,2022-12-15 19:36:00+00:00,2022-12-15 19:42:00+00:00,1,2.0541145289490537,0.9634371594867002,54.11892559237747,513.6510870591079,-494.8705442834827,86.455,86.945,86.64,87.11,0.6348416394798022,0.6608745081644969,0.026032868684694677,-1.8696613945420348,-0.0289340809459359,1.8407273135960989,8.99126613439163,4.380545164766764,mean_revert
IYR-VNQ,2022-12-15 20:08:00+00:00,2022-12-15 20:30:00+00:00,-1,2.0541145289490537,0.9634371594867002,54.11892559237747,-239.52041611321152,230.76286933918496,86.9,87.36,86.72,87.19,0.680015218292823,0.663799535405559,-0.016215682887263938,1.6521577129049039,0.31315514618913254,-1.3390025667157714,1.8394158595668069,2.0445712531510614,mean_revert
IYR-VNQ,2022-12-15 20:35:00+00:00,2022-12-15 20:43:00+00:00,-1,2.0541145289490537,0.9634371594867002,54.11892559237747,-239.96161941246103,231.18794099257008,86.74,87.19,86.27,86.72,0.683799535405555,0.6666150003643025,-0.017184535041252502,1.7325050493787042,0.379846291668917,-1.3526587577097873,2.0861234998693146,2.037505357479434,mean_revert
IYR-VNQ,2022-12-15 20:46:00+00:00,2022-12-15 20:48:00+00:00,-1,2.0541145289490537,0.9634371594867002,54.11892559237747,-241.32499048305422,232.5014633441487,86.25,86.68,86.24,86.69,0.6851524867437604,0.6655181151488989,-0.019634371594861477,1.7443270483775382,0.24496257700508375,-1.4993644713724543,2.6898935864430076,2.048370951828142,mean_revert
TMO-DHR,2022-12-15 16:04:00+00:00,2022-12-15 20:56:00+00:00,1,78.27483888224936,0.3442741024263784,404.62737118104843,172.25269614225945,-59.30214235490007,268.38,557.41,269.0,553.0,-1.7966663157369567,0.3415824759633779,2.1382487917003346,-1.680066011138095,-0.3507725813802508,1.3292934297578443,364.3626163940827,3.9565029992263763,mean_revert
IYR-VNQ,2022-12-15 20:57:00+00:00,2022-12-16 14:30:00+00:00,-1,2.0541145289490537,0.9634371594867002,54.11892559237747,-280.95596853668025,270.6834202678139,86.355,86.78,84.91,85.38,0.6938087707951013,0.5976207940764766,-0.09618797671862467,2.2398448390556025,-4.652484502179643,-6.8923293412352455,24.67624007501824,2.3483460855457734,adverse
XOM-CVX,2022-12-15 19:42:00+00:00,2022-12-16 14:35:00+00:00,-1,-6.23354254024818,1.6925608434806458,339.4606881763825,-186.62607720867547,315.8759906557999,170.62,104.94,168.11,103.89,-0.7637923746107731,-1.4966034889561115,-0.7328111143453384,1.713253113608282,0.1890918019409607,-1.5241613116673214,133.5521602797457,3.2095033254390746,mean_revert
MAR-HLT,2022-12-16 14:33:00+00:00,2022-12-16 14:40:00+00:00,-1,5.661456084307359,0.8214197766330759,174.90186591953656,-434.1306385070632,356.60349211204647,132.51,153.81,131.98,154.155,0.5059680717592414,-0.30742175117916304,-0.8133898229384044,1.7588686666645224,-0.003525771421642234,-1.7623944380861647,347.50400453756487,5.613438649834736,mean_revert
UPS-FDX,2022-12-15 20:59:00+00:00,2022-12-16 14:41:00+00:00,1,-32.82234333832916,1.1468022004912657,399.18239114402996,129.18810729684185,-148.15320572531996,173.15,181.34,173.2,180.5,-1.9887676987569591,-0.9754538503443086,1.0133138484126505,-1.6796788942601184,-0.32428952297277064,1.3553893712873477,128.4522464832475,2.455851690861663,mean_revert
IYR-VNQ,2022-12-16 14:43:00+00:00,2022-12-16 14:44:00+00:00,1,2.0541145289490537,0.9634371594867002,54.11892559237747,551.868456545357,-531.6905781843682,84.66,85.15,84.68,85.18,0.5692113407584145,0.5603082259738272,-0.008903114784587274,-2.833820300578373,-3.0160221620210197,-0.1822018614426466,-9.51442943211913,4.601081217500266,adverse
IYR-VNQ,2022-12-16 14:45:00+00:00,2022-12-16 16:35:00+00:00,1,2.0541145289490537,0.9634371594867002,54.11892559237747,550.8683444546392,-530.7270330325188,84.8,85.28,83.73,84.225,0.5839645100251545,0.5303907132836372,-0.0535737967415173,-2.238831497347212,-0.6080248758251531,1.630806621522059,-34.05334325906686,4.541234541917541,time_stop
TMO-DHR,2022-12-16 14:41:00+00:00,2022-12-16 17:12:00+00:00,1,78.27483888224936,0.3442741024263784,404.62737118104843,128.2626029389902,-44.15749250169181,265.01,547.05,262.55,534.95,-1.5999866145996293,0.10573002475950943,1.7057166393591388,-1.7284494198663047,-0.2922409128596837,1.436208507006621,215.91478618978303,2.864869850770596,mean_revert
IYR-VNQ,2022-12-16 17:27:00+00:00,2022-12-16 17:30:00+00:00,1,2.0541145289490537,0.9634371594867002,54.11892559237747,652.6132690334351,-628.7518741609024,83.56,84.09,83.59,84.09,0.49045472981433136,0.5204547298143325,0.030000000000001137,-1.8631834141197157,-0.30521265564135086,1.5579707584783649,14.207213658169039,5.371184412834757,mean_revert
XOM-CVX,2022-12-16 17:30:00+00:00,2022-12-16 17:52:00+00:00,1,-6.23354254024818,1.6925608434806458,339.4606881763825,110.53382445921577,-187.08522315983188,168.0,104.25,167.83,104.5,-2.2159253926091367,-2.809065603479297,-0.5931402108701604,-1.7028309191587192,-3.066781303455895,-1.3639503842971756,-67.4671208269829,1.9050648789596307,adverse
XOM-CVX,2022-12-16 17:53:00+00:00,2022-12-16 18:04:00+00:00,1,-6.23354254024818,1.6925608434806458,339.4606881763825,110.60624521501133,-187.20779969534672,167.89,104.51,167.46,104.29,-2.765991211914127,-2.823627826348371,-0.05763661443424439,-2.961882049944894,-3.0658692042990463,-0.10398715435415218,-8.27727067217309,1.9023011626966755,adverse
XOM-CVX,2022-12-16 18:05:00+00:00,2022-12-16 18:06:00+00:00,1,-6.23354254024818,1.6925608434806458,339.4606881763825,110.91675133883795,-187.73335020219662,167.42,104.21,167.47,104.31,-2.728222958869935,-2.8474790432179873,-0.11925608434805213,-2.846829553695508,-3.114388177275891,-0.2675586235803826,-15.135382158593421,1.9078847053153165,adverse
IYR-VNQ,2022-12-16 17:48:00+00:00,2022-12-16 18:11:00+00:00,1,2.0541145289490537,0.9634371594867002,54.11892559237747,658.9108423650026,-634.819190323127,83.525,84.05,83.565,84.07,0.49399221619380285,0.514723473004068,0.02073125681026511,-1.9014058170562054,-0.22343338857833014,1.6779724284778752,8.238493194500013,5.421556693634836,mean_revert
UPS-FDX,2022-12-16 17:18:00+00:00,2022-12-16 18:27:00+00:00,1,-32.82234333832916,1.1468022004912657,399.18239114402996,133.11651236296626,-152.6583092995725,170.35,178.75,170.35,178.1,-1.8185499994845884,-1.0731285691652772,0.7454214303193112,-1.660579870529542,-0.3369081787530704,1.3236716917764717,96.73465890635873,2.4932421383642582,mean_revert
MAR-HLT,2022-12-16 18:11:00+00:00,2022-12-16 18:27:00+00:00,-1,5.661456084307359,0.8214197766330759,174.90186591953656,-439.7616422469853,361.22890994631325,131.35,152.84,131.06,153.02,0.14274525509333102,-0.2951103047006143,-0.4378555597939453,1.6692172149994262,0.11958079543269945,-1.5496364195667267,186.90655961031732,5.645520431643737,mean_revert
IYR-VNQ,2022-12-16 19:20:00+00:00,2022-12-16 19:21:00+00:00,1,2.0541145289490537,0.9634371594867002,54.11892559237747,617.2136005248814,-594.6465180862506,83.42,83.94,83.44,83.94,0.49497030373733253,0.5149703037373285,0.01999999999999602,-1.7688738252742557,0.3557230559062262,2.124596881180482,7.273525432697372,5.070746577797799,mean_revert
IYR-VNQ,2022-12-16 19:26:00+00:00,2022-12-16 19:34:00+00:00,1,2.0541145289490537,0.9634371594867002,54.11892559237747,625.5281463139406,-602.6570604636839,83.39,83.91,83.225,83.755,0.4938734185219289,0.4782061782423739,-0.015667240279555017,-1.8284801336273644,-3.2701063729987494,-1.441626239371385,-14.927055873738102,5.126756103805678,adverse
IYR-VNQ,2022-12-16 20:00:00+00:00,2022-12-16 20:16:00+00:00,1,2.0541145289490537,0.9634371594867002,54.11892559237747,624.7626541692325,-601.919556886177,83.475,84.0,83.83,84.32,0.4921640741681159,0.5388641831323895,0.04670010896427357,-1.7268675814632013,3.0052479868742283,4.73211556833743,24.020098509725035,5.15638551678246,adverse
IYR-VNQ,2022-12-16 20:17:00+00:00,2022-12-16 20:20:00+00:00,-1,2.0541145289490537,0.9634371594867002,54.11892559237747,-296.4803596004817,285.6401954970835,83.78,84.28,83.755,84.27,0.5274016695118462,0.5120360411067253,-0.015365628405120901,1.8094087414151898,0.24238743897411108,-1.5670213024410788,2.110476445397553,2.4451305896438784,mean_revert
IYR-VNQ,2022-12-16 20:21:00+00:00,2022-12-16 20:32:00+00:00,-1,2.0541145289490537,0.9634371594867002,54.11892559237747,-296.3025071582581,285.46884584533984,83.83,84.33,84.3,84.8,0.5292298115375189,0.5464143465787714,0.017184535041252502,1.922663890620688,3.070881725614316,1.148217834993628,-7.551123791127849,2.459302974056299,adverse
IYR-VNQ,2022-12-16 20:33:00+00:00,2022-12-16 20:34:00+00:00,-1,2.0541145289490537,0.9634371594867002,54.11892559237747,-267.209197016555,257.4392697623518,84.23,84.73,84.24,84.72,0.5438549477428438,0.5634893193377053,0.019634371594861477,2.759043846057588,4.191619380051702,1.4325755339941142,-7.462482552335006,2.2159978845470514,adverse
IYR-VNQ,2022-12-16 20:37:00+00:00,2022-12-16 20:38:00+00:00,-1,2.0541145289490537,0.9634371594867002,54.11892559237747,-266.94224527639284,257.18207853608993,84.305,84.8,84.28,84.77,0.5514143465787811,0.5553174613633729,0.0039031147845918213,2.870766003129283,3.052301905456037,0.18153590232675398,-3.2568670856415887,2.2149608614699368,adverse
IYR-VNQ,2022-12-16 20:43:00+00:00,2022-12-16 20:50:00+00:00,-1,2.0541145289490537,0.9634371594867002,54.11892559237747,-266.6252650939793,256.8766880495318,84.4,84.89,84.16,84.62,0.5597050022249732,0.5798330352863701,0.020128033061396877,2.694646145594477,3.1948041567775527,0.5001580111830757,-7.575446533468144,2.2088043826530335,adverse
IYR-VNQ,2022-12-16 20:53:00+00:00,2022-12-16 20:54:00+00:00,-1,2.0541145289490537,0.9634371594867002,54.11892559237747,-267.00699018755375,257.24445618939,84.27,84.74,84.23,84.68,0.5742205761479653,0.5920268057171683,0.01780622956920297,2.5851205097209973,3.287977077376157,0.7028565676551599,-6.9680607305410645,2.21367296668076,adverse
UPS-FDX,2022-12-16 20:27:00+00:00,2022-12-19 14:30:00+00:00,-1,-32.82234333832916,1.1468022004912657,399.18239114402996,-280.0061219596501,321.11163681435244,171.71,178.2,170.55,178.23,0.17219121078565536,-1.0222128552290997,-1.194404066014755,1.7247711712387284,-0.3680782335734011,-2.0928494048121293,329.19111202114203,5.249338556482018,mean_revert
MAR-HLT,2022-12-16 19:14:00+00:00,2022-12-19 14:30:00+00:00,1,5.661456084307359,0.8214197766330759,174.90186591953656,206.63189700716708,-169.73152668489593,130.92,153.46,131.46,153.73,-0.796535006419191,-0.47831834611008617,0.3182166603091048,-1.7096822427431013,-0.10185585339942187,1.6078263893436795,63.09087934006409,2.6628328388915614,mean_revert
XLE-OIH,2022-12-19 14:31:00+00:00,2022-12-19 14:32:00+00:00,1,-45.490584078172205,3.8435086716072955,458.0337168953786,61.73354533516047,-237.27341682475137,284.96,84.57,288.32,84.37,5.405055720343228,9.53375745466468,4.128701734321453,-2.7994336533622883,3.0680462613685973,5.867479914730886,252.98850699266072,1.8908886984268873,adverse
XLE-OIH,2022-12-19 14:40:00+00:00,2022-12-19 14:41:00+00:00,-1,-45.490584078172205,3.8435086716072955,458.0337168953786,-35.991545111789364,138.33381574170758,286.82,83.99,286.82,83.89,9.49429074987546,9.87864161703618,0.38435086716071964,2.815609858089036,3.312282095693626,0.49667223760459,-14.929777512746735,1.0963959385767637,adverse
XLE-OIH,2022-12-19 14:46:00+00:00,2022-12-19 14:48:00+00:00,-1,-45.490584078172205,3.8435086716072955,458.0337168953786,-36.213761906137044,139.18790791775967,285.06,83.72,283.86,83.69,8.772038091209424,7.687343351357697,-1.0846947398517273,1.7935390794904806,0.3726600140828684,-1.4208790654076122,38.18446332641543,1.0964137234156683,mean_revert
UPS-FDX,2022-12-19 14:38:00+00:00,2022-12-19 15:00:00+00:00,1,-33.333305077834176,1.1493686707614947,372.0214338741892,276.33669168345824,-317.6127360028454,171.48,179.85,171.04,178.62,-1.900650358620652,-0.9269268935840103,0.9737234650366418,-1.8812767999067395,-0.271201061406177,1.6100757385005624,263.87569021025723,5.199830732518347,mean_revert
XLE-OIH,2022-12-19 16:24:00+00:00,2022-12-19 16:27:00+00:00,1,-45.490584078172205,3.8435086716072955,458.0337168953786,50.81798602543346,-195.31936996237187,283.7,84.075,284.81,84.03,6.04759251278881,7.330550403011159,1.2829578902223489,-1.76452548084531,-0.06506937440660554,1.6994561064387044,63.65302827364682,1.5443078628920905,mean_revert
XOM-CVX,2022-12-16 18:14:00+00:00,2022-12-19 16:53:00+00:00,1,-6.23354254024818,1.6925608434806458,339.4606881763825,110.69855445095827,-187.36403869360214,167.75,104.42,170.36,105.44,-2.753660736000853,-1.87007279635111,0.8835879396497432,-2.8376286030970563,-0.2796127282440012,2.558015874853055,95.8811941507232,1.9307134988059333,mean_revert
UNP-CSX,2022-12-19 14:32:00+00:00,2022-12-19 17:04:00+00:00,-1,-2.1174960425736207,0.15856663846156743,457.4138904297166,-1359.4826027919464,215.56858637170126,31.745,210.1,31.36,208.81,0.5476453017983012,0.36719626541372463,-0.18044903638457654,1.9291744735705838,0.39171254705070313,-1.5374619265198808,240.9350131082171,4.382312547191519,mean_revert
XLE-OIH,2022-12-19 16:43:00+00:00,2022-12-19 17:05:00+00:00,1,-45.490584078172205,3.8435086716072955,458.0337168953786,35.817519240942644,-137.6649457980242,283.65,84.05,284.01,83.89,6.093680229579036,7.068641617036178,0.9749613874571423,-1.683785610980372,-0.3717408741388771,1.312044736841495,33.83463595729243,1.0860622971308185,mean_revert
UPS-FDX,2022-12-19 17:05:00+00:00,2022-12-19 17:37:00+00:00,1,-33.333305077834176,1.1493686707614947,372.0214338741892,137.44546429280237,-157.97551059641475,169.25,177.89,168.5,178.04,-1.8778877639281006,-2.8002930645423305,-0.9224053006142299,-1.8078691534761202,-3.0075570826588804,-1.1996879291827602,-129.344700841061,2.564276031996144,adverse
UPS-FDX,2022-12-19 17:38:00+00:00,2022-12-19 18:03:00+00:00,1,-33.333305077834176,1.1493686707614947,372.0214338741892,136.22434313818522,-156.57199219809368,168.58,178.02,168.45,178.2,-2.6973056911270987,-3.0341920518641814,-0.33688636073708267,-2.842391444872229,-3.0231047543459924,-0.1807133094737634,-48.43452918418719,2.5424059805663797,adverse
XLV-IHI,2022-12-19 19:48:00+00:00,2022-12-20 14:30:00+00:00,-1,-7.723038697660847,0.43792003490553677,458.9377277656705,-633.4961248047554,277.4206450870208,51.41,134.15,51.41,134.59,0.386066015083081,0.19338119972464796,-0.19268481535843307,1.698603030854918,0.10955368926818641,-1.5890493415867317,118.5697798183648,3.4953040199237293,mean_revert
UNP-CSX,2022-12-19 20:16:00+00:00,2022-12-20 14:32:00+00:00,-1,-2.1174960425736207,0.15856663846156743,457.4138904297166,-1240.3431292534892,196.67704054462723,30.97,205.08,30.66,204.5,0.5686498268753652,0.3506184771830796,-0.21803134969228566,1.6506396728962263,-0.032495960077865114,-1.6831356329740914,266.5212177959794,3.9124687567144125,mean_revert
MAR-HLT,2022-12-19 20:49:00+00:00,2022-12-20 14:32:00+00:00,-1,11.435494931258209,0.7846517700414422,192.37270739731932,-394.8814843513904,309.8444556529105,129.75,151.04,129.48,151.36,-0.19929827831762736,-0.7203868447309105,-0.5210885664132832,1.6620655939327285,0.11129006592712659,-1.550775528005602,200.86686101374536,4.901365570072128,mean_revert
XLE-OIH,2022-12-20 14:34:00+00:00,2022-12-20 14:55:00+00:00,-1,-45.490584078172205,3.8435086716072955,458.0337168953786,-35.87972774020194,137.904044704375,284.99,83.69,288.19,84.2,8.817343351357692,10.05715392883792,1.2398105774802275,1.9026150719124177,3.4408981291537692,1.5382830572413515,-45.581650934491705,1.0975849650778586,adverse
XLE-OIH,2022-12-20 14:57:00+00:00,2022-12-20 14:59:00+00:00,-1,-45.490584078172205,3.8435086716072955,458.0337168953786,-35.44984850497143,136.2518001360226,288.31,84.35,288.6,84.35,9.600627628096845,9.890627628096865,0.29000000000002046,2.818773574522701,3.166869096662238,0.34809552213953676,-11.366639347442852,1.0861832810004128,adverse
UPS-FDX,2022-12-19 18:05:00+00:00,2022-12-20 15:01:00+00:00,1,-33.333305077834176,1.1493686707614947,372.0214338741892,136.00071875739732,-156.31496534079764,168.77,178.34,168.08,176.74,-2.87510366577078,-1.7261137925523826,1.1489898732183974,-2.7804282458785794,-0.3767389601789651,2.403689285699614,153.7391432135177,2.5243053891537954,mean_revert
XLE-OIH,2022-12-20 15:32:00+00:00,2022-12-20 15:33:00+00:00,-1,-45.490584078172205,3.8435086716072955,458.0337168953786,-33.43456498242718,128.5060404413765,290.92,84.85,290.82,84.79,10.28887329229326,10.41948381258959,0.13061052029632947,2.9621271507961753,3.087918621207861,0.1257914704116856,-5.397879296098268,1.0309733678606896,adverse
XLE-OIH,2022-12-20 15:34:00+00:00,2022-12-20 15:35:00+00:00,-1,-45.490584078172205,3.8435086716072955,458.0337168953786,-33.4437794204903,128.5414562139761,290.82,84.81,291.18,84.88,10.342613639157491,10.43356803214499,0.09095439298749852,2.9954656243326334,3.0786412944083326,0.08317567007569915,-4.074296581154549,1.0324379247550328,adverse
MAR-HLT,2022-12-20 14:33:00+00:00,2022-12-20 15:36:00+00:00,-1,11.435494931258209,0.7846517700414422,192.37270739731932,-426.5146152288392,334.66544778785334,129.99,151.25,129.89,151.8,-0.12407515002632863,-0.6556336235491642,-0.5315584735228356,1.8857026614207006,0.2611349319518471,-1.6245677294688536,221.40734788890325,5.310109917313503,mean_revert
TMO-DHR,2022-12-19 18:42:00+00:00,2022-12-20 16:08:00+00:00,1,71.26130660692235,0.35672248641509907,420.413467060563,142.15985390035047,-50.71161655174024,259.24,530.985,256.13,528.24,-1.435596056043721,-3.5663928308342747,-2.1307967747905536,-1.6731054278451822,-3.0005544199287972,-1.327448992083615,-306.0737235809041,3.1599653853394014,adverse
TMO-DHR,2022-12-20 16:09:00+00:00,2022-12-20 16:14:00+00:00,1,71.26130660692235,0.35672248641509907,420.413467060563,142.81044651606302,-50.94369756726052,256.07,528.0,256.05,528.4,-3.5407794340946452,-3.703468428660642,-0.16268899456599684,-2.961642656035193,-3.0594480094315677,-0.09780535339637453,-26.407951188470633,3.1742632312489203,adverse
TMO-DHR,2022-12-20 16:17:00+00:00,2022-12-20 16:18:00+00:00,1,71.26130660692235,0.35672248641509907,420.413467060563,143.119986199364,-51.05411733273179,255.44,526.61,255.25,526.28,-3.6749351779777157,-3.7472167574607056,-0.07228157948298986,-2.9883346771716313,-3.044620375027134,-0.05628569785550264,-13.51494552543814,3.170006867362887,adverse
XLE-OIH,2022-12-20 16:35:00+00:00,2022-12-20 16:36:00+00:00,-1,-45.490584078172205,3.8435086716072955,458.0337168953786,-31.68934187786277,121.79826030509378,291.59,84.76,291.32,84.635,11.304789072737833,11.51522765668875,0.21043858395091775,2.880117359833145,3.034251457713811,0.15413409788066623,-7.6456669729533795,0.9770067418390298,adverse
UPS-FDX,2022-12-20 20:20:00+00:00,2022-12-21 14:30:00+00:00,1,-33.333305077834176,1.1493686707614947,372.0214338741892,132.1247916872674,-151.8600961962339,164.14,174.43,173.44,177.14,-3.0110721630933597,3.174138739143018,6.185210902236378,-1.6692689730912982,4.47596767289343,6.145236645984728,814.7288909342752,2.490811065522027,adverse
MAR-HLT,2022-12-20 18:48:00+00:00,2022-12-21 14:34:00+00:00,-1,11.435494931258209,0.7846517700414422,192.37270739731932,-403.71291783667044,316.77405556913874,129.27,150.45,129.82,151.53,-0.2163537339931736,-0.5137776456379584,-0.29742391164478477,1.687870148452447,0.1031393124080708,-1.5847308360443761,115.05333602281456,5.0205391816974085,mean_revert
XLV-IHI,2022-12-20 16:36:00+00:00,2022-12-21 14:42:00+00:00,-1,-7.723038697660847,0.43792003490553677,458.9377277656705,-605.0181297873165,264.9495605149442,51.44,134.28,51.935,134.97,0.3591364105453678,0.551971586460553,0.19283517591518518,1.8552355731871333,3.0095243877025837,1.1542888145154504,-120.02787042707386,3.359092937660315,adverse
XLV-IHI,2022-12-21 14:43:00+00:00,2022-12-21 14:44:00+00:00,-1,-7.723038697660847,0.43792003490553677,458.9377277656705,-599.3093455356354,262.44956951617985,51.915,134.98,51.93,134.88,0.5275923861115004,0.5863843896020526,0.05879200349055225,2.785607393985763,3.2790526878776087,0.4934452938918459,-38.560663747151764,3.3260666125003944,adverse
XOM-CVX,2022-12-20 20:59:00+00:00,2022-12-21 14:57:00+00:00,-1,2.8252597431984214,1.6095647903788588,395.6526975991363,-228.46606662702004,367.7309366392019,172.64,106.69,173.38,107.49,-1.9097272287188787,-2.4573790610219532,-0.5476518323030746,1.6660634684335345,0.12264832955627109,-1.5434151388772634,121.16291775680652,3.956942250557027,mean_revert
UPS-FDX,2022-12-21 14:42:00+00:00,2022-12-21 15:00:00+00:00,-1,-33.333305077834176,1.1493686707614947,372.0214338741892,-146.34914156459294,168.209118307182,169.81,175.6,170.32,175.13,1.314166492115703,2.364369767373603,1.0502032752578998,2.3547858039630616,3.130223530378959,0.7754377264158974,-156.41558023633732,2.7192324340209124,adverse
XLV-IHI,2022-12-21 15:01:00+00:00,2022-12-21 15:09:00+00:00,-1,-7.723038697660847,0.43792003490553677,458.9377277656705,-597.7412816602863,261.76288292915285,52.1,135.31,52.21,135.47,0.5680787745926708,0.608011569007779,0.03993279441510822,2.8436352910138245,3.0681629012966525,0.22452761028282797,-27.20293421726239,3.333454503294794,adverse
UNP-CSX,2022-12-20 17:39:00+00:00,2022-12-21 15:10:00+00:00,1,-2.1174960425736207,0.15856663846156743,457.4138904297166,2490.7188120128076,-394.9449093738596,30.57,204.68,31.12,207.39,0.23207648225999833,0.3523608920291501,0.12028440976915178,-1.6645713866210592,-0.2476096192419291,1.4169617673791302,291.6237024946502,7.970939709244165,mean_revert
XLV-IHI,2022-12-21 15:10:00+00:00,2022-12-21 15:11:00+00:00,-1,-7.723038697660847,0.43792003490553677,458.9377277656705,-567.2162029748655,248.39533940573912,52.185,135.44,52.19,135.43,0.5961491700549502,0.6055283704039951,0.009379200349044936,2.962656399910285,3.023798290305987,0.06114189039570217,-8.482194131375753,3.162159722448874,adverse
MAR-HLT,2022-12-21 14:48:00+00:00,2022-12-21 15:17:00+00:00,1,11.435494931258209,0.7846517700414422,192.37270739731932,414.8113402142519,-325.4824523323756,126.85,148.42,126.84,147.91,-1.0435106408090462,-0.6533382380879118,0.3901724027211344,-1.6773950062528789,-0.3740170409548223,1.3033779652980566,156.810098291507,5.037838995862869,mean_revert
UPS-FDX,2022-12-21 15:11:00+00:00,2022-12-21 15:25:00+00:00,-1,-33.333305077834176,1.1493686707614947,372.0214338741892,-107.12922387912691,123.13097364966268,169.77,174.94,170.86,175.2,2.0327498148183167,2.8239139604203274,0.7911641456020106,2.679939027691636,3.154640591054047,0.474701563362411,-86.75063316810794,1.9938322887704265,adverse
TMO-DHR,2022-12-20 16:19:00+00:00,2022-12-21 15:33:00+00:00,1,71.26130660692235,0.35672248641509907,420.413467060563,143.07350661846033,-51.0375370210643,255.48,526.74,261.16,537.64,-3.6813091012116104,-1.8895842031361667,1.7917248980754437,-2.967186634475578,-0.31206089081937605,2.6551257436562024,253.10811914363586,3.2402449196241054,mean_revert
MAR-HLT,2022-12-21 15:19:00+00:00,2022-12-21 17:43:00+00:00,1,11.435494931258209,0.7846517700414422,192.37270739731932,381.8858103231304,-299.6473770237547,126.84,148.46,127.17,148.54,-1.0848967116107104,-0.8176688532140162,0.2672278583966943,-1.7500226002998835,-0.337752638011334,1.4122699622885495,97.39682525064173,4.65370199409505,mean_revert
XLV-IHI,2022-12-21 15:12:00+00:00,2022-12-21 19:42:00+00:00,-1,-7.723038697660847,0.43792003490553677,458.9377277656705,-544.7297685667452,238.548079264834,52.19,135.5,52.21,136.07,0.5748739679606132,0.3452595480644618,-0.2296144198961514,2.777435046507715,0.3883844379299161,-2.389050608577799,122.03283089149537,3.044978918121786,mean_revert
UNP-CSX,2022-12-21 15:30:00+00:00,2022-12-21 19:47:00+00:00,1,-2.1174960425736207,0.15856663846156743,457.4138904297166,2380.5705807868417,-377.47907461587073,31.08,208.21,31.16,208.16,0.18233624849066388,0.27026458041374113,0.08792833192307725,-1.7101711757567586,-0.3658870713672336,1.344284104389525,201.6818690202817,7.637731173467882,mean_revert
UPS-FDX,2022-12-21 15:31:00+00:00,2022-12-21 20:40:00+00:00,-1,-33.333305077834176,1.1493686707614947,372.0214338741892,-154.641648667898,177.740266173788,170.12,175.31,169.9,176.43,1.9574834066365554,0.4501904953836515,-1.5072929112529039,2.4197807798156754,0.37534348749542595,-2.0444372923202496,230.2086442580949,2.8816165634858644,mean_revert
XOM-CVX,2022-12-21 16:34:00+00:00,2022-12-21 20:48:00+00:00,-1,2.8252597431984214,1.6095647903788588,395.6526975991363,-210.4838133578989,338.7873349255494,174.54,107.95,174.71,108.16,-2.0377788645962482,-2.205787470575757,-0.16800860597950873,1.8385955557913123,0.35508834211434637,-1.4835072136769658,31.692248804651797,3.670843258865297,mean_revert
MAR-HLT,2022-12-21 20:43:00+00:00,2022-12-21 20:55:00+00:00,1,11.435494931258209,0.7846517700414422,192.37270739731932,221.2657571050739,-173.61656796205605,126.62,148.79,127.11,148.67,-1.5638317957243828,-0.9796735833194106,0.5841582124049722,-1.7196162852482146,-0.3194485300968356,1.400167755151379,126.55737585970535,2.6968332772272405,mean_revert
XOM-CVX,2022-12-22 14:31:00+00:00,2022-12-22 14:42:00+00:00,-1,2.8252597431984214,1.6095647903788588,395.6526975991363,-109.70046399841455,176.57000434007165,174.66,107.83,173.72,106.8,-1.7246310897507726,-1.0067793556605409,0.7178517340902317,1.6836581843926806,3.5609802350918223,1.8773220506991417,-80.64441036523078,1.8957420534662113,adverse
XOM-CVX,2022-12-22 14:52:00+00:00,2022-12-22 14:53:00+00:00,-1,2.8252597431984214,1.6095647903788588,395.6526975991363,-214.33429082160845,344.98492787728355,173.61,106.82,173.52,106.75,-1.1489706514680904,-1.1263011161415761,0.02266953532651428,2.979640004433303,3.027009524091511,0.04736951965820824,-8.559780137175283,3.7009213597132757,adverse
XLV-IHI,2022-12-22 15:51:00+00:00,2022-12-22 17:26:00+00:00,1,-7.723038697660847,0.43792003490553677,458.9377277656705,1308.4023183863562,-572.9755889382384,51.81,135.62,51.72,135.08,0.14232356377195288,0.2888003826209342,0.14647681884898134,-1.7584979518317045,-0.366765851086868,1.3917321007448367,184.39720384883165,7.2534055230359815,mean_revert
XLE-OIH,2022-12-20 16:37:00+00:00,2022-12-22 17:41:00+00:00,-1,-45.490584078172205,3.8435086716072955,458.0337168953786,-30.152275053870763,115.8905306382406,291.16,84.63,289.32,83.88,11.374445200046864,12.417076703752286,1.0426315037054223,2.909584716283119,0.3912455907182655,-2.5183391255648537,-32.35993957598337,0.9222276964260756,mean_revert
XOM-CVX,2022-12-22 15:06:00+00:00,2022-12-22 18:54:00+00:00,-1,2.8252597431984214,1.6095647903788588,395.6526975991363,-214.75118076126788,345.65593924562256,173.25,106.57,168.79,104.29,-1.106579453873394,-1.896771731809622,-0.790192277936228,2.9143903392748514,0.3922097558442045,-2.522180583430647,166.07990923001046,3.614815485231019,mean_revert
UNP-CSX,2022-12-22 14:30:00+00:00,2022-12-22 19:37:00+00:00,1,-2.1174960425736207,0.15856663846156743,457.4138904297166,2939.7891522149857,-466.1524836525115,30.89,207.71,30.71,205.94,0.07161956772144862,0.17228251779842196,0.10066295007697335,-1.7556034826267148,-0.36559152096261943,1.3900119616640954,286.6138302988574,9.31401836739602,mean_revert
MAR-HLT,2022-12-22 19:41:00+00:00,2022-12-22 20:51:00+00:00,-1,11.435494931258209,0.7846517700414422,192.37270739731932,-413.5266812306843,324.4744423870196,125.31,146.1,125.76,146.97,-0.7631185343128948,-0.9957655742489493,-0.2326470399360545,1.6746091318800966,0.09851854211141688,-1.5760905897686797,91.22110211143986,4.984656211459557,mean_revert
TMO-DHR,2022-12-22 14:43:00+00:00,2022-12-23 14:30:00+00:00,1,71.26130660692235,0.35672248641509907,420.413467060563,143.18719607244873,-51.078092605770216,257.38,534.37,258.63,535.67,-4.5031016725588415,-3.716840904898447,0.7862607676603943,-1.9442228182988104,-0.23058926160484838,1.713633556693962,109.36279938374443,3.219675319317517,mean_revert
MAR-HLT,2022-12-23 14:33:00+00:00,2022-12-23 14:38:00+00:00,1,11.435494931258209,0.7846517700414422,192.37270739731932,222.54881376316197,-174.6233206398883,125.89,147.72,125.34,147.21,-1.4542544017800338,-1.6040819990589057,-0.14982759727887185,-2.3338465809628652,-3.068678936603223,-0.734832355640358,-36.023982410820636,2.680028367423634,adverse
XLV-IHI,2022-12-23 14:34:00+00:00,2022-12-23 14:38:00+00:00,-1,-7.723038697660847,0.43792003490553677,458.9377277656705,-666.138855345453,291.7155507848151,52.2,135.61,51.98,135.56,0.5367027641210029,0.3385987658662799,-0.19810399825472302,2.0594002479393834,0.16153676383632662,-1.8978634841030568,128.25622774849722,3.708542888262309,mean_revert
MAR-HLT,2022-12-23 14:39:00+00:00,2022-12-23 14:40:00+00:00,1,11.435494931258209,0.7846517700414422,192.37270739731932,223.4184223655858,-175.30566056902342,125.4,147.27,125.56,147.49,-1.591161105261392,-1.6037844946705064,-0.012623389409114338,-2.9769566078943073,-3.0207245482114744,-0.04376794031716713,-5.515710196169396,2.6954124494774105,adverse
MAR-HLT,2022-12-23 14:50:00+00:00,2022-12-23 14:58:00+00:00,1,11.435494931258209,0.7846517700414422,192.37270739731932,223.27598154801132,-175.19389412938744,125.48,147.26,125.27,147.26,-1.5033145875609648,-1.7133145875609728,-0.21000000000000796,-2.218146089456981,-3.067503108271012,-0.8493570188140311,-49.5763978779848,2.6884417529006486,adverse
XLE-OIH,2022-12-23 14:49:00+00:00,2022-12-23 15:08:00+00:00,1,-45.490584078172205,3.8435086716072955,458.0337168953786,54.6393213333252,-210.0067053553729,293.39,85.48,294.99,86.18,10.337462829180595,9.247006759055466,-1.0904560701251285,-1.8252779922868525,-3.1456054614718916,-1.320327469185039,-61.29260117882227,1.710821563382182,adverse
MAR-HLT,2022-12-23 15:01:00+00:00,2022-12-23 15:09:00+00:00,1,11.435494931258209,0.7846517700414422,192.37270739731932,223.16927007045132,-175.11016277963625,125.54,147.53,126.14,147.63,-1.6551705654721616,-1.1336357424763008,0.5215348229958607,-2.712319578226835,-0.3021609509857929,2.410158627241042,113.69044151141468,2.7001042528922214,mean_revert
XLE-OIH,2022-12-23 15:09:00+00:00,2022-12-23 15:15:00+00:00,1,-45.490584078172205,3.8435086716072955,458.0337168953786,47.50027354652314,-182.56771327978032,295.46,86.1,294.96,86.15,10.024487452784058,9.332312019203698,-0.6921754335803598,-2.3922908125831426,-3.1402692237996357,-0.7479784112164931,-34.36546689646944,1.4869444592167769,adverse
XOM-CVX,2022-12-22 20:52:00+00:00,2022-12-23 15:47:00+00:00,-1,2.8252597431984214,1.6095647903788588,395.6526975991363,-206.04759520809426,331.6469543891842,172.16,105.92,176.63,108.08,-1.1503623401271454,-0.15702228734548385,0.9933400527816616,1.7058328404200058,3.0022094821364353,1.2963766417164295,-208.2872585781438,3.6119294785994356,adverse
XOM-CVX,2022-12-23 15:48:00+00:00,2022-12-23 15:49:00+00:00,-1,2.8252597431984214,1.6095647903788588,395.6526975991363,-239.8762062525046,386.09629563368844,176.7,108.13,176.69,108.105,-0.16750052686441563,-0.13726140710494406,0.030239119759471578,2.9714334658776256,3.011068122823534,0.039634656945908286,-11.4597786744278,4.206133346111747,adverse
XLE-OIH,2022-12-23 15:18:00+00:00,2022-12-23 16:00:00+00:00,1,-45.490584078172205,3.8435086716072955,458.0337168953786,39.77891481405741,-152.89060403495756,296.85,86.51,295.99,86.435,9.838648897425117,9.266912047795643,-0.5717368496294739,-2.6456873990318073,-3.101086740462512,-0.45539934143070493,-23.992534455246382,1.2494630177787205,adverse
XOM-CVX,2022-12-23 15:55:00+00:00,2022-12-23 16:06:00+00:00,-1,2.8252597431984214,1.6095647903788588,395.6526975991363,-239.8541059080404,386.06072369738365,176.69,108.14,176.61,107.97,-0.1935961747682029,2.9839596209058072e-05,0.19362601436441196,2.8343268613827854,3.0175207019926096,0.18319384060982413,-50.64417505501774,4.202180499101276,adverse
MAR-HLT,2022-12-23 15:56:00+00:00,2022-12-23 16:21:00+00:00,1,11.435494931258209,0.7846517700414422,192.37270739731932,221.5457074540919,-173.83623149893674,126.46,148.54,126.6,148.24,-1.5276688532140241,-1.1522733222016086,0.3753955310124155,-1.9893144625642838,-0.2625662860453181,1.7267481765189656,80.47641001719653,2.6908584760545207,mean_revert
XLE-OIH,2022-12-23 16:01:00+00:00,2022-12-23 16:25:00+00:00,1,-45.490584078172205,3.8435086716072955,458.0337168953786,55.26739095855278,-212.42069640630825,295.99,86.37,296.83,86.73,9.516740111450076,8.973076989671426,-0.5436631217786498,-2.851864792731949,-3.199961544075759,-0.34809675134381024,-31.78825563396521,1.741413332877317,adverse
XLE-OIH,2022-12-23 16:26:00+00:00,2022-12-23 18:45:00+00:00,1,-45.490584078172205,3.8435086716072955,458.0337168953786,53.03231272845157,-203.83015384719357,296.83,86.61,299.22,86.59,9.434298030264358,11.9011682036965,2.4668701734321417,-2.764524845653272,-0.30968085633644393,2.454843989316828,129.14793141613282,1.6758990818117887,mean_revert
UNP-CSX,2022-12-23 14:32:00+00:00,2022-12-23 19:21:00+00:00,1,-2.1174960425736207,0.15856663846156743,457.4138904297166,2868.6724749663645,-454.87575120264137,31.015,209.4,31.2,209.54,-0.07135805127860095,0.09144261933677811,0.16280067061537906,-2.205893127762354,-0.27697879644409684,1.9289143313182573,457.7809403941125,9.240862306297602,mean_revert
UPS-FDX,2022-12-22 14:36:00+00:00,2022-12-23 20:28:00+00:00,-1,-33.333305077834176,1.1493686707614947,372.0214338741892,-135.97524451459435,156.28568604420855,171.08,174.94,176.6,177.05,3.342749814818319,6.43758191951153,3.094832104693211,1.6563117652408745,0.3893147969812027,-1.2669969682596718,-423.40473261204636,2.584180444770224,mean_revert
XOM-CVX,2022-12-23 16:07:00+00:00,2023-01-09 14:30:00+00:00,-1,2.8252597431984214,1.6095647903788588,395.6526975991363,-236.1509578122072,380.100266908772,176.55,107.97,177.94,111.17,-0.059970160403793216,-3.8205774896161415,-3.7606073292123483,2.9067769950231157,,,883.8572003438393,4.213822405267616,descreen
MAR-HLT,2022-12-23 18:29:00+00:00,2023-01-09 14:32:00+00:00,1,11.435494931258209,0.7846517700414422,192.37270739731932,221.4931628163844,-173.79500225595336,126.49,148.6,129.8,152.39,-1.5447479594165117,-1.2085781678735543,0.33616979154295734,-1.8136392340781995,3.929775482364372,5.7434147164425715,71.69758872580648,2.7617216463675716,adverse
MAR-HLT,2023-01-09 14:36:00+00:00,2023-01-09 14:37:00+00:00,1,-10.887268792045841,0.9252590480574259,87.94263275746883,201.30634143679978,-186.2605138457365,129.01,152.75,129.1,153.02,-1.4360507987259723,-1.5958707417015034,-0.15981994297553115,-2.4005810398090315,-3.223562364685289,-0.8229813248762574,-34.89727963444636,2.7245116254082724,adverse
MAR-HLT,2023-01-09 14:40:00+00:00,2023-01-09 14:41:00+00:00,1,-10.887268792045841,0.9252590480574259,87.94263275746883,199.98868865517892,-185.04134368734378,129.86,153.81,129.69,153.77,-1.5668253896668318,-1.6998150277445632,-0.13298963807773134,-2.861738907386918,-3.457761574186343,-0.5960226667994251,-29.31594034641597,2.7195170225246503,adverse
MAR-HLT,2023-01-09 14:46:00+00:00,2023-01-09 14:47:00+00:00,1,-10.887268792045841,0.9252590480574259,87.94263275746883,199.0079012165635,-184.1338612355438,130.5,154.64,130.34,154.78,-1.6947903995545062,-1.9843266662825556,-0.28953626672804944,-2.9079097992206977,-4.040386948262291,-1.132477149041593,-60.34195121195856,2.721946444330218,adverse
MAR-HLT,2023-01-09 14:50:00+00:00,2023-01-09 14:51:00+00:00,1,-10.887268792045841,0.9252590480574259,87.94263275746883,198.74899448045872,-183.89430543535983,130.67,154.885,130.85,155.14,-1.7514788663285685,-1.8074199235832111,-0.0559410572546426,-2.856704086740978,-3.020436081036582,-0.16373199429560392,-13.845012303182486,2.7267834236504873,adverse
MAR-HLT,2023-01-09 15:09:00+00:00,2023-01-09 17:30:00+00:00,1,-10.887268792045841,0.9252590480574259,87.94263275746883,199.65045440314833,-184.72838938528955,130.08,154.85,129.685,154.19,-2.3090947996465445,-2.0934238279286603,0.21567097171788419,-2.9754105891068185,-0.3878555514645397,2.5875550376422787,40.34006052811532,2.7187469769295043,mean_revert
MAR-HLT,2023-01-09 18:55:00+00:00,2023-01-10 14:30:00+00:00,-1,-10.887268792045841,0.9252590480574259,87.94263275746883,-432.49503564648415,400.1699449718284,129.47,153.28,128.72,152.54,-1.4664380941964055,-1.5317463986339135,-0.06530830443750801,1.6674341740345702,0.16522476962085889,-1.5022094044137113,22.409883235985568,5.835634219720907,mean_revert
MAR-HLT,2023-01-10 15:26:00+00:00,2023-01-10 15:39:00+00:00,1,-10.887268792045841,0.9252590480574259,87.94263275746883,201.4625018133701,-186.40500264710624,128.91,153.3,128.23,152.06,-2.0449432751575785,-1.5776220555663656,0.46732121959121287,-1.6949245406337972,-0.2767331560543678,1.4181913845794294,91.43878798381803,2.7089140655023707,mean_revert
MAR-HLT,2023-01-10 16:03:00+00:00,2023-01-10 17:42:00+00:00,1,-10.887268792045841,0.9252590480574259,87.94263275746883,202.64147244664122,-187.49585589293434,128.16,152.46,128.39,152.47,-2.017725674789318,-1.7969782652698996,0.22074740951941862,-1.7896740946799077,-0.39825425270653525,1.3914198419733723,42.002348514026764,2.730231589770998,mean_revert
MAR-HLT,2023-01-10 20:26:00+00:00,2023-01-11 14:30:00+00:00,-1,-10.887268792045841,0.9252590480574259,87.94263275746883,-434.14335540835805,401.6950677455941,129.16,152.96,130.93,154.34,-1.480355198818046,-0.9872126851372798,0.4931425136807661,1.7471940466964064,3.8159409466190373,2.0687468999226306,-220.03654589785373,5.9420003139735655,adverse
MAR-HLT,2023-01-11 14:31:00+00:00,2023-01-11 14:32:00+00:00,-1,-10.887268792045841,0.9252590480574259,87.94263275746883,-427.5945541854372,395.635730160157,130.85,154.58,131.35,154.59,-1.289274856671085,-0.7985274471516561,0.49074740951942886,2.166518615015248,4.580253684754664,2.4137350697394164,-215.70721340200643,5.8662936108857915,adverse
MAR-HLT,2023-01-11 14:37:00+00:00,2023-01-11 14:38:00+00:00,-1,-10.887268792045841,0.9252590480574259,87.94263275746883,-422.7617093617219,391.16409675915696,132.06,155.62,132.25,155.53,-1.0415442666507886,-0.7682709523256221,0.27327331432516644,2.8311680852295673,3.9228799828020104,1.0917118975724431,-121.36689288865362,5.83739940160197,adverse
MAR-HLT,2023-01-11 14:49:00+00:00,2023-01-11 16:37:00+00:00,-1,-10.887268792045841,0.9252590480574259,87.94263275746883,-418.7169613655909,387.4216570786246,133.17,156.52,133.4,157.16,-0.7642774099024905,-1.1264432006592244,-0.36216579075673394,2.5717866406773893,0.37279740360290603,-2.1989892370744832,145.8077579025886,5.837201513632324,mean_revert
MAR-HLT,2023-01-11 19:08:00+00:00,2023-01-11 19:57:00+00:00,-1,-10.887268792045841,0.9252590480574259,87.94263275746883,-415.4220998142095,384.3730566161124,134.41,157.74,134.33,157.84,-0.6530934485325304,-0.8256193533382543,-0.17252590480572394,1.6552527429179058,0.206772124190158,-1.4484806187277477,65.84741895052272,5.823654696216499,mean_revert
MAR-HLT,2023-01-11 20:54:00+00:00,2023-01-11 20:55:00+00:00,1,-10.887268792045841,0.9252590480574259,87.94263275746883,193.4994680830126,-179.0371336381065,134.215,158.06,134.34,158.43,-1.1441763439109138,-1.3615221916921598,-0.217345847781246,-1.7571835258176276,-3.061645829410366,-1.3044623035927385,-44.7742845169515,2.717978581227856,adverse
MAR-HLT,2023-01-11 20:57:00+00:00,2023-01-12 14:33:00+00:00,1,-10.887268792045841,0.9252590480574259,87.94263275746883,193.29064534654313,-178.843918511748,134.36,158.42,133.79,157.935,-1.33226960121155,-1.453518962903729,-0.12124936169217904,-2.7698084391335156,-3.313330669233402,-0.5435222300998865,-26.141670854891974,2.705303485553346,adverse
MAR-HLT,2023-01-12 14:50:00+00:00,2023-01-12 14:51:00+00:00,1,-10.887268792045841,0.9252590480574259,87.94263275746883,194.55038661144306,-180.00950551530798,133.49,158.04,133.55,158.26,-1.8506711629497374,-1.9942281535223572,-0.14355699057261972,-2.804608455432897,-3.1726056066728043,-0.36799715123990717,-30.652593440421068,2.723525423740543,adverse
MAR-HLT,2023-01-12 14:53:00+00:00,2023-01-12 15:59:00+00:00,1,-10.887268792045841,0.9252590480574259,87.94263275746883,194.688939681109,-180.1377029966525,133.395,157.98,135.64,159.69,-1.890155620066281,-1.2273485922445104,0.6628070278217706,-2.7273303515868275,-0.2573266876226359,2.4700036639641914,126.28250758131374,2.758689878494053,mean_revert
MAR-HLT,2023-01-12 18:09:00+00:00,2023-01-12 18:27:00+00:00,1,-10.887268792045841,0.9252590480574259,87.94263275746883,191.72103284188347,-177.3916203398676,135.46,160.29,135.44,159.75,-1.9625040210789564,-1.4828641351279543,0.47963988595100204,-1.6761244781978546,0.16304189888340367,1.8391663770812583,89.24180392481753,2.715250401869927,mean_revert
MAR-HLT,2023-01-12 20:47:00+00:00,2023-01-12 20:50:00+00:00,1,-10.887268792045841,0.9252590480574259,87.94263275746883,192.68831509691006,-178.28660699835632,134.78,159.39,135.01,159.84,-1.809770877827276,-1.9961374494531299,-0.1863665716258538,-1.705499095465903,-3.07409449935507,-1.3685954038891668,-38.636269711168595,2.725609034192555,adverse
MAR-HLT,2023-01-12 20:51:00+00:00,2023-01-12 20:53:00+00:00,1,-10.887268792045841,0.9252590480574259,87.94263275746883,192.40280862914165,-178.0224395557747,134.98,159.8,134.96,159.8,-1.9891270875308464,-2.0091270875308282,-0.01999999999998181,-2.976095888850291,-3.0605499084118617,-0.08445401956157061,-6.568789617259421,2.7207334446800884,adverse
MAR-HLT,2023-01-12 20:54:00+00:00,2023-01-12 20:55:00+00:00,1,-10.887268792045841,0.9252590480574259,87.94263275746883,192.43132119710683,-178.04882106726782,134.96,159.755,134.9,159.94,-1.9674904303682297,-2.198663354258855,-0.23117292389062527,-2.715524686229557,-4.308105917405994,-1.5925812311764371,-47.20671685282123,2.7218056835494266,adverse
MAR-HLT,2023-01-13 14:30:00+00:00,2023-01-13 14:31:00+00:00,1,-10.887268792045841,0.9252590480574259,87.94263275746883,192.6740196510241,-178.27338000770433,134.79,159.6,134.995,159.47,-1.994075277919336,-1.6687916016718702,0.3252836762474658,-2.3637868461766502,-0.3034789209520538,2.0603079252245964,59.951749169832176,2.721964259630931,mean_revert
MAR-HLT,2023-01-13 14:33:00+00:00,2023-01-13 14:34:00+00:00,1,-10.887268792045841,0.9252590480574259,87.94263275746883,192.36005561633613,-177.98288194384466,135.01,159.87,134.8,159.93,-2.0238952208948433,-2.289410763778278,-0.2655155428834348,-2.447394606442599,-3.9372020950752638,-1.4898074886326649,-53.794331486375796,2.71974689031806,adverse
MAR-HLT,2023-01-13 14:35:00+00:00,2023-01-13 15:23:00+00:00,1,-10.887268792045841,0.9252590480574259,87.94263275746883,192.71691235352878,-178.31306686879242,134.76,159.7,136.01,161.52,-2.116601182725077,-2.550572650189622,-0.43397146746454496,-2.8521823171122063,-3.29160161631756,-0.43941929920535383,-86.38426894978761,2.75062769049254,adverse
MAR-HLT,2023-01-13 15:25:00+00:00,2023-01-13 15:27:00+00:00,1,-10.887268792045841,0.9252590480574259,87.94263275746883,190.98787401648434,-176.71325850300389,135.98,161.42,136.1,161.69,-2.488046745383855,-2.6178666883593564,-0.1298199429755016,-2.909038713282865,-3.2673221416703013,-0.3582834283874363,-27.52234573488358,2.7283108210497105,adverse
MAR-HLT,2023-01-13 15:28:00+00:00,2023-01-13 15:29:00+00:00,1,-10.887268792045841,0.9252590480574259,87.94263275746883,190.77742678881611,-176.51854030146526,136.13,161.66,136.15,161.74,-2.560108916917642,-2.614129640762229,-0.05402072384458734,-2.9859719823517916,-3.115487247713598,-0.12951526536180635,-13.032157456623969,2.726222768282815,adverse
MAR-HLT,2023-01-13 15:31:00+00:00,2023-01-13 15:32:00+00:00,1,-10.887268792045841,0.9252590480574259,87.94263275746883,191.04407171370852,-176.76525593084054,135.94,161.52,135.88,161.49,-2.620572650189615,-2.6528148787478756,-0.03224222855826042,-2.9966039127661346,-3.0428986446569706,-0.046294731890835994,-8.884931107134037,2.7252444822365076,adverse
MAR-HLT,2023-01-13 15:34:00+00:00,2023-01-13 17:24:00+00:00,1,-10.887268792045841,0.9252590480574259,87.94263275746883,191.3255570116512,-177.02570274965714,135.74,161.29,135.61,160.74,-2.6077630691363822,-2.2288705927047943,0.37889247643158797,-2.770174799794189,-0.3741816243239453,2.3959931754702435,69.77177558847812,2.720038512316495,mean_revert
MAR-HLT,2023-01-13 19:21:00+00:00,2023-01-13 20:05:00+00:00,-1,-10.887268792045841,0.9252590480574259,87.94263275746883,-409.9459733381388,379.3062210458212,136.18,161.27,136.15,161.44,-2.149257888175242,-2.336551926344981,-0.187294038169739,1.6989505371192275,-0.004681458085756966,-1.7036319952049845,70.92796974814823,5.852467029781248,mean_revert
MAR-HLT,2023-01-13 20:15:00+00:00,2023-01-13 20:39:00+00:00,-1,-10.887268792045841,0.9252590480574259,87.94263275746883,-409.0351836048221,378.4635046041921,136.57,161.62,136.65,161.88,-2.0830985549953596,-2.2436659074902536,-0.16056735249489407,1.9953137585960856,0.35764381954716484,-1.6376699390489207,59.81968001044934,5.858016498246278,mean_revert
MAR-HLT,2023-01-13 20:59:00+00:00,2023-01-23 14:30:00+00:00,-1,-10.887268792045841,0.9252590480574259,87.94263275746883,-408.5029109399174,377.9710145049554,136.82,161.77,138.42,165.85,-1.9718874122039551,-4.146944328278266,-2.175056916074311,2.68944016269185,,,882.5555083919489,5.96157328439751,descreen
LMT-NOC,2023-01-23 14:39:00+00:00,2023-01-23 15:10:00+00:00,1,-411.2739272712502,1.9540694844148445,259.20162686452886,37.63464141309709,-73.5407043422282,449.74,444.76,448.5,442.52,-8.078016617096011,-4.940900972006773,3.1371156450892386,-1.8092053747662478,0.0005686699628046993,1.8097740447290525,115.59310391638624,2.471118457964843,mean_revert
V-MA,2023-01-23 14:43:00+00:00,2023-01-24 14:30:00+00:00,-1,-45.436667213789605,1.8836353151372707,367.9794309658461,-53.8780841124912,101.48666194622474,377.84,223.59,349.0,238.05,2.114647102247261,-53.962719554637715,-56.077366656884976,1.7529658822117395,-26.165897787927427,-27.918863670139167,3019.192959985078,2.1481175615779113,adverse
LMT-NOC,2023-01-23 20:30:00+00:00,2023-01-24 14:32:00+00:00,-1,-411.2739272712502,1.9540694844148445,259.20162686452886,-79.80898239472138,155.9522970797266,450.42,441.46,452.92,440.18,-0.9495873185269375,4.051621621523964,5.001208940050901,1.7265496855602016,4.138561340443173,2.4120116548829715,-404.38110457058787,5.239708321738563,adverse
LMT-NOC,2023-01-24 14:35:00+00:00,2023-01-24 14:37:00+00:00,-1,-411.2739272712502,1.9540694844148445,259.20162686452886,-18.400600114578886,35.95605117881889,451.72,441.07,452.0,440.39,1.112499780394785,2.7212670297968202,1.6087672494020353,2.545987527912469,3.297633219511704,0.7516456915992351,-30.80987066520016,1.2075878315214852,adverse
LMT-NOC,2023-01-24 14:41:00+00:00,2023-01-24 14:55:00+00:00,-1,-411.2739272712502,1.9540694844148445,259.20162686452886,-15.414213526810151,30.120444278994235,452.3,441.06,460.27,447.8,1.7120404752389504,-3.488387849717185,-5.200428324956135,2.6733083657013865,0.17744003006564485,-2.4958683356357416,79.13138088133906,1.0291317504059263,mean_revert
LMT-NOC,2023-01-24 15:02:00+00:00,2023-01-24 15:07:00+00:00,-1,-411.2739272712502,1.9540694844148445,259.20162686452886,-21.83113320279772,42.65955120178273,453.21,442.26,452.73,440.41,0.27715709394112764,3.4121856401084756,3.135028546167348,1.8971697402715644,3.266058824306622,1.3688890840350578,-69.87479087993852,1.4335650939839875,adverse
LMT-NOC,2023-01-24 15:08:00+00:00,2023-01-24 15:09:00+00:00,-1,-411.2739272712502,1.9540694844148445,259.20162686452886,-22.047771601549073,43.082877685935244,453.12,441.37,454.51,441.53,1.9262789350703429,3.003627817563995,1.0773488824936521,2.5793695493950684,3.0451950288398506,0.46582547944478225,-25.205307879169197,1.452165782764553,adverse
KO-PEP,2023-01-23 20:55:00+00:00,2023-01-24 15:15:00+00:00,1,-17.990605043970085,3.1573139159114314,650.6645186297249,48.588292526606395,-153.40849214462978,168.89,60.225,169.32,60.03,-3.268625541795899,-2.2229493281931525,1.0456762136027464,-1.726596287132485,-0.22223907157184764,1.5043572155606373,49.935817680941575,0.8718040737023558,mean_revert
LMT-NOC,2023-01-24 15:10:00+00:00,2023-01-24 15:20:00+00:00,-1,-411.2739272712502,1.9540694844148445,259.20162686452886,-23.774833632085322,46.45767689749767,454.96,443.2,453.43,440.69,0.19033177859114403,3.5650461844724077,3.3747144058812637,1.7762429311949541,3.157260732834212,1.3810178016392578,-81.79595637791657,1.5626828222877347,adverse
LMT-NOC,2023-01-24 15:21:00+00:00,2023-01-24 15:49:00+00:00,-1,-411.2739272712502,1.9540694844148445,259.20162686452886,-20.068671842844658,39.21557924083817,453.52,441.3,455.59,441.09,2.463063798979249,4.9434183907064835,2.4803545917272345,2.6613881730595073,3.3592214083707823,0.6978332353112751,-51.099456657876885,1.3220343026111452,adverse
LMT-NOC,2023-01-24 15:50:00+00:00,2023-01-24 16:07:00+00:00,-1,-411.2739272712502,1.9540694844148445,259.20162686452886,-16.112980676459358,31.48588384283529,456.23,442.18,456.74,445.44,3.4534826526942766,-2.406783866498074,-5.860266519192351,2.741519357307546,0.3066658392557201,-2.434853518051826,93.3571354379927,1.06922574465593,mean_revert
LMT-NOC,2023-01-24 16:17:00+00:00,2023-01-24 17:10:00+00:00,1,-411.2739272712502,1.9540694844148445,259.20162686452886,6.925580285480521,-13.533065097722533,455.79,447.71,455.97,445.99,-7.792521596119741,-4.2515220829263285,3.5409995131934124,-1.890428629510373,-0.36893991688506356,1.5214887126253094,24.063802992183707,0.4596734272851912,mean_revert
KO-PEP,2023-01-24 17:03:00+00:00,2023-01-24 20:58:00+00:00,1,-17.990605043970085,3.1573139159114314,650.6645186297249,70.94317536830637,-223.9898748292988,169.53,60.38,170.84,60.625,-3.1180091987621665,-2.581551108160454,0.5364580906017125,-1.7113299847732488,-0.20265302386919987,1.508676960904049,36.77307448723149,1.2849659120723849,mean_revert
LMT-NOC,2023-01-24 18:09:00+00:00,2023-01-25 14:30:00+00:00,1,-411.2739272712502,1.9540694844148445,259.20162686452886,37.16689422293871,-72.6266938315189,455.4,447.83,459.57,448.01,-8.41700993424962,-4.598742441444301,3.818267492805319,-1.890583600387317,0.021226345027475838,1.911809945414793,139.43223028590637,2.4809137340747363,mean_revert
LMT-NOC,2023-01-25 14:38:00+00:00,2023-01-25 15:06:00+00:00,1,-411.2739272712502,1.9540694844148445,259.20162686452886,36.65736172465789,-71.6310319253107,461.73,452.22,463.19,455.46,-10.665374970830783,-15.536560100334782,-4.871185129503999,-1.8482993072172937,-3.054434205700893,-1.2061348984835991,-181.04501497890078,2.480219658897315,adverse
LMT-NOC,2023-01-25 15:07:00+00:00,2023-01-25 15:50:00+00:00,1,-411.2739272712502,1.9540694844148445,259.20162686452886,36.55602174710327,-71.43300656761994,463.01,454.36,461.76,449.95,-13.567083667478585,-6.199637241209018,7.3674464262695665,-2.479617403373665,-0.2987283843423809,2.1808890190312837,266.8734622839745,2.45106949535215,mean_revert
KO-PEP,2023-01-25 14:34:00+00:00,2023-01-25 18:22:00+00:00,-1,-17.990605043970085,3.1573139159114314,650.6645186297249,-157.32235011225384,496.7160452933094,170.54,60.24,170.56,60.435,-1.6659852505345611,-2.2616614641372905,-0.5956762136027294,1.9115094202961065,0.3364145536047592,-1.5750948666913474,90.87058511832642,2.842596711622358,mean_revert
LMT-NOC,2023-01-25 17:25:00+00:00,2023-01-26 14:30:00+00:00,1,-411.2739272712502,1.9540694844148445,259.20162686452886,36.58367619661584,-71.48704528352073,462.66,453.23,454.04,455.0,-11.708985150089802,-23.787688137504006,-12.078702987414204,-1.6917858239529278,-3.4853525032068573,-1.7935666792539295,-444.3402118638748,2.4568528972156694,adverse
LMT-NOC,2023-01-26 14:33:00+00:00,2023-01-26 14:38:00+00:00,1,-411.2739272712502,1.9540694844148445,259.20162686452886,36.997100765320084,-72.29490561733307,457.49,455.12,454.79,454.66,-20.572176475633853,-22.373304512802974,-1.8011280371691214,-2.7352677928867544,-3.092973068290002,-0.3577052754032475,-69.1212911446439,2.484775662251829,adverse
LMT-NOC,2023-01-26 14:46:00+00:00,2023-01-26 14:51:00+00:00,1,-411.2739272712502,1.9540694844148445,259.20162686452886,36.89307212416907,-72.09162642415474,458.78,456.77,459.4,457.63,-22.506391124918252,-23.56689088151512,-1.0604997565968688,-2.9685431917754594,-3.1071467205075005,-0.13860352873204107,-41.62209242450553,2.49699841671646,adverse
LMT-NOC,2023-01-26 14:57:00+00:00,2023-01-26 15:25:00+00:00,1,-411.2739272712502,1.9540694844148445,259.20162686452886,36.63911080856846,-71.59536836711773,461.96,458.97,464.2,461.08,-23.625343990630995,-25.50843060274633,-1.883086612115335,-2.985640908727227,-3.094878213399827,-0.10923730467260029,-71.49557242762403,2.500953384202406,adverse
LMT-NOC,2023-01-26 15:26:00+00:00,2023-01-26 15:32:00+00:00,1,-411.2739272712502,1.9540694844148445,259.20162686452886,36.42386027055949,-71.17475385929052,464.69,460.8,461.33,459.88,-24.47129114711015,-26.033547221448543,-1.5622560743383929,-2.8802257562986164,-3.1211353922908036,-0.24090963599218718,-59.380160221703356,2.4767632631713865,adverse
LMT-NOC,2023-01-26 15:34:00+00:00,2023-01-26 15:36:00+00:00,1,-411.2739272712502,1.9540694844148445,259.20162686452886,36.59474969542136,-71.50868366962231,462.52,460.0,458.11,458.98,-25.078035559578268,-27.494884685475142,-2.4168491258968743,-2.9056659337527524,-3.335789223867821,-0.43012329011506845,-90.9232626344762,2.4792738206826366,adverse
LMT-NOC,2023-01-26 16:05:00+00:00,2023-01-26 16:06:00+00:00,1,-411.2739272712502,1.9540694844148445,259.20162686452886,37.036769429160366,-72.37242094283087,457.0,459.17,456.29,459.45,-28.97615788751392,-30.23329734315007,-1.2571394556361497,-2.976464358058259,-3.16523616123282,-0.1887718031745611,-49.067934974944535,2.5075508162507614,adverse
V-MA,2023-01-26 20:15:00+00:00,2023-01-27 14:30:00+00:00,1,-45.436667213789605,1.8836353151372707,367.9794309658461,46.28730502799222,-87.18840239325709,374.6,224.6,378.29,229.6,-3.0278245660413177,-8.756001141727722,-5.728176575686405,-1.7028726159144902,-3.6277511133279923,-1.924878497413502,-267.01828050342084,1.8764240904265503,adverse
LMT-NOC,2023-01-26 16:10:00+00:00,2023-01-27 18:20:00+00:00,1,-411.2739272712502,1.9540694844148445,259.20162686452886,36.94138467223861,-72.18603250005175,458.18,460.13,436.36,459.08,-29.672064592552147,-49.440291633916615,-19.76822704136447,-2.9887398184740714,-0.9457478060418301,2.0429920124322414,-732.7286247439762,2.46294532078509,time_stop
KO-PEP,2023-01-26 15:37:00+00:00,2023-01-27 19:44:00+00:00,1,-17.990605043970085,3.1573139159114314,650.6645186297249,70.55198287199495,-222.75475731689463,170.47,60.72,170.02,60.63,-3.251495930172041,-3.4173376777399938,-0.16584174756795278,-1.7517408492967042,-0.38162571792074274,1.3701151313759614,-12.975507587078228,1.2750434532009953,mean_revert
V-MA,2023-01-27 15:11:00+00:00,2023-01-30 14:30:00+00:00,1,-45.436667213789605,1.8836353151372707,367.9794309658461,45.64154899575122,-85.97203352596503,379.9,231.45,370.94,229.77,-10.63072647473166,-16.426219145301104,-5.795492670569445,-2.955740504378068,,,-266.3494661946978,1.8342035163872474,descreen
XLF-KBE,2023-01-30 14:30:00+00:00,2023-01-30 15:59:00+00:00,-1,-3.424253841484592,1.416787180236504,691.4674962005608,-949.4880817535252,1345.222542015744,47.71,36.08,47.69,36.225,0.01657237855152971,-0.2088617625827709,-0.2254341411343006,1.9622546986365426,0.2765067091960208,-1.6857479894405218,209.34644156719327,4.700588660167297,mean_revert
KO-PEP,2023-01-30 16:43:00+00:00,2023-01-30 19:18:00+00:00,1,-45.12095855315954,3.5787898440941777,443.98716909748765,64.26504175701466,-229.9910787702923,169.92,60.95,169.46,60.605,-3.0862824443806005,-2.311599948168066,0.7746824962125345,-1.6919884932510831,-0.3399835697518293,1.352004923499254,48.54355480227592,1.2414481652508633,mean_revert
KO-PEP,2023-01-31 14:30:00+00:00,2023-01-31 15:05:00+00:00,1,-45.12095855315954,3.5787898440941777,443.98716909748765,64.07649275526306,-229.3163015177096,170.42,61.11,169.91,60.76,-3.158888819435674,-2.4163123740027004,0.7425764454329737,-1.8501695320120943,-0.2977493394654777,1.5524201925466166,46.340669457801965,1.241024768213139,mean_revert
XLF-KBE,2023-01-31 14:35:00+00:00,2023-01-31 15:09:00+00:00,-1,-3.424253841484592,1.416787180236504,691.4674962005608,-1040.0081818648312,1473.4702594071673,47.59,36.015,47.44,36.01,-0.011336454733097412,-0.15425251883191748,-0.14291606409882007,1.9442017487134353,0.1071141474483639,-1.8370876012650714,143.51399337324497,5.119882609445984,mean_revert
XLF-KBE,2023-01-31 15:33:00+00:00,2023-01-31 15:43:00+00:00,-1,-3.424253841484592,1.416787180236504,691.4674962005608,-1009.4222610633673,1430.1365189199244,47.78,36.135,47.89,36.14,0.008649083638523791,0.11156514773733761,0.10291606409881382,2.1476327276133387,3.411802447676775,1.2641697200634363,-108.88708441617108,5.001318293804536,adverse
XLF-KBE,2023-01-31 17:29:00+00:00,2023-01-31 17:37:00+00:00,-1,-3.424253841484592,1.416787180236504,691.4674962005608,-429.04652589536084,607.8676176135565,48.22,36.22,48.27,36.24,0.32822217331841586,0.3498864297136919,0.021664256395276027,2.9994556132384904,3.0437212249906294,0.044265611752138945,-11.431933855861061,2.136959913364218,adverse
PSA-EXR,2023-01-30 15:59:00+00:00,2023-01-31 19:13:00+00:00,1,-12.481336399575945,0.5667194761558052,316.3619262578526,436.5398218606754,-247.39561916603046,155.1,299.21,157.22,303.62,-1.986798061002503,-2.36603095084962,-0.3792328898471169,-1.770832373359745,-0.36647631596560326,1.4043560573941418,-172.73761061177294,7.187352434206277,mean_revert
XLF-KBE,2023-01-31 17:38:00+00:00,2023-02-01 15:38:00+00:00,-1,-3.424253841484592,1.416787180236504,691.4674962005608,-428.69091335835685,607.3637903299979,48.26,36.24,48.94,36.41,0.33988642971368677,0.7790326090734823,0.4391461793597955,2.963299806421966,3.031883382276108,0.06858357585414199,-190.41268917286985,2.1547124452836597,adverse
KO-PEP,2023-01-31 19:14:00+00:00,2023-02-01 15:43:00+00:00,1,-45.12095855315954,3.5787898440941777,443.98716909748765,64.21213627750164,-229.8017411775142,170.06,60.98,170.0,60.84,-3.053646139703403,-2.612615561530248,0.44103057817315516,-1.6945591304191627,-0.3020976464266755,1.3924614839924871,27.074655533179477,1.2448600550207622,mean_revert
PSA-EXR,2023-02-01 18:42:00+00:00,2023-02-01 19:08:00+00:00,-1,-12.481336399575945,0.5667194761558052,316.3619262578526,-441.3468716733862,250.1198679177448,156.56,301.72,156.01,301.91,-1.949263946153593,-2.6069406466232294,-0.6576767004696364,1.8035747237269635,0.39246442887543653,-1.411110294851527,283.0451435860978,7.218410738640566,mean_revert
PSA-EXR,2023-02-01 19:31:00+00:00,2023-02-01 19:36:00+00:00,-1,-12.481336399575945,0.5667194761558052,316.3619262578526,-404.42623482607667,229.19622394429882,155.82,300.53,155.38,300.8,-2.0148677695281663,-2.6078820280902733,-0.593014258562107,1.6895412589340084,0.3862391859066371,-1.3033020730273712,233.2414251619563,6.589098626486043,mean_revert
PSA-EXR,2023-02-01 20:35:00+00:00,2023-02-01 20:53:00+00:00,-1,-12.481336399575945,0.5667194761558052,316.3619262578526,-239.71290634748274,135.849972713031,158.81,305.57,158.075,305.51,-1.8811339293534388,-2.5821307607841106,-0.7009968314306718,1.9244350519444637,0.39278732413171774,-1.531647727812746,164.06818066089912,3.969807141721822,mean_revert
KO-PEP,2023-02-02 14:30:00+00:00,2023-02-02 14:40:00+00:00,1,-45.12095855315954,3.5787898440941777,443.98716909748765,64.76050228532753,-231.76422787716797,168.62,60.71,169.11,60.64,-3.5273728817979872,-2.7868575927113852,0.740515289086602,-2.513671998387528,-0.3578992446429543,2.155772753744574,46.70585050521574,1.2502915659971605,mean_revert
PSA-EXR,2023-02-02 14:31:00+00:00,2023-02-02 14:44:00+00:00,-1,-12.481336399575945,0.5667194761558052,316.3619262578526,-332.632463210262,188.50929530293485,161.25,309.24,162.23,310.55,-1.5209944068452614,-1.2833969206093627,0.2375974862358987,2.640207591514515,3.0025275193317844,0.3623199278172695,-84.65786340735464,5.625226308146361,adverse
PSA-EXR,2023-02-02 14:45:00+00:00,2023-02-02 14:47:00+00:00,-1,-12.481336399575945,0.5667194761558052,316.3619262578526,-429.2674566440695,243.27422816006188,161.93,310.31,162.5,310.79,-1.44738424633195,-1.1494095948867482,0.29797465144520174,2.65341375169212,3.2262076868388894,0.5727939351467692,-135.1789787240089,7.268157953726345,adverse
PSA-EXR,2023-02-02 14:48:00+00:00,2023-02-02 14:49:00+00:00,-1,-12.481336399575945,0.5667194761558052,316.3619262578526,-427.72706078658894,242.40125582663794,162.29,311.0,162.54,310.68,-1.4784206848794668,-1.0470704525096153,0.4313502323698515,2.548496432967077,3.3945249970673106,0.8460285641002336,-191.7417659921933,7.241598931023601,adverse
KO-PEP,2023-02-02 15:07:00+00:00,2023-02-02 15:35:00+00:00,-1,-45.12095855315954,3.5787898440941777,443.98716909748765,-140.2491041716755,501.92206965289864,169.03,60.43,170.4,60.71,-2.115311725451619,-1.747372881797986,0.36793884365363283,1.9874153344401182,3.14790525357765,1.160489919137532,-54.32160002235792,2.7185068099740493,adverse
KO-PEP,2023-02-02 15:36:00+00:00,2023-02-02 16:00:00+00:00,-1,-45.12095855315954,3.5787898440941777,443.98716909748765,-139.01214243168764,497.495243540297,170.44,60.74,170.27,60.66,-1.8147365771208115,-1.698433389593248,0.11630318752756352,2.915629485303027,3.1359019482850257,0.22027246298199854,-18.859938218091177,2.6923829482498935,adverse
KO-PEP,2023-02-02 16:02:00+00:00,2023-02-02 16:03:00+00:00,-1,-45.12095855315954,3.5787898440941777,443.98716909748765,-139.22820317697514,498.26847954123934,170.14,60.635,170.07,60.565,-1.7389636434909335,-1.5584483544043337,0.18051528908659975,2.981346598099004,3.536379325058557,0.5550327269595532,-27.82562789438575,2.692808548886166,adverse
KO-PEP,2023-02-02 17:17:00+00:00,2023-02-02 17:18:00+00:00,-1,-45.12095855315954,3.5787898440941777,443.98716909748765,-132.57866098234206,474.47116546721077,169.62,60.335,169.64,60.31,-1.1853266902626558,-1.0758569441603356,0.10946974610232019,2.968626167211327,3.1854095929738335,0.21678342576250653,-17.068652358242623,2.5553000019185994,adverse
PSA-EXR,2023-02-02 16:07:00+00:00,2023-02-03 19:39:00+00:00,-1,-12.481336399575945,0.5667194761558052,316.3619262578526,-418.7146922409073,237.2937710455062,165.29,313.56,162.21,307.42,0.07077745616166453,0.47043503975831413,0.3996575835966496,2.824790509529419,0.39952994154644844,-2.42526056798297,-174.38593018357722,7.043428066160355,mean_revert
XLF-KBE,2023-02-01 15:39:00+00:00,2023-02-06 14:30:00+00:00,-1,-3.424253841484592,1.416787180236504,691.4674962005608,-422.9937329518361,599.2920981665446,48.91,36.4,50.035,36.41,0.7632004808758452,1.8740326090734811,1.1108321281976359,2.9539175691606476,,,-472.02426442527576,2.1492358361244497,descreen
KO-PEP,2023-02-02 18:24:00+00:00,2023-02-06 14:30:00+00:00,-1,-45.12095855315954,3.5787898440941777,443.98716909748765,-133.0069346907596,476.003867065388,169.04,60.015,169.9,60.09,-0.6201139401525495,-0.028523178459607834,0.5915907616929417,2.885695369793605,,,-81.24572133294558,2.560047528795961,descreen
PSA-EXR,2023-02-06 15:05:00+00:00,2023-02-06 20:25:00+00:00,-1,-5.074973759559602,0.5389744024055811,159.40552523763523,-197.16694598677802,106.26793688735718,164.78,305.51,167.7,307.65,5.1929040806305125,6.959498859482579,1.7665947788520668,2.98290221951874,0.9677398923935862,-2.0151623271251538,-351.6020087237153,3.287911381268905,time_stop
SLB-HAL,2023-02-06 16:02:00+00:00,2023-02-07 14:30:00+00:00,1,0.20334406904514146,0.7202351547183423,425.5609248792373,767.9205714338397,-553.0833915780494,37.85,52.88,38.61,53.25,-0.4393790505510893,0.05413394220312995,0.4935129927542192,-1.6829142352607724,-0.3472414373930188,1.3356727978677536,376.02372421261015,2.955055193229584,mean_revert
MAR-HLT,2023-02-06 14:31:00+00:00,2023-02-07 14:34:00+00:00,-1,20.269818524835955,0.7171554697118234,259.8618311061347,-198.49971071991067,142.3551532789986,146.69,173.53,145.34,171.79,1.9721928160713276,1.870043333369921,-0.10214948270140667,1.9049617495962654,0.3748460919519019,-1.5301156576443635,17.61138577952785,2.6652569868915497,mean_revert
MAR-HLT,2023-02-07 15:02:00+00:00,2023-02-07 16:35:00+00:00,-1,20.269818524835955,0.7171554697118234,259.8618311061347,-199.23313421487302,142.88113195002603,146.15,172.09,145.95,172.5,2.4648966924563354,1.970862949874487,-0.4940337425818484,1.9178587039876156,0.23583961249684873,-1.682019091490767,95.74163738248618,2.68625356000201,mean_revert
PSA-EXR,2023-02-07 14:41:00+00:00,2023-02-07 19:31:00+00:00,-1,-5.074973759559602,0.5389744024055811,159.40552523763523,-195.35307173171356,105.29030509469494,166.31,302.015,167.11,303.15,8.606619617038035,8.794883670307712,0.18826405326967688,1.7014180467201399,0.3444317206912216,-1.3569863260289183,-40.006171493222446,3.2282103903271713,mean_revert
MAR-HLT,2023-02-07 19:06:00+00:00,2023-02-07 20:25:00+00:00,1,20.269818524835955,0.7171554697118234,259.8618311061347,436.8873468726505,-313.316150457608,146.19,173.58,147.72,175.14,1.4363350425857107,1.8475725098353166,0.41123746724960597,-1.8857661678977329,-0.3874633972407786,1.4983027706569543,173.69388652773674,5.970559473558669,mean_revert
PSA-EXR,2023-02-07 20:44:00+00:00,2023-02-08 14:35:00+00:00,-1,-5.074973759559602,0.5389744024055811,159.40552523763523,-192.74542809504794,103.88485192393638,168.56,302.96,166.44,301.17,10.347288806764766,9.192052987070724,-1.1552358196940418,1.662913928950829,0.29447646974333386,-1.3684374592074953,219.49804512235656,3.168377495303585,mean_revert
MAR-HLT,2023-02-08 14:32:00+00:00,2023-02-08 14:36:00+00:00,-1,20.269818524835955,0.7171554697118234,259.8618311061347,-197.44980379401704,141.60220678440567,147.47,173.73,147.2,174.11,2.6087617221289747,2.0662426436384465,-0.5425190784905283,2.3690205901224775,0.3458230401057867,-2.0231975500166905,104.43433703537855,2.685948567085609,mean_revert
MAR-HLT,2023-02-08 14:51:00+00:00,2023-02-08 14:59:00+00:00,-1,20.269818524835955,0.7171554697118234,259.8618311061347,-197.55697513741566,141.67906529952035,147.39,173.79,148.54,174.83,2.4857323939462503,2.8898907054459357,0.4041583114996854,1.9114789352522032,3.381997719450048,1.4705187841978449,-82.55003670018641,2.7057432036613434,adverse
MAR-HLT,2023-02-08 15:00:00+00:00,2023-02-08 15:03:00+00:00,-1,20.269818524835955,0.7171554697118234,259.8618311061347,-196.45069872826673,140.88569312168605,148.22,174.665,148.52,174.77,2.6882213579484073,2.912920033628666,0.22469867568025848,2.63000938553404,3.4174753886426323,0.7874660031085923,-46.83218435880262,2.689972518099962,adverse
SLB-HAL,2023-02-08 14:30:00+00:00,2023-02-08 15:08:00+00:00,-1,0.20334406904514146,0.7202351547183423,425.5609248792373,-1371.499278173318,987.8019948112545,39.26,53.8,39.17,54.2,0.3080046071080389,-0.07008945477929984,-0.37809406188733874,1.891930347512172,0.04252389529998917,-1.849406452212183,513.1927082178601,5.363024742240944,mean_revert
MAR-HLT,2023-02-08 15:04:00+00:00,2023-02-08 15:08:00+00:00,-1,20.269818524835955,0.7171554697118234,259.8618311061347,-196.199195239564,140.70532601911128,148.41,174.78,148.35,174.53,2.795748478931529,2.9150373463594974,0.11928886742796863,2.9777140073778687,3.3280908819204718,0.350376874542603,-26.087552348598777,2.6831725581952406,adverse
MAR-HLT,2023-02-08 15:13:00+00:00,2023-02-08 15:15:00+00:00,-1,20.269818524835955,0.7171554697118234,259.8618311061347,-196.45069872826673,140.88569312168605,148.22,174.47,148.51,174.68,2.828066674542214,2.9674640259027,0.13939735136048625,2.9001391956133005,3.3303761669064227,0.4302369712931222,-30.073947382772147,2.6892403071315503,adverse
MAR-HLT,2023-02-08 15:22:00+00:00,2023-02-08 15:23:00+00:00,-1,20.269818524835955,0.7171554697118234,259.8618311061347,-196.46395361651503,140.8951989372937,148.21,174.38,148.12,174.18,2.882610666816305,2.9360417607586555,0.05343109394235057,2.8849561831709645,3.0380359843450226,0.15307980117405817,-13.17935228999892,2.6820683280288016,adverse
PSA-EXR,2023-02-08 17:17:00+00:00,2023-02-08 18:08:00+00:00,-1,-5.074973759559602,0.5389744024055811,159.40552523763523,-194.80255042391943,104.99358820181506,166.78,299.73,167.24,301.79,10.308176126534761,9.65788885757928,-0.6502872689554806,1.6701402013981264,0.11855983226253346,-1.551580369135593,123.46437882491867,3.2132396758161024,mean_revert
MAR-HLT,2023-02-08 15:24:00+00:00,2023-02-08 18:15:00+00:00,-1,20.269818524835955,0.7171554697118234,259.8618311061347,-196.5302548967582,140.942747263069,148.16,174.27,147.57,174.5,2.9114977684845655,2.1565520104508664,-0.7549457580336991,2.9401335022727366,0.09892690249161475,-2.8412065997811218,145.68985830396645,2.679823955626007,mean_revert
MAR-HLT,2023-02-09 14:30:00+00:00,2023-02-09 14:31:00+00:00,-1,20.269818524835955,0.7171554697118234,259.8618311061347,-194.74266028293,139.66076400813472,149.52,175.77,150.595,176.31,3.195764563916839,3.883500610272449,0.6877360463556101,2.7079078576968247,4.438696556183461,1.7307886984866365,-136.629090251135,2.6975430113791035,adverse
MAR-HLT,2023-02-09 14:38:00+00:00,2023-02-09 14:43:00+00:00,-1,20.269818524835955,0.7171554697118234,259.8618311061347,-194.248983092086,139.30672071044899,149.9,176.03,150.3,176.44,3.3893041417917686,3.4952703992099146,0.10596625741814591,2.938784612495724,3.091546006758698,0.1527613942629742,-23.272582743596512,2.688744998044607,adverse
SLB-HAL,2023-02-08 20:07:00+00:00,2023-02-09 14:48:00+00:00,1,0.20334406904514146,0.7202351547183423,425.5609248792373,741.2852238911204,-533.8996779196422,39.21,54.69,38.78,54.4,-0.38300468059128434,-0.604136485722961,-0.22113180513167663,-1.7567909423546741,-3.0816944381059113,-1.3249034957512371,-166.8112988495521,2.889559173066309,adverse
MAR-HLT,2023-02-09 15:08:00+00:00,2023-02-09 15:09:00+00:00,-1,20.269818524835955,0.7171554697118234,259.8618311061347,-192.93614209848724,138.36520961102772,150.92,176.93,150.98,176.78,3.7638642190511007,3.9314375395078685,0.16757332045676776,2.951231870754625,3.249398415879622,0.2981665451249973,-35.01043499201798,2.6794850244533537,adverse
SLB-HAL,2023-02-09 15:20:00+00:00,2023-02-09 15:23:00+00:00,1,0.20334406904514146,0.7202351547183423,425.5609248792373,755.9374155727135,-544.4527014623972,38.45,54.07,38.46,54.2,-0.6964588846659083,-0.7800894547793007,-0.08363057011339237,-2.9603499625472045,-3.3774872520728296,-0.4171372895256251,-66.14861150549682,2.9291344711094243,adverse
PSA-EXR,2023-02-08 20:46:00+00:00,2023-02-09 16:14:00+00:00,1,-5.074973759559602,0.5389744024055811,159.40552523763523,431.33383541101927,-232.4778961779614,165.92,300.92,166.34,300.98,8.806796587672125,9.194458123527795,0.38766153585567054,-1.7547248805658517,-0.38437157279943396,1.3703533077664178,160.12557373326115,7.085963368695588,mean_revert
SLB-HAL,2023-02-09 17:11:00+00:00,2023-02-09 17:12:00+00:00,1,0.20334406904514146,0.7202351547183423,425.5609248792373,764.2859223973397,-550.465589566899,38.03,54.305,37.96,54.25,-1.2857141460247234,-1.316101212515214,-0.03038706649049061,-2.997574892774104,-3.0703817383309957,-0.07280684555689154,-26.168159734045073,2.943752592410364,adverse
SLB-HAL,2023-02-09 17:13:00+00:00,2023-02-09 17:14:00+00:00,1,0.20334406904514146,0.7202351547183423,425.5609248792373,764.6880723170437,-550.7552320765369,38.01,54.29,38.0,54.285,-1.2949106187039519,-1.3013094429303536,-0.0063988242264017,-2.9968795836685675,-3.0016534686797334,-0.004773885011165824,-7.840899288850945,2.9477947260661232,adverse
SLB-HAL,2023-02-09 17:15:00+00:00,2023-02-09 17:19:00+00:00,1,0.20334406904514146,0.7202351547183423,425.5609248792373,765.0906456638808,-551.0451795532816,37.99,54.27,37.905,54.27,-1.300505915609584,-1.3855059156095848,-0.08500000000000085,-2.9860734703050444,-3.1680472716587222,-0.1819738013536778,-67.97800402234282,2.9452991409123,adverse
SLB-HAL,2023-02-09 17:47:00+00:00,2023-02-09 17:56:00+00:00,1,0.20334406904514146,0.7202351547183423,425.5609248792373,772.6154606265507,-556.464815822147,37.62,54.0,37.53,53.97,-1.4760424238356293,-1.5444353691940762,-0.06839294535844687,-2.9702714597168045,-3.017920266816512,-0.047648807099707646,-55.79288019908345,2.951433217361786,adverse
MAR-HLT,2023-02-09 16:00:00+00:00,2023-02-10 15:05:00+00:00,-1,20.269818524835955,0.7171554697118234,259.8618311061347,-191.51488138321292,137.3459447151822,152.04,177.13,147.22,171.31,4.740433125108751,4.0942779588315545,-0.6461551662771967,2.910826048230524,0.3201476375226934,-2.590678410707831,121.16215229340581,2.586177731319723,mean_revert
PSA-EXR,2023-02-10 14:41:00+00:00,2023-02-10 20:01:00+00:00,1,-5.074973759559602,0.5389744024055811,159.40552523763523,155.94803626210393,-84.05199965069136,163.15,296.9,162.02,299.34,8.203473685342601,5.7583761434729865,-2.4450975418696146,-1.718047618657491,-0.9126012683971324,0.8054463502603585,-383.8295014443946,2.521341320531201,time_stop
SLB-HAL,2023-02-09 18:06:00+00:00,2023-02-13 14:30:00+00:00,1,0.20334406904514146,0.7202351547183423,425.5609248792373,774.4682554961586,-557.7992638217204,37.53,54.01,38.82,56.0,-1.5732447753828112,-1.7165127332723173,-0.1432679578895062,-2.935635376739154,,,-114.02156623779972,3.0650808226188606,descreen
IWM-SPY,2023-02-13 14:31:00+00:00,2023-02-13 14:32:00+00:00,-1,134.2259387614221,1.4228772778257053,407.45940272008244,-50.50691635569556,71.86514365556269,408.59,190.04,408.56,189.73,3.9604633605808317,4.371555316706861,0.4110919561260289,2.2922076521511188,3.0373572617051963,0.7451496095540775,-22.47649101515775,1.7135039726026444,adverse
IWM-SPY,2023-02-13 14:33:00+00:00,2023-02-13 14:34:00+00:00,-1,134.2259387614221,1.4228772778257053,407.45940272008244,-50.50197233138449,71.85810891570945,408.63,189.79,408.55,189.6,4.35618268003725,4.546529362824174,0.1903466827869238,2.996303898621327,3.3279412367482615,0.33163733812693463,-11.32572681979496,1.7128439123202823,adverse
IWM-SPY,2023-02-13 14:37:00+00:00,2023-02-13 14:38:00+00:00,-1,134.2259387614221,1.4228772778257053,407.45940272008244,-50.52546507142701,71.89153620170981,408.44,189.65,408.75,189.8,4.365385498932881,4.461953907259044,0.09656840832616354,2.9526953013930255,3.112217921717512,0.15952262032448639,-6.594028612837121,1.7148648709515155,adverse
IWM-SPY,2023-02-13 14:41:00+00:00,2023-02-13 15:19:00+00:00,-1,134.2259387614221,1.4228772778257053,407.45940272008244,-50.4279279470558,71.75275284369756,409.23,190.22,410.3,190.71,4.344345450572291,4.717135584437699,0.3727901338654078,2.865799149161365,3.0970123254347506,0.23121317627338556,-20.51776132651183,1.718727316574928,adverse
IWM-SPY,2023-02-13 15:20:00+00:00,2023-02-14 16:26:00+00:00,-1,134.2259387614221,1.4228772778257053,407.45940272008244,-50.28784012908752,71.55342507061032,410.37,190.84,410.6,191.51,4.602161538320274,3.8788337621771234,-0.7233277761431509,2.9008632362103595,0.39394896956837194,-2.5069142666419877,34.65702238800318,1.7175691796137957,mean_revert
IWM-SPY,2023-02-15 19:47:00+00:00,2023-02-16 14:45:00+00:00,1,134.2259387614221,1.4228772778257053,407.45940272008244,108.91144582315512,-154.96762155691275,413.375,194.42,409.16,192.41,2.5132608837043335,1.1582442121339795,-1.355016671570354,-1.6630714551313575,-3.210603668789749,-1.5475322136583913,-151.29580117704126,3.718976361838386,adverse
IWM-SPY,2023-02-16 14:56:00+00:00,2023-02-16 15:00:00+00:00,1,134.2259387614221,1.4228772778257053,407.45940272008244,109.90141212414673,-156.37622211240685,409.04,192.24,408.86,192.19,1.2801333493643483,1.171277213255621,-0.10885613610872724,-2.928525309619352,-3.0059616023845352,-0.07743629276518327,-15.712854951168143,3.749411874443105,adverse
IWM-SPY,2023-02-16 15:01:00+00:00,2023-02-17 14:32:00+00:00,1,134.2259387614221,1.4228772778257053,407.45940272008244,110.00450015492099,-156.52290372901135,408.58,191.92,405.99,192.16,1.275454078268524,-1.6560364684096385,-2.9314905466781624,-2.87782898163596,-3.2120115621362597,-0.3341825805002996,-326.21406070612994,3.736908409923159,adverse
IWM-SPY,2023-02-17 14:35:00+00:00,2023-02-17 14:37:00+00:00,1,134.2259387614221,1.4228772778257053,407.45940272008244,110.22644978336541,-156.8387108121468,406.46,192.29,406.05,192.1,-1.3710105145269722,-1.5106638317400325,-0.1396533172130603,-2.969606538935589,-3.0396182015103697,-0.07001166257478086,-19.137797670946224,3.744308314077446,adverse
IWM-SPY,2023-02-17 14:40:00+00:00,2023-02-17 14:50:00+00:00,1,134.2259387614221,1.4228772778257053,407.45940272008244,110.44932747547097,-157.155838415978,405.55,191.715,404.83,191.39,-1.4628560797771684,-1.7204209644838215,-0.2575648847066532,-2.965335671612418,-3.0113229289296584,-0.04598725731724018,-32.18743115496303,3.739562857816447,adverse
IWM-SPY,2023-02-17 14:51:00+00:00,2023-02-17 14:52:00+00:00,1,134.2259387614221,1.4228772778257053,407.45940272008244,110.59636989870602,-157.3650617388756,404.87,191.42,404.78,191.4,-1.723107282818546,-1.784649737262157,-0.06154245444361095,-2.999551093035021,-3.0262814365329653,-0.026730343497944453,-10.550715627333362,3.7443435712209503,adverse
IWM-SPY,2023-02-17 14:53:00+00:00,2023-02-17 14:54:00+00:00,1,134.2259387614221,1.4228772778257053,407.45940272008244,110.68221745594373,-157.48721227742598,404.5,191.13,404.36,191.15,-1.6804728722491973,-1.8489304178056045,-0.16845754555640724,-2.9449188549891314,-3.04135048068964,-0.09643162570050867,-22.388211793246512,3.74295710386577,adverse
IWM-SPY,2023-02-17 14:56:00+00:00,2023-02-17 15:24:00+00:00,1,134.2259387614221,1.4228772778257053,407.45940272008244,110.64327941324915,-157.43180822123284,404.54,191.17,406.01,192.71,-1.6973879633621323,-2.418618971213732,-0.7212310078515998,-2.916547631301909,-3.0378811448289103,-0.12133351352700128,-83.5624120050732,3.763048081844354,adverse
IWM-SPY,2023-02-17 15:25:00+00:00,2023-02-27 14:30:00+00:00,1,134.2259387614221,1.4228772778257053,407.45940272008244,110.12237295489935,-156.69062225777427,406.11,192.7,399.74,189.07,-2.304390198435499,-3.509345679928174,-1.204955481492675,-2.9574676379821363,,,-136.37484759275293,3.6822906657634418,descreen
LMT-NOC,2023-03-06 14:41:00+00:00,2023-03-06 14:46:00+00:00,-1,141.90931426396855,0.693990447148618,1568.6704099807819,-135.50934535053597,94.04219117263496,471.39,480.1,473.83,481.43,-3.7041279400201006,-2.187135234727748,1.5169927052923526,2.2657928212743355,3.200633998581613,0.9348411773072773,-211.04084465588875,5.474156260184305,adverse
TMO-DHR,2023-03-06 14:52:00+00:00,2023-03-06 14:53:00+00:00,1,-16.838618572977907,0.4891456978905524,335.4407266832201,132.37777239201452,-64.75201786188865,253.64,563.55,253.77,564.84,-5.179439473242894,-5.680437423521738,-0.500997950278844,-2.9910309014938514,-3.421073547540022,-0.4300426460461706,-69.82939448432784,3.5084018534515358,adverse
TMO-DHR,2023-03-06 15:34:00+00:00,2023-03-06 15:35:00+00:00,1,-16.838618572977907,0.4891456978905524,335.4407266832201,132.4090945244521,-64.76733894821923,253.58,565.62,253.58,566.03,-6.251971067876326,-6.452520804011414,-0.20054973613508764,-2.978558070260147,-3.1031917326510015,-0.12463366239085438,-30.06643672148638,3.5118277527185553,adverse
TMO-DHR,2023-03-06 15:36:00+00:00,2023-03-06 15:38:00+00:00,1,-16.838618572977907,0.4891456978905524,335.4407266832201,132.29953185511866,-64.71374683986538,253.79,566.08,253.99,566.875,-6.266978088906029,-6.455848918728975,-0.188870829822946,-2.95559685648207,-3.0555522574029346,-0.09995540092086452,-28.501890533450858,3.5143681667865136,adverse
TMO-DHR,2023-03-06 15:39:00+00:00,2023-03-07 20:21:00+00:00,1,-16.838618572977907,0.4891456978905524,335.4407266832201,132.17974249866373,-64.65515239150238,254.02,566.45,245.04,550.86,-6.217961997125514,-7.572180567011827,-1.3542185698863136,-2.8742051869532603,-1.163407500027527,1.7107976869257333,-182.40052492189113,3.4002630674127783,time_stop
LMT-NOC,2023-03-06 14:49:00+00:00,2023-03-08 14:31:00+00:00,-1,141.90931426396855,0.693990447148618,1568.6704099807819,-134.97556464366247,93.67175246119251,472.26,481.4,473.91,484.33,-3.7363155213132586,-4.119707531458687,-0.38339201014542823,2.1686849483745068,0.2579940138746418,-1.9106909344998648,46.28183756375668,5.466715485490372,mean_revert
LMT-NOC,2023-03-08 14:50:00+00:00,2023-03-08 15:39:00+00:00,1,141.90931426396855,0.693990447148618,1568.6704099807819,62.70683036940507,-43.51794124733596,470.7,484.02,466.13,481.18,-7.114570492842631,-9.713637622940553,-2.5990671300979216,-1.7299355029012236,-3.0941941409832325,-1.364258638082009,-165.48773653622192,2.5084748904741954,adverse
TMO-DHR,2023-03-08 16:21:00+00:00,2023-03-08 18:04:00+00:00,1,-16.838618572977907,0.4891456978905524,335.4407266832201,127.45481741435219,-62.343975613656234,247.62,558.16,246.77,552.95,-8.56294416161279,-6.86449507560306,1.698449086009731,-1.8557145297720143,-0.18983035451039298,1.6658841752616214,213.17926181449997,3.2962563304455457,mean_revert
TMO-DHR,2023-03-08 20:12:00+00:00,2023-03-08 20:39:00+00:00,-1,-16.838618572977907,0.4891456978905524,335.4407266832201,-267.5827170331501,130.8869348666304,248.24,552.88,247.25,553.02,-5.360254876750673,-6.4187352744554005,-1.0584803977047272,1.6509902092707127,0.38962539750599107,-1.2613648117647216,276.30391476882807,6.927145975319515,mean_revert
TMO-DHR,2023-03-09 14:39:00+00:00,2023-03-09 14:56:00+00:00,1,-16.838618572977907,0.4891456978905524,335.4407266832201,127.36907515608577,-62.302035156897794,249.05,560.24,249.52,563.83,-8.150367213225138,-9.43640026865225,-1.2860330554271115,-1.7158477095581013,-3.166839808948575,-1.450992099390474,-167.1462852956779,3.3454444057730104,adverse
TMO-DHR,2023-03-09 14:58:00+00:00,2023-03-09 14:59:00+00:00,1,-16.838618572977907,0.4891456978905524,335.4407266832201,127.08311171928341,-62.16215737203192,249.16,562.71,249.11,562.85,-9.24855708701486,-9.367037484719503,-0.11848039770464425,-2.911829262725799,-3.0403305608134934,-0.1285012980876945,-18.389139829907567,3.332282211861943,adverse
TMO-DHR,2023-03-09 15:05:00+00:00,2023-03-09 15:06:00+00:00,1,-16.838618572977907,0.4891456978905524,335.4407266832201,127.07934208168541,-62.16031347001825,249.11,562.83,248.93,562.78,-9.357254570761711,-9.51279728586718,-0.1555427151054687,-2.93134176659396,-3.1005059324014996,-0.16916416580753957,-23.09708799315163,3.330822091952541,adverse
TMO-DHR,2023-03-09 15:11:00+00:00,2023-03-09 15:12:00+00:00,1,-16.838618572977907,0.4891456978905524,335.4407266832201,127.87531195554787,-62.54965870946856,247.49,559.78,247.46,559.94,-9.485360192195515,-9.593623503858026,-0.1082633116625118,-2.9808813296858148,-3.0905614469661304,-0.10968011728031568,-17.177608781901654,3.3334040297149854,adverse
TMO-DHR,2023-03-09 15:17:00+00:00,2023-03-09 15:18:00+00:00,1,-16.838618572977907,0.4891456978905524,335.4407266832201,127.6669392376792,-62.44773409096534,247.84,560.21,247.89,560.94,-9.345692842288457,-9.652769201748583,-0.307076359460126,-2.7364738863296325,-3.066291576181976,-0.3298176898523435,-42.537338400954766,3.33383947643072,adverse
TMO-DHR,2023-03-09 15:19:00+00:00,2023-03-09 16:37:00+00:00,1,-16.838618572977907,0.4891456978905524,335.4407266832201,127.48134976492506,-62.356953798793874,248.08,561.13,248.43,563.58,-9.555706884347757,-10.40411384417962,-0.8484069598318627,-2.9426028634481467,-3.0471271522422367,-0.10452428879409004,-111.49673057652603,3.3406661872012293,adverse
TMO-DHR,2023-03-09 16:43:00+00:00,2023-03-10 15:08:00+00:00,1,-16.838618572977907,0.4891456978905524,335.4407266832201,127.21824647297684,-62.22825795543657,248.29,563.38,241.26,545.46,-10.446284704601482,-8.710793798402847,1.7354909061986348,-2.9906894608124523,-0.32377558269399315,2.6669138781184594,217.55432486997117,3.231784986422141,mean_revert
LMT-NOC,2023-03-08 15:41:00+00:00,2023-03-10 20:58:00+00:00,1,141.90931426396855,0.693990447148618,1568.6704099807819,63.26732483415636,-43.90691905155304,466.53,481.19,459.895,475.755,-9.32057752741207,-12.183739447159326,-2.863161919747256,-2.8301132920697296,-0.3721340037904624,2.457979288279267,-183.64385836083483,2.4992631313987976,mean_revert
LMT-NOC,2023-03-13 13:30:00+00:00,2023-03-13 13:48:00+00:00,1,209.10841003861538,0.5365316135772735,622.2162684537006,70.82171453950058,-37.998088778187295,454.4,472.69,461.36,477.78,-8.32153846045685,-4.092484373565071,4.229054086891779,-1.8807713058309043,-0.3365205195601052,1.544250786270799,296.9674096601349,2.5414516538193155,mean_revert
LMT-NOC,2023-03-13 15:25:00+00:00,2023-03-13 18:06:00+00:00,1,209.10841003861538,0.5365316135772735,622.2162684537006,70.7709324618546,-37.97084258812709,456.08,474.63,460.39,477.44,-7.682409790796726,-4.880063624948832,2.8023461658478936,-1.8820837053476065,-0.09189624499698625,1.7901874603506203,195.78909980388687,2.535551434069432,mean_revert
LMT-NOC,2023-03-14 13:30:00+00:00,2023-03-14 15:28:00+00:00,1,209.10841003861538,0.5365316135772735,622.2162684537006,70.60540535121527,-37.88203206036499,458.04,480.95,455.43,478.66,-9.113289588605028,-10.494632193513155,-1.3813426049081272,-2.4407440711855224,-3.031182945309577,-0.5904388741240547,-100.04467620969426,2.5144216612559136,adverse
LMT-NOC,2023-03-14 15:30:00+00:00,2023-03-14 15:36:00+00:00,1,209.10841003861538,0.5365316135772735,622.2162684537006,70.84186011090443,-38.00889751411905,456.04,479.0,454.74,477.99,-10.06705294212935,-10.825156012416357,-0.7581030702870066,-2.744929202424853,-3.1573991235919734,-0.41246992116712056,-56.224556674397,2.519125019480322,adverse
LMT-NOC,2023-03-14 15:40:00+00:00,2023-03-14 15:46:00+00:00,1,209.10841003861538,0.5365316135772735,622.2162684537006,70.84188096128595,-38.00890870100788,455.77,478.5,454.66,477.72,-10.068787135340756,-10.760292476750465,-0.6915053414097088,-2.6507301968551027,-3.0067879161164277,-0.356057719261325,-51.50586835336443,2.518329273125188,adverse
LMT-NOC,2023-03-14 16:21:00+00:00,2023-03-14 16:22:00+00:00,1,209.10841003861538,0.5365316135772735,622.2162684537006,71.14045635361933,-38.16910383803098,453.61,477.57,453.37,477.38,-11.729812734713903,-11.867871728134219,-0.1380589934203158,-2.9892523853581174,-3.048452615194919,-0.05920022983680173,-12.345285570005469,2.5237057743619813,adverse
LMT-NOC,2023-03-14 16:33:00+00:00,2023-03-14 17:15:00+00:00,1,209.10841003861538,0.5365316135772735,622.2162684537006,71.21299443571816,-38.20802281226526,453.08,477.22,452.69,478.17,-12.072026669961872,-12.971731702860268,-0.899705032898396,-2.9980861913234027,-3.033160568621574,-0.0350743772981712,-66.59605653754298,2.525367035962306,adverse
LMT-NOC,2023-03-14 17:38:00+00:00,2023-03-14 17:48:00+00:00,1,209.10841003861538,0.5365316135772735,622.2162684537006,71.36338500476894,-38.288712106944885,451.81,477.48,450.24,475.72,-13.481524889491936,-14.107229249595946,-0.6257043601040095,-2.8707635140011694,-3.007386634001411,-0.13662312000024146,-47.169648978667254,2.517267829403149,adverse
LMT-NOC,2023-03-14 17:49:00+00:00,2023-03-15 13:35:00+00:00,1,209.10841003861538,0.5365316135772735,622.2162684537006,71.57154491534435,-38.40039647964801,450.27,475.49,454.36,471.88,-13.953826978473217,-7.926947853459183,6.026879125014034,-2.9334378366898037,-0.09943986808081122,2.8339979686089927,428.82106868336285,2.5319813119276082,mean_revert
MS-GS,2023-03-13 13:30:00+00:00,2023-03-15 15:53:00+00:00,1,100.11975248886256,2.675892870138588,808.7596221263163,42.48012938993673,-113.67227535709638,320.2,88.01,308.22,84.8,-15.425083989759685,-18.815467876614775,-3.3903838868550906,-2.02195788272893,-0.3777861688705579,1.644171713858372,-145.1605779167025,1.1366317215424036,mean_revert
LMT-NOC,2023-03-15 13:49:00+00:00,2023-03-16 13:30:00+00:00,1,209.10841003861538,0.5365316135772735,622.2162684537006,72.36498603611395,-38.82610272445309,447.25,469.44,448.96,469.48,-13.727810716330623,-12.03927198087382,1.6885387354568024,-2.0297054562646535,-0.259754071474492,1.7699513847901616,119.65522887088194,2.5358531418924977,mean_revert
MS-GS,2023-03-17 13:30:00+00:00,2023-03-17 16:12:00+00:00,1,100.11975248886256,2.675892870138588,808.7596221263163,43.98000979907444,-117.68579464996853,309.28,86.31,305.92,84.38,-21.796066110524123,-19.99159287115657,1.804473239367553,-1.7549940894264617,-0.3712765940308185,1.3837174953956433,78.19151615203701,1.1692345975148597,mean_revert
MS-GS,2023-03-17 19:46:00+00:00,2023-03-20 13:30:00+00:00,1,100.11975248886256,2.675892870138588,808.7596221263163,44.903398358172915,-120.15668351162768,302.92,84.17,306.96,84.87,-22.429655368427518,-20.262780377524564,2.1668749909029543,-1.6693599105547199,0.17825786536838742,1.8476177759231074,96.10098866439441,1.19906224448283,mean_revert
TMO-DHR,2023-03-20 13:54:00+00:00,2023-03-20 14:08:00+00:00,1,-56.07647021421932,0.5537505257688188,348.1353177246815,131.73488735057515,-72.94826313247711,244.28,550.59,244.39,552.36,-4.533031768834633,-5.403170199445441,-0.8701384306108082,-2.1962690658197106,-3.490462693438842,-1.2941936276191313,-118.25200772309493,3.6244195871731053,adverse
TMO-DHR,2023-03-20 14:18:00+00:00,2023-03-20 14:44:00+00:00,1,-56.07647021421932,0.5537505257688188,348.1353177246815,131.6217361937032,-72.88560561986792,244.49,552.06,245.29,554.2,-5.137045041714742,-5.522071166860087,-0.3850261251453446,-2.886553962447686,-3.1225935942800795,-0.2360396318323934,-54.31174198683851,3.633934915274213,adverse
TMO-DHR,2023-03-20 14:45:00+00:00,2023-03-20 14:49:00+00:00,1,-56.07647021421932,0.5537505257688188,348.1353177246815,131.1176232815813,-72.60645282973356,245.43,554.18,245.54,554.92,-5.37099615634466,-5.670771545413572,-0.29977538906891255,-2.897340640641001,-3.246957797998812,-0.34961715735781107,-42.93010623427324,3.6242697012417606,adverse
TMO-DHR,2023-03-20 14:51:00+00:00,2023-03-20 14:54:00+00:00,1,-56.07647021421932,0.5537505257688188,348.1353177246815,131.1657221896083,-72.63308762534241,245.34,554.13,245.3,554.45,-5.433308630056217,-5.6505087983022975,-0.21720016824608024,-2.8915069574487413,-3.1415133674861213,-0.25000641003738,-32.111535282045594,3.6223183543491007,adverse
XLF-KBE,2023-03-20 13:30:00+00:00,2023-03-20 15:39:00+00:00,-1,-41.91039806963439,2.5041735473831697,403.18401779429155,-389.004898782977,974.1357773347984,36.68,31.09,36.83,31.38,0.735642481491638,0.1594321527505329,-0.5762103287411051,1.9150864507918806,0.31201785914029795,-1.6030685916515826,221.90386905389752,2.2447715557471506,mean_revert
TMO-DHR,2023-03-20 14:55:00+00:00,2023-03-20 15:44:00+00:00,1,-56.07647021421932,0.5537505257688188,348.1353177246815,131.21385639958612,-72.6597419694251,245.25,553.91,244.815,550.0,-5.401483514387081,-3.6713189586310193,1.7301645557560619,-2.7941207423993397,-0.35635196829042864,2.437768774108911,223.41726464974712,3.604298916882424,mean_revert
MS-GS,2023-03-20 15:13:00+00:00,2023-03-20 15:55:00+00:00,1,-76.13652255824375,4.4790393440408955,181.8603810020089,27.626192207056793,-123.73880182144336,310.57,86.31,311.19,85.9,0.12063677407405748,2.5770429051308383,2.456406131056781,-1.7032665175000699,-0.19809207319029248,1.5051744443097774,66.89984002369789,0.9613078914687994,mean_revert
TMO-DHR,2023-03-20 16:27:00+00:00,2023-03-20 17:39:00+00:00,1,-56.07647021421932,0.5537505257688188,348.1353177246815,368.24927226298286,-203.91822812961166,243.88,550.35,244.61,549.84,-4.800131642650143,-3.7877188745079877,1.0124127681421555,-1.7313448169033723,-0.31608381079835585,1.4152610061050164,362.7102724459326,10.109992652151696,mean_revert
TMO-DHR,2023-03-20 19:06:00+00:00,2023-03-20 19:44:00+00:00,1,-56.07647021421932,0.5537505257688188,348.1353177246815,132.287257592693,-73.25413844446892,243.26,549.34,244.96,550.41,-4.860843611623608,-3.7533566741961977,1.1074869374274101,-1.6971624056172965,-0.21481338219851911,1.4823490234187773,142.87016492394696,3.636244848056311,mean_revert
TMO-DHR,2023-03-21 13:30:00+00:00,2023-03-21 13:32:00+00:00,-1,-56.07647021421932,0.5537505257688188,348.1353177246815,-365.86176678126054,202.596145713832,246.38,550.22,247.195,554.4,-2.228144074300161,-3.727821272013813,-1.4996771977136518,1.7757488297753643,-0.175195210934657,-1.9509440407100214,538.536624025919,10.137925131162108,mean_revert
MS-GS,2023-03-21 13:43:00+00:00,2023-03-21 13:46:00+00:00,1,-76.13652255824375,4.4790393440408955,181.8603810020089,61.306321052658,-274.5934240332578,317.94,88.49,318.35,88.73,-2.2736689959350542,-2.9386384385048814,-0.6649694425698272,-2.9755046062461528,-3.2699400283789015,-0.29443542213274876,-42.96090722747228,2.194077091079232,adverse
MS-GS,2023-03-21 13:57:00+00:00,2023-03-21 14:00:00+00:00,1,-76.13652255824375,4.4790393440408955,181.8603810020089,52.77377390342212,-236.37580964694632,317.75,88.63,317.66,88.73,-3.0907345041007943,-3.628638438504879,-0.5379039344040848,-2.981976873416239,-3.183697182744736,-0.20172030932849694,-30.27410774641005,1.886887130406731,adverse
TMO-DHR,2023-03-21 14:00:00+00:00,2023-03-21 14:10:00+00:00,-1,-56.07647021421932,0.5537505257688188,348.1353177246815,-329.4674806023958,182.4427906073048,247.99,553.2,246.64,552.91,-2.2683206410912646,-3.4577329886182895,-1.1894123475270248,1.68369492576944,0.15690968712458112,-1.5267852386448588,382.76597439858637,9.10671513852299,mean_revert
KO-PEP,2023-03-20 13:33:00+00:00,2023-03-21 16:20:00+00:00,-1,231.03867996622657,-0.9694907015613359,607.5356051904157,-125.1601561705436,-121.34160761330668,176.84,60.31,176.71,60.075,4.271304244937596,3.913473930070694,-0.3578303148669022,1.7437453626624848,0.383950544819923,-1.3597948178425618,43.31576567758379,1.470332413713308,mean_revert
MS-GS,2023-03-21 14:08:00+00:00,2023-03-22 13:42:00+00:00,1,-76.13652255824375,4.4790393440408955,181.8603810020089,40.11542459800025,-179.67856507734905,317.43,88.69,318.08,89.12,-3.6794768647432647,-4.955463782680852,-1.275986917937587,-2.948227542922346,-1.2191206739229754,1.7291068689993705,-52.625400393353324,1.4386433987912635,time_stop
TMO-DHR,2023-03-22 13:34:00+00:00,2023-03-22 13:51:00+00:00,-1,-56.07647021421932,0.5537505257688188,348.1353177246815,-383.43441934543154,212.32701131039445,249.79,557.32,250.75,560.55,-2.7497728072588075,-3.578387005492033,-0.8286141982332254,1.6926414521285549,0.37182046692040427,-1.3208209852081505,306.960899618891,10.758304342045427,mean_revert
TMO-DHR,2023-03-22 14:37:00+00:00,2023-03-22 14:48:00+00:00,1,-56.07647021421932,0.5537505257688188,348.1353177246815,127.57769696320368,-70.64621676974907,252.24,565.56,252.25,564.04,-4.862677139593757,-4.010976340425202,0.8517007991685546,-1.70942318787753,-0.27184061367788154,1.4375825741996484,105.05658815135932,3.601438308288869,mean_revert
TMO-DHR,2023-03-22 16:47:00+00:00,2023-03-22 18:31:00+00:00,1,-56.07647021421932,0.5537505257688188,348.1353177246815,128.14159312705968,-70.95847456696335,251.13,563.65,251.27,565.91,-4.915013635375374,-6.026489823612877,-1.1114761882375035,-1.7562770485310553,-3.2214893368935917,-1.4652122883625365,-146.04404190590762,3.617712422361325,adverse
XLF-KBE,2023-03-22 18:00:00+00:00,2023-03-22 18:48:00+00:00,1,-41.91039806963439,2.5041735473831697,403.18401779429155,378.88209472542746,-948.7865191885398,37.66,31.95,37.5,32.03,-0.4379467692578842,-0.7982806530485433,-0.3603338837906591,-1.824606418927999,-3.0007142934118183,-1.1761078744838194,-138.75394222924268,2.229885538090623,adverse
MS-GS,2023-03-22 18:11:00+00:00,2023-03-22 19:04:00+00:00,1,-76.13652255824375,4.4790393440408955,181.8603810020089,28.48928366679402,-127.60462242711209,320.32,89.705,317.57,88.87,-5.33570179894474,-4.345703946670653,0.9899978522740867,-1.9821729104633787,-0.3174288648013261,1.6647440456620526,27.184951412496172,1.0193782304580614,mean_revert
KO-PEP,2023-03-21 19:39:00+00:00,2023-03-22 19:05:00+00:00,-1,231.03867996622657,-0.9694907015613359,607.5356051904157,-142.6411616972568,-138.28927992539744,177.98,60.3,177.82,60.365,5.401609337921968,5.304626233523464,-0.09698310439850388,1.665089647955681,0.38319857085082615,-1.2818910771048548,12.14816848862396,1.685614187785141,mean_revert
MS-GS,2023-03-22 19:35:00+00:00,2023-03-22 19:50:00+00:00,-1,-76.13652255824375,4.4790393440408955,181.8603810020089,-77.87610550058662,348.8101404978071,317.57,88.6,315.95,88.02,-3.1363633237795625,-2.1585205042358666,0.9778428195436959,1.6992269695442284,3.074201103057151,1.3749741335129229,-78.91595178275321,2.765361204976366,adverse
MS-GS,2023-03-22 19:54:00+00:00,2023-03-22 19:55:00+00:00,-1,-76.13652255824375,4.4790393440408955,181.8603810020089,-78.67156326658731,352.37302712824703,314.16,87.64,314.42,87.63,-2.2464855535002926,-1.9416951600598509,0.3047903934404417,2.831638694354981,3.248238558409542,0.41659986405456095,-26.759054785072692,2.7807180644764333,adverse
MS-GS,2023-03-22 19:56:00+00:00,2023-03-22 19:58:00+00:00,-1,-76.13652255824375,4.4790393440408955,181.8603810020089,-78.58600481094734,351.9898074392203,314.43,87.68,314.18,87.575,-2.155647127262,-1.9353479961376365,0.2202991311243636,2.906969660416607,3.174592123251897,0.26762246283529034,-20.08821149728235,2.7757829188996577,adverse
XLF-KBE,2023-03-22 18:49:00+00:00,2023-03-23 13:30:00+00:00,1,-41.91039806963439,2.5041735473831697,403.18401779429155,381.10843182050206,-954.3616536495836,37.44,32.0,36.59,31.375,-0.7831554466270418,-0.06804697951255179,0.71510846711449,-2.927026579593853,0.06825353964335314,2.995280119237206,270.3394737633868,2.194392720178393,mean_revert
MS-GS,2023-03-22 19:59:00+00:00,2023-03-23 13:31:00+00:00,-1,-76.13652255824375,4.4790393440408955,181.8603810020089,-78.75993148227633,352.7688318430808,313.68,87.58,315.82,87.89,-2.4577431928578335,-1.7062453895105705,0.751497803347263,2.408208522712356,3.4190668099979553,1.0108582872855991,-61.98185621028547,2.793940709571044,adverse
TMO-DHR,2023-03-22 18:32:00+00:00,2023-03-23 13:35:00+00:00,1,-56.07647021421932,0.5537505257688188,348.1353177246815,128.22839608701983,-71.00654175167958,250.96,564.34,247.86,555.945,-5.46710149815587,-3.918365834326636,1.548735663829234,-2.3030517112370847,0.2603300808535083,2.563381792090593,195.0289690301747,3.562921105413312,mean_revert
MS-GS,2023-03-23 13:33:00+00:00,2023-03-23 13:37:00+00:00,-1,-76.13652255824375,4.4790393440408955,181.8603810020089,-68.54512103227819,307.0162939456191,315.51,88.02,316.0,88.47,-2.5985205042358643,-4.124088209054264,-1.5255677048183998,2.1502351114634215,0.014366242210325173,-2.1358688692530965,102.1291234811341,2.441099488578441,mean_revert
MS-GS,2023-03-23 14:03:00+00:00,2023-03-23 14:04:00+00:00,-1,-76.13652255824375,4.4790393440408955,181.8603810020089,-18.204938476613936,81.54063569259775,316.67,88.34,316.57,88.11,-2.8718130943289566,-1.941634045199521,0.9301790491294355,1.8006639044075277,3.0792855812134663,1.2786216768059386,-17.58123650085682,0.647384139220823,adverse
MS-GS,2023-03-23 14:27:00+00:00,2023-03-23 14:29:00+00:00,-1,-76.13652255824375,4.4790393440408955,181.8603810020089,-22.90195142297983,102.57874147884004,317.6,88.17,317.64,88.09,-1.1803764058419688,-0.7820532583187401,0.3983231475232287,2.878671832166622,3.2146948153099255,0.3360229831433035,-9.937914234568705,0.8155368593433168,adverse
MS-GS,2023-03-23 15:05:00+00:00,2023-03-23 15:13:00+00:00,-1,-76.13652255824375,4.4790393440408955,181.8603810020089,-27.881146723324942,124.88075313074931,320.38,88.39,320.75,88.34,0.6142349384689965,1.2081869056710275,0.593951967202031,2.9028910374630064,3.049114372488714,0.1462233350257076,-17.55880412132131,0.9987421771538436,adverse
MS-GS,2023-03-23 15:21:00+00:00,2023-03-23 15:24:00+00:00,-1,-76.13652255824375,4.4790393440408955,181.8603810020089,-27.85787304556104,124.77650941236426,320.52,88.235,320.72,88.22,1.448486036795316,1.7156716269560093,0.2671855901606932,2.937101909437274,3.0030342566583106,0.06593234722103647,-8.440340285475566,0.9971180351765556,adverse
MS-GS,2023-03-23 15:27:00+00:00,2023-03-23 15:28:00+00:00,-1,-76.13652255824375,4.4790393440408955,181.8603810020089,-27.90185002294954,124.97348402431935,319.95,88.04,320.09,88.0,1.7518987088832887,2.0710602826449644,0.31916157376167575,2.930139696454454,3.0747038284621806,0.14456413200772644,-9.90163685258541,0.9964384883993012,adverse
MS-GS,2023-03-23 15:30:00+00:00,2023-03-23 15:31:00+00:00,-1,-76.13652255824375,4.4790393440408955,181.8603810020089,-27.895322404688745,124.94424656530637,319.95,88.02,320.12,87.99,1.8414794957641334,2.145850676085388,0.30437118032125454,2.890203180041107,3.024110691306409,0.13390751126530187,-9.486716948930377,0.9961847431735134,adverse
KO-PEP,2023-03-23 13:37:00+00:00,2023-03-23 16:25:00+00:00,1,231.03867996622657,-0.9694907015613359,607.5356051904157,302.4832467764591,293.25469512786003,175.82,59.98,177.09,60.335,2.9313723134223437,4.545541512476632,1.6141691990542881,-1.7523142221284518,-0.34231278592443737,1.4100014362040145,484.69612616638847,3.5630140101091285,mean_revert
TMO-DHR,2023-03-23 16:22:00+00:00,2023-03-23 17:01:00+00:00,1,-56.07647021421932,0.5537505257688188,348.1353177246815,57.64928827159464,-31.92332369059373,248.35,559.34,248.23,557.44,-5.308348869311828,-4.376222870351057,0.9321259989607711,-1.8066219588131531,-0.3068472730522908,1.4997746857608623,52.131119400248615,1.6052810192871254,mean_revert
XLF-KBE,2023-03-23 13:54:00+00:00,2023-03-23 18:49:00+00:00,1,-41.91039806963439,2.5041735473831697,403.18401779429155,286.2619116265122,-716.8495067184505,36.09,31.38,35.04,30.91,-0.580567847249462,-0.4536062799793825,0.12696156727007946,-1.6972240848878666,-0.37506723608037534,1.3221568488074913,34.73483916802888,1.6094217818030145,mean_revert
KO-PEP,2023-03-23 18:47:00+00:00,2023-03-24 13:31:00+00:00,1,231.03867996622657,-0.9694907015613359,607.5356051904157,351.1899601510254,340.4754008481152,175.79,59.925,177.04,60.15,2.848050324836464,4.316185732687785,1.468135407851321,-1.6677574873204926,-0.3539290997713332,1.3138283875491594,511.4617020843005,4.132713295307583,mean_revert
TMO-DHR,2023-03-24 13:30:00+00:00,2023-03-24 13:31:00+00:00,-1,-56.07647021421932,0.5537505257688188,348.1353177246815,-45.99578381501257,25.47018947071214,245.485,550.03,244.5,550.04,-3.017931474404037,-4.008468979661728,-0.9905375052576915,2.0391861710674526,0.39075706158722945,-1.6484291094802233,44.29776934453285,1.2627796079620541,mean_revert
MS-GS,2023-03-23 15:32:00+00:00,2023-03-24 13:32:00+00:00,-1,-76.13652255824375,4.4790393440408955,181.8603810020089,-27.873362307669186,124.84588642675682,320.13,88.055,308.5,83.07,1.8647131187227046,12.562724248766585,10.69801113004388,2.846387840014966,3.0961226621117275,0.24973482209676146,-299.13803420206125,0.9484940028693316,adverse
TMO-DHR,2023-03-24 13:33:00+00:00,2023-03-24 13:44:00+00:00,-1,-56.07647021421932,0.5537505257688188,348.1353177246815,-186.00719630562293,103.00158275102258,243.865,546.57,244.4,546.59,-2.721954655243991,-2.19802966575935,0.523924989484641,2.530778674095746,3.339788295188937,0.8090096210931907,-102.54180806313784,5.087989694648783,adverse
MS-GS,2023-03-24 13:34:00+00:00,2023-03-24 13:45:00+00:00,-1,-76.13652255824375,4.4790393440408955,181.8603810020089,-28.08703092634459,125.80291657639081,308.82,83.26,307.03,82.52,12.031706773398753,13.556195887989077,1.5244891145903239,2.900183476302448,3.009279729018894,0.10909625271644607,-43.76861379743292,0.9502408890599674,adverse
TMO-DHR,2023-03-24 13:45:00+00:00,2023-03-24 13:47:00+00:00,-1,-56.07647021421932,0.5537505257688188,348.1353177246815,-66.1167900316802,36.612207242189506,244.24,547.47,243.7,545.66,-2.8453301284359043,-2.383041676794363,0.4622884516415411,2.2742426461711664,3.006184017398061,0.7319413712268945,-32.36955242798119,1.8045239367246795,adverse
MS-GS,2023-03-24 13:50:00+00:00,2023-03-24 13:51:00+00:00,-1,-76.13652255824375,4.4790393440408955,181.8603810020089,-20.428081528705793,91.49818089034832,306.28,82.36,306.37,82.11,13.522842183035607,14.732602019045828,1.209759836010221,2.8455941252237467,3.0904760183728888,0.2448818931491421,-25.401645908714055,0.6885733485428047,adverse
TMO-DHR,2023-03-24 13:48:00+00:00,2023-03-24 14:05:00+00:00,-1,-56.07647021421932,0.5537505257688188,348.1353177246815,-60.39233872567714,33.44228932175231,243.23,545.27,245.3,551.62,-2.637078971744529,-4.083394810376518,-1.446315838631989,2.584370208166648,0.21570177112271074,-2.3686684370439375,85.68331221472128,1.6630838162536805,mean_revert
TMO-DHR,2023-03-24 14:11:00+00:00,2023-03-24 14:20:00+00:00,-1,-56.07647021421932,0.5537505257688188,348.1353177246815,-63.74400650269288,35.298277115477184,245.16,549.545,245.09,547.87,-3.0743624694061964,-2.2168303387434207,0.8575321306627757,1.7956619746661187,3.053460071560352,1.2577980968942335,-56.41062799508469,1.7480942818500742,adverse
TMO-DHR,2023-03-24 14:21:00+00:00,2023-03-24 15:55:00+00:00,-1,-56.07647021421932,0.5537505257688188,348.1353177246815,-82.9929105433696,45.957367848475464,244.76,547.6,245.07,550.88,-2.397317696785848,-3.9036194213075817,-1.5063017245217338,2.765178320610649,0.39572657088446606,-2.3694517497261827,122.72956090519193,2.282803369361588,mean_revert
TMO-DHR,2023-03-24 16:58:00+00:00,2023-03-24 17:10:00+00:00,1,-56.07647021421932,0.5537505257688188,348.1353177246815,93.18890692485134,-51.603406205457944,245.09,553.64,244.985,551.66,-5.411970872429492,-4.420544831407227,0.9914260410222653,-1.7314304143357746,-0.29263978978398414,1.4387906245517905,89.82503808818485,2.564870971514382,mean_revert
MS-GS,2023-03-24 13:54:00+00:00,2023-03-24 19:38:00+00:00,-1,-76.13652255824375,4.4790393440408955,181.8603810020089,-20.344583315305215,91.12418910737001,307.42,82.4,312.48,83.83,14.48368060927396,13.138654347295528,-1.3450262619784326,2.9441393979406874,0.3949615744443584,-2.549177823496329,26.664188039732142,0.6998108083618702,mean_revert
TMO-DHR,2023-03-24 18:55:00+00:00,2023-03-24 19:52:00+00:00,1,-56.07647021421932,0.5537505257688188,348.1353177246815,92.66826555728177,-51.315100774429304,246.77,556.74,247.3,556.15,-5.44859750231285,-4.5918846921092324,0.8567128102036179,-1.7442184920824102,-0.35149689428556125,1.392721597796849,76.81730243387364,2.572787768400732,mean_revert
IYR-VNQ,2023-03-27 13:31:00+00:00,2023-03-27 13:36:00+00:00,-1,-0.895241781191727,0.9937690784525858,124.98603146664486,-480.62528178824937,477.63054336372295,79.35,81.24,79.34,81.26,-0.4885581522963349,-0.5184335338653909,-0.029875381569056003,2.0218077911652084,-0.3823495233107693,-2.404157314475978,10.511610294616677,3.847253390540792,mean_revert
IYR-VNQ,2023-03-27 13:38:00+00:00,2023-03-27 13:47:00+00:00,1,-0.895241781191727,0.9937690784525858,124.98603146664486,204.43459302026267,-203.16077710957586,79.24,81.18,79.38,81.3,-0.5389320075891959,-0.5181842970035007,0.020747710585695245,-1.9800035173185795,-0.34810689378601695,1.6318966235325625,2.6043003110419027,1.6372494586478483,mean_revert
IYR-VNQ,2023-03-27 13:59:00+00:00,2023-03-27 14:06:00+00:00,1,-0.895241781191727,0.9937690784525858,124.98603146664486,205.03278488504006,-203.75524168777352,79.01,80.95,78.79,80.66,-0.5403651195450863,-0.47217208679383305,0.06819303275125321,-2.0452605092385228,3.3203846368110117,5.365645146049534,12.35233586896561,1.629471545781406,adverse
IYR-VNQ,2023-03-27 14:08:00+00:00,2023-03-27 14:11:00+00:00,-1,-0.895241781191727,0.9937690784525858,124.98603146664486,-228.1621992006564,226.7405384373516,78.73,80.62,78.69,80.56,-0.49242132365573354,-0.47279517894858714,0.01962614470714641,1.6964402937781637,3.1382789694426627,1.441838675664499,-6.288959399794566,1.811015061580635,adverse
IYR-VNQ,2023-03-27 14:12:00+00:00,2023-03-27 14:14:00+00:00,-1,-0.895241781191727,0.9937690784525858,124.98603146664486,-432.0627721525018,429.3706229156613,78.74,80.62,78.88,80.74,-0.48242132365574264,-0.4616736130700474,0.020747710585695245,2.4020899038472443,3.8469462938877212,1.444856390040477,-12.40173812955528,3.4374247780799907,adverse
IYR-VNQ,2023-03-27 14:16:00+00:00,2023-03-27 14:18:00+00:00,-1,-0.895241781191727,0.9937690784525858,124.98603146664486,-431.0809135682167,428.39488221518553,78.9,80.775,78.73,80.59,-0.4764555308158833,-0.4626082513021572,0.013847279513726107,2.691590040868692,3.586333308477166,0.8947432676084737,-9.392465097360109,3.423167194147375,adverse
IYR-VNQ,2023-03-27 14:19:00+00:00,2023-03-27 14:21:00+00:00,-1,-0.895241781191727,0.9937690784525858,124.98603146664486,-431.54226941625524,428.85336339112945,78.8,80.67,78.83,80.69,-0.4721097775783676,-0.46198515914741733,0.01012461843095025,2.886289744788662,3.492695697845783,0.6064059530571209,-7.800333564172946,3.4311327495056814,adverse
IYR-VNQ,2023-03-27 14:22:00+00:00,2023-03-27 14:28:00+00:00,-1,-0.895241781191727,0.9937690784525858,124.98603146664486,-431.0296202985833,428.3439085498911,78.88,80.75,78.82,80.73,-0.47161130385457284,-0.5117359222855384,-0.0401246184309656,2.8054367699268887,0.08941681287310421,-2.7160199570537844,13.867201126461508,3.427697920458352,mean_revert
V-MA,2023-03-27 13:36:00+00:00,2023-03-27 15:01:00+00:00,-1,-40.08113522611031,1.7951341945252643,197.9491253391934,-70.71836109805865,126.9489481879103,355.99,222.68,355.57,222.03,-3.669347210775584,-2.9225099843341695,0.7468372264414143,2.5612508633550424,3.208229636765418,0.6469787734103756,-55.48169479204658,2.666590131089922,adverse
V-MA,2023-03-27 15:02:00+00:00,2023-03-27 15:05:00+00:00,-1,-40.08113522611031,1.7951341945252643,197.9491253391934,-70.80249946829012,127.09998785338445,355.53,222.08,355.42,221.975,-3.0522666940604495,-2.9737776036352557,0.07848909042519381,2.952927080026679,3.0189192311227493,0.06599215109607037,-8.226105991337558,2.668882208238734,adverse
V-MA,2023-03-27 15:06:00+00:00,2023-03-27 15:07:00+00:00,-1,-40.08113522611031,1.7951341945252643,197.9491253391934,-70.83681257004658,127.16158447566768,355.3,221.91,355.48,221.92,-2.977093880991106,-2.8150452229363054,0.1620486580548004,2.9876101088801565,3.234853540166676,0.2472434312865195,-14.149048865815361,2.6700384479620163,adverse
V-MA,2023-03-27 15:22:00+00:00,2023-03-27 15:23:00+00:00,-1,-40.08113522611031,1.7951341945252643,197.9491253391934,-70.72348539037742,126.95814698027446,355.78,222.01,355.87,221.98,-2.6766073004436635,-2.532753274607842,0.14385402583582163,2.966769366541916,3.152149509544587,0.18538014300267092,-12.841384905172344,2.6675268106277468,adverse
XLF-KBE,2023-03-24 13:42:00+00:00,2023-03-27 15:24:00+00:00,-1,-41.91039806963439,2.5041735473831697,403.18401779429155,-806.1401309903465,2018.714791510029,34.66,30.53,36.51,31.335,0.11797966802621573,-0.04788003761723303,-0.16585970564344876,1.7877398270922977,0.36666250811041456,-1.421077318981883,129.07173462470942,4.6344302087212155,mean_revert
IYR-VNQ,2023-03-27 14:58:00+00:00,2023-03-27 15:40:00+00:00,-1,-0.895241781191727,0.9937690784525858,124.98603146664486,-431.9480903162853,429.25665565296913,78.725,80.605,79.05,80.955,-0.48251478747896215,-0.5053339649373498,-0.022819177458387685,1.9392640080359942,0.1491475533835887,-1.7901164546524055,6.411901670848381,3.444798454894424,mean_revert
IYR-VNQ,2023-03-27 16:14:00+00:00,2023-03-27 16:15:00+00:00,-1,-0.895241781191727,0.9937690784525858,124.98603146664486,-645.2642831093689,641.243691983966,79.03,80.89,79.07,80.97,-0.4607389748379376,-0.5002405011141491,-0.03950152627621151,2.509593431400167,0.3029634075687192,-2.2066300238314476,20.341796604076592,5.147127430269976,mean_revert
IYR-VNQ,2023-03-27 18:15:00+00:00,2023-03-27 18:17:00+00:00,1,-0.895241781191727,0.9937690784525858,124.98603146664486,306.8897821596568,-304.9775760033169,79.14,81.065,79.16,81.06,-0.5246485635671405,-0.49967971817487467,0.024968845392265848,-1.6647290685360223,7.591194232600184e-05,1.6648049804783482,5.211939649877747,2.4507438733293654,mean_revert
V-MA,2023-03-27 15:25:00+00:00,2023-03-27 19:54:00+00:00,-1,-40.08113522611031,1.7951341945252643,197.9491253391934,-106.35002764109274,190.91257120723262,356.0,222.16,354.78,221.91,-2.7258774296224146,-3.4970938809911445,-0.7712164513687298,2.8231239994897876,0.38144170215538326,-2.4416822973344043,78.0140773461727,4.004813574155193,mean_revert
IYR-VNQ,2023-03-28 13:31:00+00:00,2023-03-28 13:38:00+00:00,1,-0.895241781191727,0.9937690784525858,124.98603146664486,322.07191844956117,-320.0651135930768,77.865,79.79,78.39,80.29,-0.5325929885401024,-0.5044775277663831,0.028115460773719292,-2.3867632571794015,-0.35172433839083245,2.035038918788569,6.5079381066005855,2.547262282882462,mean_revert
IYR-VNQ,2023-03-28 14:02:00+00:00,2023-03-28 14:05:00+00:00,-1,-0.895241781191727,0.9937690784525858,124.98603146664486,-664.6167906266727,660.4756155451837,78.75,80.62,78.77,80.67,-0.4724213236557375,-0.5021097775783687,-0.029688453922631197,2.111112258318526,-0.15711076999052162,-2.2682230283090474,14.449823339541851,5.281621625184648,mean_revert
IYR-VNQ,2023-03-28 14:06:00+00:00,2023-03-28 14:08:00+00:00,1,-0.895241781191727,0.9937690784525858,124.98603146664486,316.39285913682664,-314.421440053383,78.78,80.7,78.84,80.74,-0.5219228499319399,-0.5016736130700394,0.0202492368619005,-1.709957405085982,-0.10429687014505228,1.6056605349409299,3.8901739418646226,2.516540004212878,mean_revert
IYR-VNQ,2023-03-28 14:24:00+00:00,2023-03-28 14:35:00+00:00,-1,-0.895241781191727,0.9937690784525858,124.98603146664486,-665.3209542104398,661.1753915409038,78.675,80.55,78.52,80.415,-0.47785748816406226,-0.4986986625729628,-0.020841174408900542,1.711717759824063,0.042635880118764735,-1.6690818797052982,8.595599022834659,5.270471021768277,mean_revert
IYR-VNQ,2023-03-28 14:36:00+00:00,2023-03-28 14:39:00+00:00,-1,-0.895241781191727,0.9937690784525858,124.98603146664486,-666.4867857714783,662.3339588969479,78.54,80.41,78.555,80.4,-0.47372981718068274,-0.44879212639617094,0.0249376907845118,1.9638208837664684,3.778782854984302,1.8149619712178338,-21.901017363115663,5.280375987579655,adverse
IYR-VNQ,2023-03-28 14:40:00+00:00,2023-03-28 14:42:00+00:00,-1,-0.895241781191727,0.9937690784525858,124.98603146664486,-666.3893723995734,662.237152500121,78.53,80.39,78.515,80.36,-0.463854435611637,-0.4490413632580612,0.014813072353575762,2.6126017362983274,3.6308237241165386,1.0182219878182113,-15.148220946453518,5.276946957443112,adverse
IYR-VNQ,2023-03-28 14:43:00+00:00,2023-03-28 15:22:00+00:00,-1,-0.895241781191727,0.9937690784525858,124.98603146664486,-666.2523863858497,662.101020035502,78.53,80.39,78.56,80.46,-0.463854435611637,-0.5034182711033139,-0.03956383549167697,2.530683247272327,-0.3745185012794733,-2.9052017485518,21.078828033577935,5.280671777326441,mean_revert
IYR-VNQ,2023-03-28 15:28:00+00:00,2023-03-28 15:32:00+00:00,-1,-0.895241781191727,0.9937690784525858,124.98603146664486,-665.7225571163066,661.5744920905709,78.605,80.47,78.62,80.51,-0.4683559618878377,-0.4931067250259531,-0.024750763138115417,1.89346935188242,0.26705478496454965,-1.6264145669178702,11.1970178369472,5.280123489934795,mean_revert
XOM-CVX,2023-03-28 13:58:00+00:00,2023-03-28 16:23:00+00:00,1,16.62021139598362,1.338408444795809,881.3051451112099,135.12426957185912,-180.8514634918416,158.24,106.62,159.75,107.175,-1.0813197801127785,-0.3141364669744462,0.7671833131383323,-1.6556590986592412,-0.3736712310660956,1.2819878675931455,101.61664193234316,2.0484428831921306,mean_revert
V-MA,2023-03-28 16:10:00+00:00,2023-03-28 17:06:00+00:00,-1,-40.08113522611031,1.7951341945252643,197.9491253391934,-105.01781728373123,188.52107484043225,355.45,221.66,354.75,220.67,-2.378310332359831,-1.3011274797797796,1.0771828525800515,1.682472759265035,3.078076702777851,1.3956039435128158,-117.06619280674106,3.9428008133220924,adverse
V-MA,2023-03-28 17:11:00+00:00,2023-03-28 17:12:00+00:00,-1,-40.08113522611031,1.7951341945252643,197.9491253391934,-107.3794614842257,192.76054310004216,354.91,220.78,354.86,220.69,-1.3385922411775368,-1.2270301636702925,0.11156207750724434,2.8859398881570826,3.0441113907392996,0.15817150258221702,-16.011725802743978,4.032249997952032,adverse
V-MA,2023-03-28 17:15:00+00:00,2023-03-28 17:16:00+00:00,-1,-40.08113522611031,1.7951341945252643,197.9491253391934,-107.43392170795765,192.85830650990488,354.66,220.58,354.695,220.54,-1.2295654022724989,-1.1227600344914777,0.10680536778102123,2.9741920895382488,3.1180431016166725,0.14385101207842377,-15.506481809070163,4.031962288894923,adverse
IYR-VNQ,2023-03-28 18:09:00+00:00,2023-03-28 18:17:00+00:00,-1,-0.895241781191727,0.9937690784525858,124.98603146664486,-682.9533286653954,678.6979000539359,78.2,80.05,78.17,80.05,-0.455972948937756,-0.4859729489377571,-0.030000000000001137,2.180351095085533,0.21414807449405748,-1.9662030205914758,15.10278842990806,5.385811430054576,mean_revert
IYR-VNQ,2023-03-28 18:18:00+00:00,2023-03-28 18:22:00+00:00,-1,-0.895241781191727,0.9937690784525858,124.98603146664486,-683.3683101071351,679.1102957788686,78.16,80.01,78.25,80.13,-0.45622218579967466,-0.48547447521396236,-0.029252289414287702,2.087559935694312,0.21765563810068864,-1.8699042975936233,14.595553670480982,5.394533913332204,mean_revert
V-MA,2023-03-28 18:30:00+00:00,2023-03-28 18:32:00+00:00,-1,-40.08113522611031,1.7951341945252643,197.9491253391934,-107.69441443445659,193.32592591066825,353.8,218.84,353.62,218.68,1.03396809620142,1.1411895673254548,0.1072214711240349,2.9953610909204533,3.0256365572384016,0.030275466317948307,-15.565124163026216,4.017970615522874,adverse
IYR-VNQ,2023-03-28 18:35:00+00:00,2023-03-28 19:14:00+00:00,-1,-0.895241781191727,0.9937690784525858,124.98603146664486,-653.2661103016085,649.1956604187347,78.37,80.22,78.455,80.33,-0.454913692274701,-0.47922829090448715,-0.024314598629786133,2.0583992494499257,0.19640011559642487,-1.861999133853501,10.713809266170326,5.170094004257482,mean_revert
IYR-VNQ,2023-03-28 19:17:00+00:00,2023-03-28 19:31:00+00:00,-1,-0.895241781191727,0.9937690784525858,124.98603146664486,-652.7203971589429,648.6533475718485,78.44,80.29,78.33,80.2,-0.45447752776638595,-0.4750383107056564,-0.02056078293927044,1.6733296553392385,0.3260357147423127,-1.3472939405969258,8.262963046778653,5.1574793592361114,mean_revert
V-MA,2023-03-28 18:35:00+00:00,2023-03-29 13:31:00+00:00,-1,-40.08113522611031,1.7951341945252643,197.9491253391934,-107.697971382284,193.33231110934136,353.72,218.73,356.06,221.92,1.151432857599275,-2.2350452229363214,-3.3864780805355963,2.948225726540905,-0.05365607491152805,-3.0018818014524333,360.6542570956686,4.062562308588054,mean_revert
IYR-VNQ,2023-03-29 13:35:00+00:00,2023-03-29 13:39:00+00:00,-1,-0.895241781191727,0.9937690784525858,124.98603146664486,-894.4283725279021,888.8552595088993,79.57,81.425,79.78,81.66,-0.4524054318100781,-0.47594116524642516,-0.023535733436347073,1.6781511811975127,-0.005918621812759672,-1.6840698030102723,13.853956951135633,7.197070802588637,mean_revert
IYR-VNQ,2023-03-29 13:41:00+00:00,2023-03-29 13:45:00+00:00,-1,-0.895241781191727,0.9937690784525858,124.98603146664486,-892.118097714004,886.5593798361195,79.78,81.63,79.84,81.72,-0.4461280928928488,-0.47556730995357555,-0.02943921706072672,2.0918061153087617,-0.016124384510252027,-2.107930499819014,19.079441250326838,7.183817072084688,mean_revert
XLF-KBE,2023-03-29 13:30:00+00:00,2023-03-29 14:01:00+00:00,1,-42.62347024690078,2.5247561193221757,357.68382380896213,778.540941545415,-1965.6260063096347,37.2,31.71,37.03,31.7,-0.2365462968054146,-0.38129873561219085,-0.14475243880677624,-2.290174750098512,-3.0404255153126183,-0.7502507652141062,-117.25268577289455,4.556985773272107,adverse
LMT-NOC,2023-03-27 13:35:00+00:00,2023-03-29 14:23:00+00:00,-1,-136.00655312813697,1.2556846254830614,413.5250532261608,-33.729528632118296,42.35365052814166,458.9,477.12,460.26,472.58,-4.205695382341332,2.8551128173518237,7.060808199693156,1.8630230555696556,1.420819692600737,-0.4422033629689186,-239.93472438818574,1.7769920507403976,time_stop
XLF-KBE,2023-03-29 14:27:00+00:00,2023-03-29 14:29:00+00:00,1,-42.62347024690078,2.5247561193221757,357.68382380896213,838.4684408282179,-2116.9283268395666,36.99,31.7,36.925,31.7,-0.42129873561219,-0.48629873561219483,-0.06500000000000483,-2.9560882532719823,-3.3097800500279977,-0.35369179675601536,-59.40380241075803,4.90335375691981,adverse
IYR-VNQ,2023-03-29 14:28:00+00:00,2023-03-29 14:32:00+00:00,-1,-0.895241781191727,0.9937690784525858,124.98603146664486,-924.4478750360487,918.6877128520252,79.87,81.725,79.91,81.785,-0.45053615534583,-0.47016230005300486,-0.01962614470717483,1.7687819331092431,0.25917384904774193,-1.5096080840615012,10.692972555202338,7.450375214486677,mean_revert
IYR-VNQ,2023-03-29 14:35:00+00:00,2023-03-29 14:47:00+00:00,-1,-0.895241781191727,0.9937690784525858,124.98603146664486,-685.4124903189949,681.1417388641994,79.95,81.8,79.64,81.52,-0.44506883622977966,-0.4768134942630553,-0.03174465803327564,2.129303438118109,-0.2914533342320856,-2.420756772350195,16.252538852852638,5.505646264060713,mean_revert
XLF-KBE,2023-03-29 14:36:00+00:00,2023-03-29 14:48:00+00:00,1,-42.62347024690078,2.5247561193221757,357.68382380896213,831.883221461058,-2100.302253945251,36.93,31.685,36.77,31.635,-0.4434273938223541,-0.47718958785625176,-0.033762194033897686,-2.9875246659392634,-3.071417382680602,-0.0838927167413388,-32.93777312934393,4.851570392834056,adverse
XLF-KBE,2023-03-29 14:49:00+00:00,2023-03-29 14:50:00+00:00,1,-42.62347024690078,2.5247561193221757,357.68382380896213,790.9996269827773,-1997.0811486063253,36.78,31.63,36.8,31.645,-0.4545658072596268,-0.472437149049469,-0.017871341789842177,-2.9335372940027615,-3.0215449155376115,-0.08800762153484998,-18.751545650474284,4.615320961030669,adverse
XLF-KBE,2023-03-29 14:51:00+00:00,2023-03-29 14:54:00+00:00,1,-42.62347024690078,2.5247561193221757,357.68382380896213,790.165882570209,-1994.9761472987427,36.81,31.645,36.765,31.64,-0.46243714904946387,-0.49481336845285284,-0.03237621940338897,-2.953362832390727,-3.0917793107737146,-0.13841647838298776,-30.19115867783032,4.608574698661298,adverse
XLF-KBE,2023-03-29 15:03:00+00:00,2023-03-29 15:04:00+00:00,1,-42.62347024690078,2.5247561193221757,357.68382380896213,376.6469618111143,-950.9417216567166,36.76,31.64,36.78,31.655,-0.4998133684528554,-0.5176847102426905,-0.01787134178983507,-2.9862167566960207,-3.066617590482913,-0.08040083378689244,-8.928943361350633,2.1977567727228076,adverse
XLF-KBE,2023-03-29 15:05:00+00:00,2023-03-29 15:10:00+00:00,1,-42.62347024690078,2.5247561193221757,357.68382380896213,376.3992416051513,-950.3162885508318,36.78,31.645,36.82,31.675,-0.492437149049465,-0.5281798326291423,-0.03574268357967725,-2.918702290222648,-3.042220471222475,-0.12351818099982736,-15.651533418107768,2.1980144257874636,adverse
XLF-KBE,2023-03-29 15:11:00+00:00,2023-03-29 15:54:00+00:00,1,-42.62347024690078,2.5247561193221757,357.68382380896213,375.92157494011303,-949.1102967152802,36.82,31.665,36.93,31.76,-0.5029322714359168,-0.6327841027715309,-0.12985183133561407,-2.8966960651289453,-3.047948461268278,-0.15125239613933283,-51.015431283852486,2.201326339310784,adverse
XLF-KBE,2023-03-29 16:00:00+00:00,2023-03-29 16:01:00+00:00,1,-42.62347024690078,2.5247561193221757,357.68382380896213,374.3947042911893,-945.2553207009967,36.95,31.77,36.96,31.78,-0.638031663964739,-0.6532792251579664,-0.015247561193227455,-2.9767728322547433,-3.030798624678543,-0.05402579242379968,-7.902498282224297,2.1938921181240016,adverse
XLF-KBE,2023-03-29 16:03:00+00:00,2023-03-29 16:10:00+00:00,1,-42.62347024690078,2.5247561193221757,357.68382380896213,374.3559460339817,-945.1574655539374,36.95,31.765,36.9,31.765,-0.6254078833681262,-0.6754078833681305,-0.05000000000000426,-2.875632031411475,-3.004133660091174,-0.12850162867969894,-20.90963036679942,2.1918330650987374,adverse
LMT-NOC,2023-03-29 14:41:00+00:00,2023-03-29 16:14:00+00:00,-1,-136.00655312813697,1.2556846254830614,413.5250532261608,-48.07977629328142,60.37303588813845,461.03,472.52,459.18,473.9,3.700453894880752,0.1176091117142164,-3.5828447831665358,1.6628510845220483,0.3284323721899526,-1.3344187123320959,169.72797299891286,2.5344026692868886,mean_revert
IYR-VNQ,2023-03-29 16:08:00+00:00,2023-03-29 16:24:00+00:00,-1,-0.895241781191727,0.9937690784525858,124.98603146664486,-748.8178697842841,744.1520443843564,79.965,81.805,79.98,81.85,-0.4350376816220489,-0.46475729015240574,-0.029719608530356822,2.6506946106875913,0.367977957755153,-2.282716652932438,16.214609047611713,6.039964902910331,mean_revert
IYR-VNQ,2023-03-29 16:36:00+00:00,2023-03-29 16:59:00+00:00,-1,-0.895241781191727,0.9937690784525858,124.98603146664486,-790.3418899083182,785.4173315966643,80.015,81.865,79.8,81.665,-0.4446638263292044,-0.46091001063869896,-0.016246184309494538,1.7496192035824805,0.36969138645882427,-1.3799278171236562,6.479520550990889,6.360519459976269,mean_revert
IYR-VNQ,2023-03-29 17:07:00+00:00,2023-03-29 17:08:00+00:00,-1,-0.895241781191727,0.9937690784525858,124.98603146664486,-791.381058454209,786.4500251648711,79.91,81.755,79.88,81.75,-0.4403492276994143,-0.46538038230715983,-0.02503115460774552,1.832614266102572,-0.011837939966257224,-1.844452206068829,13.433791202478869,6.375390425327521,mean_revert
IYR-VNQ,2023-03-29 17:41:00+00:00,2023-03-29 18:06:00+00:00,-1,-0.895241781191727,0.9937690784525858,124.98603146664486,-792.1214540793959,787.1858074430035,79.84,81.685,79.71,81.575,-0.4407853922077436,-0.46147079357795917,-0.020685401370215573,1.8745861690860905,0.04881744772785203,-1.8257687213582385,10.017616044257606,6.367734167341583,mean_revert
IYR-VNQ,2023-03-29 19:50:00+00:00,2023-03-29 19:57:00+00:00,1,-0.895241781191727,0.9937690784525858,124.98603146664486,312.4611254681669,-310.51420470875803,80.26,82.16,80.235,82.105,-0.49282570447270757,-0.4631684051578304,0.02965729931487715,-2.54216112412607,-0.09077687619616889,2.451384247929901,6.738498763295902,2.5282543589775477,mean_revert
XOM-CVX,2023-03-29 14:12:00+00:00,2023-03-30 13:30:00+00:00,1,16.62021139598362,1.338408444795809,881.3051451112099,133.52940996097539,-178.71688992037105,160.13,108.2,162.28,109.28,-1.3060051228901557,-0.6014862432696191,0.7045188796205366,-1.6917518717196793,0.36046839069508085,2.0522202624147603,92.01402358314914,2.0599667189482616,mean_revert
IYR-VNQ,2023-03-30 13:31:00+00:00,2023-03-30 13:32:00+00:00,-1,-0.895241781191727,0.9937690784525858,124.98603146664486,-791.984437124007,787.0496442295142,81.28,83.13,81.27,83.09,-0.4367817105717222,-0.40703094743362556,0.02975076313809666,2.0930891547298796,4.452210282906141,2.3591211281762616,-30.0501679051351,6.488026507204919,adverse
IYR-VNQ,2023-03-30 13:36:00+00:00,2023-03-30 13:37:00+00:00,-1,-0.895241781191727,0.9937690784525858,124.98603146664486,-751.7037516395984,747.0199445362351,81.15,82.99,81.24,83.07,-0.42765403958834725,-0.4171555658645758,0.01049847372377144,2.801133135934168,3.63178331939148,0.8306501834573119,-14.047910063449505,6.1561679787913,adverse
IYR-VNQ,2023-03-30 13:38:00+00:00,2023-03-30 13:39:00+00:00,-1,-0.895241781191727,0.9937690784525858,124.98603146664486,-750.2782938893909,745.6033687014383,81.29,83.14,81.28,83.11,-0.43671940135624254,-0.4169063290026713,0.019813072353571215,2.0036180674940427,3.58386489998222,1.5802468324881773,-21.012803907151564,6.147485785005312,adverse
IYR-VNQ,2023-03-30 13:40:00+00:00,2023-03-30 13:41:00+00:00,-1,-0.895241781191727,0.9937690784525858,124.98603146664486,-750.2869202529442,745.6119413147971,81.27,83.11,81.3,83.13,-0.42690632900267644,-0.4167817105717262,0.01012461843095025,2.7413832316502367,3.5107052050989975,0.7693219734487609,-13.745421146199376,6.149052364903172,adverse
LMT-NOC,2023-03-30 13:32:00+00:00,2023-03-30 13:42:00+00:00,-1,-136.00655312813697,1.2556846254830614,413.5250532261608,-48.13615771133256,60.4438331679482,460.49,472.0,460.92,475.13,3.813409900132001,0.31311702237002237,-3.5002928777619786,1.8182505659099921,-0.09238281057360438,-1.9106333764835965,165.94537018653455,2.5452798132697314,mean_revert
V-MA,2023-03-30 13:48:00+00:00,2023-03-30 13:53:00+00:00,-1,-40.08113522611031,1.7951341945252643,197.9491253391934,-126.04381150245423,226.26555603635242,361.32,223.19,361.69,222.69,0.7451343500165422,2.0127014472791984,1.2675670972626563,1.84001530457123,3.1990215263668924,1.3590062217956624,-164.56778141688775,4.7987931428029,adverse
V-MA,2023-03-30 13:54:00+00:00,2023-03-30 13:58:00+00:00,-1,-40.08113522611031,1.7951341945252643,197.9491253391934,-26.23554779549898,47.096328959802136,362.04,223.035,362.09,222.94,1.7433801501679795,1.9639178986478214,0.22053774847984187,2.8702892995074984,3.0147817556240732,0.1444924561165748,-6.785892894933431,0.9999642539785257,adverse
IYR-VNQ,2023-03-30 13:42:00+00:00,2023-03-30 13:58:00+00:00,-1,-0.895241781191727,0.9937690784525858,124.98603146664486,-791.9322777588591,786.9978098652786,81.325,83.17,81.43,83.26,-0.4315324737098223,-0.4159716907705615,0.015560782939260775,2.3051384154914674,3.139697586501017,0.8345591710095497,-18.82371042816996,6.50062415136435,adverse
V-MA,2023-03-30 14:01:00+00:00,2023-03-30 14:02:00+00:00,-1,-40.08113522611031,1.7951341945252643,197.9491253391934,-49.393847387396484,88.66858444427783,362.155,223.0,362.05,222.83,1.9212098469762964,2.12138266004564,0.20017281306934365,2.88509124294914,3.0690780911468325,0.1839868481976925,-11.769358535767665,1.8820531559162665,adverse
IYR-VNQ,2023-03-30 13:59:00+00:00,2023-03-30 14:08:00+00:00,-1,-0.895241781191727,0.9937690784525858,124.98603146664486,-789.3108543757255,784.3927203655878,81.46,83.31,81.31,83.13,-0.4356601446932018,-0.4067817105717211,0.028878434121480723,1.6822343953086885,3.5212416431190245,1.839007247810336,-29.263333130123147,6.4692716206640775,adverse
IYR-VNQ,2023-03-30 14:09:00+00:00,2023-03-30 14:16:00+00:00,-1,-0.895241781191727,0.9937690784525858,124.98603146664486,-778.37633325383,773.5263313869615,81.29,83.12,81.185,83.0,-0.41684401978720587,-0.4025917303728903,0.014252289414315555,2.7895087169354413,3.5136683300002307,0.7241596130647894,-17.463403180800142,6.3697584060165,adverse
IYR-VNQ,2023-03-30 14:17:00+00:00,2023-03-30 14:40:00+00:00,-1,-0.895241781191727,0.9937690784525858,124.98603146664486,-779.2763737410095,774.4207637924758,81.18,83.01,81.23,83.04,-0.4175294211574112,-0.3973424935109904,0.020186927646420827,2.5206904133575923,3.249158998068829,0.7284685847112367,-22.111621776488576,6.38042600321547,adverse
IYR-VNQ,2023-03-30 14:41:00+00:00,2023-03-30 14:44:00+00:00,-1,-0.895241781191727,0.9937690784525858,124.98603146664486,-778.3245457205767,773.4748665377649,81.26,83.08,81.2,83.01,-0.407093256649091,-0.3975294211574152,0.009563835491675832,2.6627514596210897,3.0985619722910798,0.43581051266999005,-13.81407300359243,6.370305089190534,adverse
IYR-VNQ,2023-03-30 14:45:00+00:00,2023-03-30 14:46:00+00:00,-1,-0.895241781191727,0.9937690784525858,124.98603146664486,-778.5769516655544,773.7256997611014,81.22,83.04,81.26,83.07,-0.4073424935109955,-0.3971555658645656,0.010186927646429922,2.5331241072613855,3.0509639720106496,0.5178398647492641,-14.308334922379,6.377027848574882,adverse
IYR-VNQ,2023-03-30 14:47:00+00:00,2023-03-30 15:09:00+00:00,-1,-0.895241781191727,0.9937690784525858,124.98603146664486,-777.9639189249484,773.1164867794081,81.27,83.095,81.33,83.19,-0.4119997928258954,-0.4464078552788777,-0.034408062452982335,2.22629484206291,0.2125641177633875,-2.0137307242995224,20.38886280547697,6.379368303067251,mean_revert
IYR-VNQ,2023-03-30 16:17:00+00:00,2023-03-30 16:36:00+00:00,1,-0.895241781191727,0.9937690784525858,124.98603146664486,309.1104391726252,-307.18439627665384,81.13,83.02,81.03,82.89,-0.477467111941948,-0.44827713174311157,0.02918998019883645,-1.6587620121877753,0.04457472638290813,1.7033367385706835,6.49744092402636,2.525486674676483,mean_revert
V-MA,2023-03-30 14:05:00+00:00,2023-03-30 18:51:00+00:00,-1,-40.08113522611031,1.7951341945252643,197.9491253391934,-49.49429694146027,88.84890487360254,361.42,222.62,359.31,222.33,1.8683608408959458,0.2789497573082258,-1.58941108358772,2.721652839957761,0.38702947299426255,-2.3346233669634984,76.78990549040861,1.876878642729207,mean_revert
IYR-VNQ,2023-03-30 18:05:00+00:00,2023-03-30 19:47:00+00:00,1,-0.895241781191727,0.9937690784525858,124.98603146664486,309.56832403499664,-307.6394280943701,81.01,82.91,81.14,83.01,-0.48815251331214427,-0.45752942115741746,0.030623092154726805,-1.857196135511662,-0.028940078309160743,1.8282560572025013,6.947163178192859,2.5327761369156647,mean_revert
LMT-NOC,2023-03-30 17:34:00+00:00,2023-03-31 13:30:00+00:00,-1,-136.00655312813697,1.2556846254830614,413.5250532261608,-48.06830737843503,60.35863454809487,461.14,473.19,460.95,474.41,2.969145195807073,1.2472099527178102,-1.7219352430892627,1.656221667369962,-0.2398638215528673,-1.8960854889228291,80.23092124547738,2.539591305102566,mean_revert
IYR-VNQ,2023-03-31 13:31:00+00:00,2023-03-31 13:34:00+00:00,-1,-0.895241781191727,0.9937690784525858,124.98603146664486,-786.4309907234262,781.5308009177734,81.78,83.61,82.12,84.0,-0.41379086822897193,-0.46136080882547503,-0.0475699405965031,1.941396981865369,-0.15002679312028283,-2.091423774985652,30.898960500199387,6.511515011765036,mean_revert
IYR-VNQ,2023-03-31 13:47:00+00:00,2023-03-31 13:53:00+00:00,-1,-0.895241781191727,0.9937690784525858,124.98603146664486,-742.3201466889567,737.6948080918728,82.14,83.98,81.99,83.87,-0.4214854272564281,-0.46217082862665393,-0.040685401370225804,1.663399318759061,-0.14980285414828154,-1.8132021729073426,24.064928494157492,6.136664619084646,mean_revert
IYR-VNQ,2023-03-31 14:12:00+00:00,2023-03-31 14:29:00+00:00,-1,-0.895241781191727,0.9937690784525858,124.98603146664486,-742.887240031776,738.2583679205628,82.09,83.93,82.06,83.87,-0.42179697333379806,-0.39217082862664654,0.029626144707151525,1.8258887546776235,3.216066474228619,1.3901777195509957,-28.15283768600658,6.143952811725256,adverse
XLF-KBE,2023-03-29 16:12:00+00:00,2023-03-31 15:08:00+00:00,1,-42.62347024690078,2.5247561193221757,357.68382380896213,370.8212614176101,-936.2332489388793,36.91,31.765,37.02,31.98,-0.6654078833681325,-1.0982304490224024,-0.4328225656542699,-2.9334442777850525,-1.4930469287763717,1.4403973490086808,-162.68323688585667,2.1834271199372646,time_stop
IYR-VNQ,2023-03-31 14:30:00+00:00,2023-03-31 16:32:00+00:00,-1,-0.895241781191727,0.9937690784525858,124.98603146664486,-742.5767319638451,737.9497946040431,82.1,83.93,82.12,83.98,-0.41179697333380716,-0.44148542725642415,-0.029688453922616986,2.2955510670943045,0.34084708264480457,-1.9547039844495,15.89828384192963,6.147671248985925,mean_revert
LMT-NOC,2023-03-31 13:33:00+00:00,2023-03-31 16:42:00+00:00,-1,-136.00655312813697,1.2556846254830614,413.5250532261608,-47.99545137816458,60.267150388681074,461.84,473.4,461.57,474.03,3.405451424455748,2.344370110401371,-1.061081314054377,1.6977498632706423,0.3345315127664827,-1.3632183505041595,48.39099172740407,2.5360848895682957,mean_revert
IYR-VNQ,2023-03-31 19:53:00+00:00,2023-03-31 19:59:00+00:00,-1,-0.895241781191727,0.9937690784525858,124.98603146664486,-807.1413780993547,802.1121434947459,82.79,84.62,83.03,84.94,-0.40749763746607925,-0.48550374257089857,-0.07800610510481931,1.815553287357368,-4.844237770325559,-6.659791057682927,56.204537469870566,6.757417704601657,adverse
XOM-CVX,2023-03-31 19:05:00+00:00,2023-04-03 13:30:00+00:00,-1,16.62021139598362,1.338408444795809,881.3051451112099,-350.55293848456876,469.18301321573256,163.13,109.36,169.305,113.52,0.14144108114669507,0.748661950796162,0.607220869649467,1.6831495291455507,,,-218.49366121028933,5.630601045518993,descreen
LMT-NOC,2023-03-31 19:32:00+00:00,2023-04-03 13:30:00+00:00,-1,-136.00655312813697,1.2556846254830614,413.5250532261608,-48.08812076036779,60.38351390716665,460.95,472.05,463.49,473.87,4.210625668857745,4.465279650478692,0.25465398162094743,1.7178151724858564,,,-14.790946361612873,2.5451149413205965,descreen
V-MA,2023-03-31 16:27:00+00:00,2023-04-03 13:32:00+00:00,1,-40.08113522611031,1.7951341945252643,197.9491253391934,119.18793499673001,-213.9583376874845,362.86,224.72,362.36,224.19,-0.4614209676071255,-0.009999844508683964,0.4514211230984415,-1.747956579382338,-0.12799978255396763,1.6199567968283703,49.2461384834234,4.5578129925786115,mean_revert
MAR-HLT,2023-04-03 13:32:00+00:00,2023-04-03 14:04:00+00:00,-1,3.253109959256527,0.8293104380788405,276.76302348687886,-677.0698823066657,561.5011207057299,140.83,165.54,139.68,165.15,0.2928401211722189,-0.5337288079770417,-0.8265689291492606,1.8040564396098788,0.21003186765626392,-1.5940245719536148,550.279676015185,9.365251562257317,mean_revert
KO-PEP,2023-04-03 13:34:00+00:00,2023-04-03 14:43:00+00:00,1,-22.393901220816268,3.2848001644529257,597.554539388795,70.31732748931779,-230.9783689008013,180.83,62.03,182.01,62.265,-0.5322529801987059,-0.12418101884514954,0.4080719613535564,-1.6898503423026907,-0.3791601220724516,1.310690220230239,27.335513499908334,1.3590162457969561,mean_revert
MAR-HLT,2023-04-03 16:45:00+00:00,2023-04-03 19:57:00+00:00,-1,3.253109959256527,0.8293104380788405,276.76302348687886,-741.298820334922,614.7668494392818,139.64,164.17,139.76,164.59,0.23899542134020635,0.0106850373470877,-0.22831038399311865,1.6622290368355883,0.3517180730908367,-1.3105109637447516,159.00679838035316,10.239419943961003,mean_revert
PSA-EXR,2023-04-03 14:55:00+00:00,2023-04-04 13:32:00+00:00,1,-16.652433490733156,0.5974263744144696,307.6301045710009,205.1674561408434,-122.57244947006377,152.56,309.93,157.92,307.53,-15.9479227315434,-9.15409943294867,6.793823298594731,-2.9709672423488125,-0.2833753793920515,2.687591862956761,1390.3667061401102,3.504737502964535,mean_revert
JPM-BAC,2023-04-03 13:30:00+00:00,2023-04-04 13:35:00+00:00,1,-37.14336782252229,0.5093074919260085,658.6883704654742,1153.875850353742,-587.6776153376546,28.71,130.81,28.51,129.78,-0.7691451963188811,-0.444558479635095,0.32458671668378614,-2.3918735825262165,-0.30459549598813734,2.0872780865380793,369.07448365643205,5.458290070605299,mean_revert
KO-PEP,2023-04-04 13:31:00+00:00,2023-04-04 13:42:00+00:00,1,-22.393901220816268,3.2848001644529257,597.554539388795,63.92656754006439,-209.98599956851456,182.54,62.57,183.26,62.63,-0.5960450690032815,-0.07313307887048381,0.5229119901327977,-1.8555267929967367,-0.261022599306987,1.5945041936897497,32.18463835871652,1.2433302960184134,mean_revert
V-MA,2023-04-03 14:02:00+00:00,2023-04-04 14:28:00+00:00,1,-38.34780221372616,1.7855738180147953,207.40007051490906,176.33270867452978,-314.8550678688708,363.67,225.83,367.18,229.21,-1.2183331085551004,-3.74357261344511,-2.52523950489001,-1.8572447997114334,-1.0907359273857593,0.7665088723256741,-452.1280106530508,6.845688703866885,time_stop
KO-PEP,2023-04-04 14:59:00+00:00,2023-04-04 15:56:00+00:00,1,-22.393901220816268,3.2848001644529257,597.554539388795,166.8264678932969,-547.9916091710023,182.76,62.625,182.25,62.34,-0.5567090780482147,-0.13054103117912064,0.42616804686909404,-1.6769469465157827,-0.3695695259015622,1.3073774206142206,67.8678139536902,3.228296034463682,mean_revert
V-MA,2023-04-04 15:57:00+00:00,2023-04-04 16:24:00+00:00,1,-38.34780221372616,1.7855738180147953,207.40007051490906,49.167620034344225,-87.79241502742475,365.07,228.75,364.54,227.41,-5.032208657158321,-3.1695397410184114,1.86266891613991,-1.788577662319573,-0.22517889571351843,1.5633987666060547,89.68857565311305,1.894421865435325,mean_revert
XLF-KBE,2023-03-31 15:10:00+00:00,2023-04-04 17:55:00+00:00,1,-42.62347024690078,2.5247561193221757,357.68382380896213,378.2175429406768,-954.9070559744715,36.97,31.985,35.85,31.845,-1.1608542296190052,-1.927388372913903,-0.7665341432948978,-1.6602440898001243,-0.5771787333807993,1.083065356419325,-292.11506596272704,2.1984057055965156,time_stop
MAR-HLT,2023-04-04 16:24:00+00:00,2023-04-04 19:25:00+00:00,1,3.253109959256527,0.8293104380788405,276.76302348687886,196.75139362201725,-163.16798443729752,138.92,164.3,139.36,164.35,-0.5888149356100598,-0.19028045751394984,0.39853447809611,-1.7152492696813062,-0.3534598109548199,1.3617894587264863,75.70041734895894,2.7117966228717085,mean_revert
V-MA,2023-04-04 19:59:00+00:00,2023-04-05 13:31:00+00:00,1,-38.34780221372616,1.7855738180147953,207.40007051490906,49.33248054401002,-88.08678563710858,363.85,227.69,362.65,226.63,-4.359500410062594,-3.666792162966942,0.692708247095652,-1.713850805994884,-0.37767956339918324,1.3361712425957009,32.28033950760986,1.8926766149111571,mean_revert
V-MA,2023-04-05 13:33:00+00:00,2023-04-05 13:50:00+00:00,1,-38.34780221372616,1.7855738180147953,207.40007051490906,49.48480425092505,-88.35877086003902,362.73,227.11,362.9,227.62,-4.443867595614051,-5.1845102428015934,-0.740642647187542,-1.8621383209012217,-3.095423733632163,-1.2332854127309412,-38.554069360255,1.9035129442911392,adverse
V-MA,2023-04-05 13:52:00+00:00,2023-04-05 13:54:00+00:00,1,-38.34780221372616,1.7855738180147953,207.40007051490906,49.438463783672695,-88.27602653499864,363.07,227.655,363.09,227.88,-5.077005326432072,-5.458759435485433,-0.38175410905336093,-2.84693590799033,-3.4742446844742503,-0.6273087764839205,-20.776684331802095,1.9033476371004603,adverse
V-MA,2023-04-05 13:58:00+00:00,2023-04-05 14:08:00+00:00,1,-38.34780221372616,1.7855738180147953,207.40007051490906,49.3772641008419,-88.16674998366516,363.52,227.94,362.63,227.59,-5.135893864566299,-5.400943028261111,-0.2650491636948118,-2.781016736034383,-3.0111466572167127,-0.23012992118232978,-14.985979950949844,1.8985773954835325,adverse
V-MA,2023-04-05 14:14:00+00:00,2023-04-05 14:15:00+00:00,1,-38.34780221372616,1.7855738180147953,207.40007051490906,49.41940763177789,-88.24200036910315,363.21,227.93,362.97,227.86,-5.428038126386184,-5.54304795912509,-0.11500983273890597,-2.883332156915703,-3.0358620005646517,-0.15252984364894884,-7.5859470353982275,1.9022292296105134,adverse
MAR-HLT,2023-04-05 13:32:00+00:00,2023-04-05 14:18:00+00:00,1,3.253109959256527,0.8293104380788405,276.76302348687886,197.28394097203534,-163.60963151343876,138.545,163.98,137.92,162.61,-0.6984355954247974,-0.18728029525681222,0.5111553001679852,-1.8911667092790898,-0.1713435969262072,1.7198231123528827,98.15203389992193,2.6906981659631697,mean_revert
KO-PEP,2023-04-05 14:51:00+00:00,2023-04-05 15:57:00+00:00,-1,-22.393901220816268,3.2848001644529257,597.554539388795,-145.84785292876592,479.0810512855164,184.79,62.885,184.24,62.875,0.6192428791940472,0.1020908808385741,-0.5171519983554731,1.7275855691604534,0.3215517813065571,-1.4060337878538962,72.57584712180594,2.8496614761586336,mean_revert
JPM-BAC,2023-04-05 15:03:00+00:00,2023-04-05 16:18:00+00:00,-1,-37.14336782252229,0.5093074919260085,658.6883704654742,-1204.4274009691305,613.4238987945489,27.505,127.09,27.535,127.705,-0.07952132635413633,-0.36274543388863023,-0.2832241075344939,1.6886947216414145,0.24624472837626823,-1.4424499932651462,335.547815355507,5.575060374062144,mean_revert
V-MA,2023-04-05 14:16:00+00:00,2023-04-05 17:35:00+00:00,1,-38.34780221372616,1.7855738180147953,207.40007051490906,49.40444524369164,-88.21528392068137,363.32,227.9,363.96,227.67,-5.264470911845706,-4.21378893370229,1.050681978143416,-2.5871841220503597,-0.2876469287198941,2.299537193330466,50.00509947866452,1.903260779055777,mean_revert
MAR-HLT,2023-04-05 15:39:00+00:00,2023-04-06 13:31:00+00:00,-1,3.253109959256527,0.8293104380788405,276.76302348687886,-256.6171145102704,212.81525165304035,138.6,162.57,139.66,162.4,0.525892122266356,1.7268748967397585,1.2009827744734025,1.859672751345522,3.323814939710418,1.464142188364896,-311.7127513159493,3.5200171540479057,adverse
MAR-HLT,2023-04-06 13:48:00+00:00,2023-04-06 13:52:00+00:00,-1,3.253109959256527,0.8293104380788405,276.76302348687886,-129.81262984324985,107.6549689234719,139.79,162.58,140.25,162.88,1.707599017885542,1.9188058864619109,0.21120686857636883,2.899195791369439,3.1988992877215865,0.29970349635214744,-29.204372184544773,1.7870531336885447,adverse
V-MA,2023-04-06 13:46:00+00:00,2023-04-06 13:54:00+00:00,1,-38.34780221372616,1.7855738180147953,207.40007051490906,32.52730586447298,-58.07990572216206,358.44,225.5,357.07,225.42,-5.859093748610178,-7.086247843169019,-1.2271540945588413,-2.070419681559461,-3.3685032708987173,-1.2980835893392562,-41.15136144920029,1.235344872645857,adverse
XLF-KBE,2023-04-06 13:38:00+00:00,2023-04-06 13:55:00+00:00,-1,-44.96211983941974,2.5942522827276044,327.5904351415004,-879.2610840098997,2281.02507430623,35.87,31.82,36.1,31.84,-1.7169877969726386,-1.5388728426271783,0.17811495434546032,1.7528918826385762,3.1294049361294447,1.3765130534908685,-161.82800601109017,5.218458174933387,adverse
XLF-KBE,2023-04-06 13:59:00+00:00,2023-04-06 14:00:00+00:00,-1,-44.96211983941974,2.5942522827276044,327.5904351415004,-854.6805206538681,2217.256891709115,36.15,31.87,36.2,31.88,-1.566700411109018,-1.5426429339362784,0.02405747717273954,2.840098966217268,3.0187033487096713,0.17860438249240307,-25.642736343378147,5.08127922776783,adverse
KO-PEP,2023-04-06 13:42:00+00:00,2023-04-06 14:10:00+00:00,-1,-22.393901220816268,3.2848001644529257,597.554539388795,-89.14427850817583,292.8211407036934,183.94,62.68,183.29,62.4,0.4426269129068885,0.7123709589536986,0.2697440460468101,1.8930412539481947,3.129874993131818,1.2368337391836235,-25.776703066103387,1.7305646993837005,adverse
MAR-HLT,2023-04-06 14:21:00+00:00,2023-04-06 14:23:00+00:00,-1,3.253109959256527,0.8293104380788405,276.76302348687886,-133.46635221787045,110.68503902658698,140.03,162.29,140.01,162.16,2.1880990449284354,2.2759094018786925,0.08781035695025707,2.9823625621655845,3.0682268820923086,0.08586431992672416,-13.5514935242258,1.8317654951287694,adverse
KO-PEP,2023-04-06 14:11:00+00:00,2023-04-06 14:25:00+00:00,-1,-22.393901220816268,3.2848001644529257,597.554539388795,-44.110026161224226,144.8926211884122,183.43,62.465,183.84,62.54,0.6388589482642715,0.8024989359303163,0.16363998766604482,2.836033882456114,3.3358095744891556,0.4997756920330416,-8.076702723901622,0.8585385869301378,adverse
V-MA,2023-04-06 14:02:00+00:00,2023-04-06 15:10:00+00:00,1,-38.34780221372616,1.7855738180147953,207.40007051490906,50.2720152525922,-89.76439421386907,357.05,225.26,358.98,225.21,-6.820556032286618,-4.801277341385912,2.0192786909007054,-2.8545143904528496,-0.30251479756639804,2.5519995928864514,99.60008478538116,1.9131243628140502,mean_revert
XLF-KBE,2023-04-06 14:02:00+00:00,2023-04-06 17:01:00+00:00,-1,-44.96211983941974,2.5942522827276044,327.5904351415004,-872.5253486774957,2263.5508775442922,36.16,31.87,36.22,31.985,-1.55670041110902,-1.7950394236226828,-0.23833901251366285,2.8739967610694177,0.39942288542994364,-2.474573875639474,202.7567028495707,5.200127147367654,mean_revert
KO-PEP,2023-04-06 14:38:00+00:00,2023-04-06 19:59:00+00:00,-1,-22.393901220816268,3.2848001644529257,597.554539388795,-44.443089796345696,145.9866686718325,183.91,62.58,184.35,62.84,0.7411069293521848,0.32705888659441484,-0.41404804275776996,2.8993639721558164,0.37633768702209175,-2.523026285133725,17.533230051120476,0.8683442931647142,mean_revert
MAR-HLT,2023-04-06 14:25:00+00:00,2023-04-10 13:30:00+00:00,-1,3.253109959256527,0.8293104380788405,276.76302348687886,-135.429049124559,112.31272405808883,139.89,162.16,140.085,162.24,2.155909401878688,2.284564566832387,0.1286551649536989,2.8581829444719027,,,-19.283306389533323,1.8596597348899089,descreen
PSA-EXR,2023-04-06 19:05:00+00:00,2023-04-10 13:30:00+00:00,-1,-16.652433490733156,0.5974263744144696,307.6301045710009,-418.89892643161494,250.26126686415333,161.55,308.4,162.79,308.73,-6.0438603786892315,-5.001011082246038,1.042849296443194,1.6701520819940423,,,-444.12123656765215,7.272785857638632,descreen
V-MA,2023-04-06 18:57:00+00:00,2023-04-10 13:31:00+00:00,-1,-38.34780221372616,1.7855738180147953,207.40007051490906,-112.75722783329208,201.3363538110555,360.04,225.19,359.53,225.18,-3.705565865025619,-4.197710126845493,-0.4921442618198739,1.682692944344131,0.3225293781700858,-1.3601635661740452,51.19899634317177,4.293826313703849,mean_revert
JPM-BAC,2023-04-10 13:43:00+00:00,2023-04-10 14:31:00+00:00,-1,-34.093207619855065,0.48507740947016703,501.92240127489157,-1030.9260924481266,500.0789582799392,28.02,127.41,28.045,128.18,0.3094948792610843,-0.03901472603094902,-0.34850960529203334,2.8642680109236,0.26822300421893497,-2.596045006704665,354.6370234076014,4.650622156751516,mean_revert
XLV-IHI,2023-04-10 13:35:00+00:00,2023-04-10 19:21:00+00:00,1,8.23738423606244,0.34541954843201284,513.4860526956456,628.2825965418099,-217.0210907851645,53.67,132.64,54.04,133.08,-0.38383314008461866,-0.1658177413947115,0.21801539868990716,-1.8073769675824316,-0.39841716259127224,1.4089598049911594,133.83360286104957,3.1416779139404545,mean_revert
V-MA,2023-04-10 19:56:00+00:00,2023-04-11 13:32:00+00:00,1,-2.9788240785735525,1.6241321549308347,267.5959170676117,52.24434475950914,-84.85172023721104,359.34,226.04,363.22,227.85,-4.800008221992357,-3.859687422417096,0.9403207995752609,-1.8648763524702492,-0.2979768729738585,1.5668994794963906,47.210961269566134,1.9154827679798723,mean_revert
KO-PEP,2023-04-10 19:48:00+00:00,2023-04-11 13:33:00+00:00,1,-10.806833408842522,3.102061561559246,473.27876861739355,135.78914506616997,-421.2262873867582,182.88,62.55,183.22,62.52,-0.3471172666883149,0.08594458015843998,0.43306184684675486,-1.652489272574503,-0.24697532639232922,1.405513946182174,56.244380211776296,2.560717732322189,mean_revert
SLB-HAL,2023-04-10 13:30:00+00:00,2023-04-11 15:46:00+00:00,-1,-9.059665693540602,0.8505191456604304,511.7387717173799,-1770.6818455596406,1505.9988105218197,32.92,49.85,33.98,51.265,-0.41871371763185294,-0.5621983087413653,-0.1434845911095124,1.6539884394758062,0.3802138500696255,-1.2737745894061807,247.19692068848698,6.868639906675884,mean_revert
JPM-BAC,2023-04-11 14:34:00+00:00,2023-04-12 13:30:00+00:00,-1,-34.093207619855065,0.48507740947016703,501.92240127489157,-1193.0644445014827,578.7286100697431,28.22,127.88,28.8,129.425,0.2815084968101047,0.11206389917868975,-0.16944459763141495,2.1960197878227965,-0.09759611897001702,-2.2936159067928137,196.69521442890417,5.463110317995961,mean_revert
XLV-IHI,2023-04-11 13:43:00+00:00,2023-04-12 13:31:00+00:00,-1,8.23738423606244,0.34541954843201284,513.4860526956456,-1386.0858959223644,478.78116425748505,54.68,133.99,54.95,134.09,0.15985046953215942,0.39530851468896344,0.23545804515680402,1.7534586137075385,3.13163719782166,1.3781785841141214,-333.383334788108,7.018259314811005,adverse
V-MA,2023-04-11 19:50:00+00:00,2023-04-12 13:38:00+00:00,1,-2.9788240785735525,1.6241321549308347,267.5959170676117,45.07502425639262,-73.20779627909458,363.81,228.57,368.5,231.0,-4.4390625739673055,-3.6957037104492656,0.7433588635180399,-1.9461542590460468,0.010035411637183245,1.95618967068323,31.830861435333354,1.6760573689475764,mean_revert
V-MA,2023-04-12 13:50:00+00:00,2023-04-12 13:51:00+00:00,1,-2.9788240785735525,1.6241321549308347,267.5959170676117,51.97326428281562,-84.41144971843912,366.61,230.29,366.32,230.42,-4.432569880448341,-4.93370706058937,-0.5011371801410291,-2.096774955094226,-3.5531384467969516,-1.4563634917027257,-27.97018172622448,1.9244466208101878,adverse
JPM-BAC,2023-04-12 13:50:00+00:00,2023-04-12 13:55:00+00:00,1,-34.093207619855065,0.48507740947016703,501.92240127489157,3170.5469848467396,-1537.9607180129053,28.71,129.68,28.85,130.43,-0.10163084023619717,-0.32543889733882025,-0.22380805710262308,-1.6915334840685918,-3.3107008742554025,-1.6191673901868107,-724.1972854792964,14.603324848162586,adverse
V-MA,2023-04-12 14:03:00+00:00,2023-04-12 14:04:00+00:00,1,-2.9788240785735525,1.6241321549308347,267.5959170676117,51.91096150040331,-84.31026176618163,367.05,230.83,367.19,230.93,-4.869601244111038,-4.892014459604127,-0.0224132154930885,-2.9857370502997935,-3.0248497729194996,-0.03911272261970611,-3.090039301711798,1.9265477351498705,adverse
KO-PEP,2023-04-11 17:39:00+00:00,2023-04-12 14:08:00+00:00,1,-10.806833408842522,3.102061561559246,473.27876861739355,56.826273129586774,-176.27859756195818,183.25,62.665,182.94,62.81,-0.33385434626762844,-1.0936532726937287,-0.7597989264261003,-1.6501391896737336,-3.1345629734404428,-1.4844237837667091,-44.24993417261618,1.07339285595966,adverse
V-MA,2023-04-12 14:05:00+00:00,2023-04-12 14:11:00+00:00,1,-2.9788240785735525,1.6241321549308347,267.5959170676117,51.930768904426245,-84.34243160796098,366.91,230.74,367.13,230.93,-4.863429350167223,-4.952014459604129,-0.0885851094369059,-2.9317400592178875,-3.065428925021746,-0.13368886580385864,-6.527419892495574,1.9271270459554217,adverse
KO-PEP,2023-04-12 14:10:00+00:00,2023-04-12 14:12:00+00:00,1,-10.806833408842522,3.102061561559246,473.27876861739355,66.66115987436605,-206.7870216952265,182.85,62.75,182.92,62.795,-0.9975295790001724,-1.0671223492703632,-0.06959277027019084,-2.8572248988106375,-3.0102920708079144,-0.15306717199727693,-5.898077304658917,1.258942519578539,adverse
V-MA,2023-04-12 14:12:00+00:00,2023-04-12 14:13:00+00:00,1,-2.9788240785735525,1.6241321549308347,267.5959170676117,51.927938349884265,-84.33783441331306,366.93,230.79,366.875,230.78,-4.924635957913779,-4.963394636364512,-0.03875867845073344,-2.97571902924956,-3.053266697756748,-0.0775476685071883,-3.938385655512534,1.9257273904009087,adverse
V-MA,2023-04-12 14:14:00+00:00,2023-04-12 14:31:00+00:00,1,-2.9788240785735525,1.6241321549308347,267.5959170676117,51.96334247497282,-84.39533539128658,366.68,230.64,366.25,230.52,-4.9310161346741666,-5.166120276082495,-0.23510414140832836,-2.9520649789953857,-3.2911172485813363,-0.3390522695859506,-14.141116362079202,1.924319344792909,adverse
JPM-BAC,2023-04-12 13:56:00+00:00,2023-04-12 14:46:00+00:00,1,-34.093207619855065,0.48507740947016703,501.92240127489157,3131.273240624464,-1518.90991190537,28.81,130.14,28.465,128.77,-0.2247664485924652,0.09478960238164902,0.3195560509741142,-2.57926539413034,-0.19673560492460612,2.3825297892057336,986.3812251873628,14.236086107521494,mean_revert
XOM-CVX,2023-04-10 19:12:00+00:00,2023-04-12 15:52:00+00:00,-1,45.76468715227378,1.0605612802350324,289.84689261448443,-124.45760331141453,131.9949151029376,167.96,114.41,170.08,115.22,0.856496776036181,2.1174421390458065,1.2609453630096255,1.6781422512127033,1.6906741296443348,0.012531878431631505,-158.7530479512879,1.8188101644682928,time_stop
SLB-HAL,2023-04-12 13:32:00+00:00,2023-04-12 15:56:00+00:00,1,-9.059665693540602,0.8505191456604304,511.7387717173799,797.0337713857754,-677.8924823015404,33.9,51.52,33.48,51.17,-0.8590806908847739,-0.9813989899036244,-0.1223182990188505,-1.8305004924693047,-3.1352467124319525,-1.3047462199626478,-100.56043762575518,3.068622449268279,adverse
SLB-HAL,2023-04-12 16:26:00+00:00,2023-04-12 16:30:00+00:00,1,-9.059665693540602,0.8505191456604304,511.7387717173799,804.1501443445768,-683.9450937506613,33.6,51.34,33.66,51.47,-1.0059872446658957,-1.0565547336017573,-0.050567488935861604,-2.783047643459911,-3.0467645470661626,-0.26371690360625166,-43.77737091861138,3.113517391699249,adverse
SLB-HAL,2023-04-12 16:34:00+00:00,2023-04-12 16:35:00+00:00,1,-9.059665693540602,0.8505191456604304,511.7387717173799,801.2884000586531,-681.5111254454988,33.72,51.53,33.73,51.57,-1.0475858823413802,-1.0716066481678013,-0.024020765826421098,-2.9420412193139285,-3.0731684940543262,-0.13112727474039776,-22.356210340894574,3.1086493236601376,adverse
SLB-HAL,2023-04-12 16:39:00+00:00,2023-04-12 16:56:00+00:00,1,-9.059665693540602,0.8505191456604304,511.7387717173799,800.5761437030454,-680.9053377784362,33.75,51.56,33.79,51.71,-1.0431014567111916,-1.1306793285602552,-0.08757787184906363,-2.850836388134809,-3.1476893831402015,-0.29685299500539264,-73.22580906425577,3.113054145612442,adverse
SLB-HAL,2023-04-12 17:27:00+00:00,2023-04-12 17:35:00+00:00,1,-9.059665693540602,0.8505191456604304,511.7387717173799,794.8064377107746,-675.9980923671782,33.995,52.02,33.9,51.97,-1.1893402637149961,-1.2418143064319693,-0.0524740427169732,-2.9527678981764334,-3.097755565687959,-0.1449876675115256,-44.810484919096766,3.1037779549358753,adverse
V-MA,2023-04-12 14:40:00+00:00,2023-04-12 17:43:00+00:00,1,-2.9788240785735525,1.6241321549308347,267.5959170676117,52.13538298279759,-84.67475191199541,365.47,229.93,364.85,229.07,-4.987882304673235,-4.211128651432716,0.7767536532405188,-2.6787140714015347,-0.38344962535365723,2.2952644460478773,38.57544719989474,1.9209019950877242,mean_revert
SLB-HAL,2023-04-12 17:44:00+00:00,2023-04-12 17:48:00+00:00,1,-9.059665693540602,0.8505191456604304,511.7387717173799,798.5649431055942,-679.1947731645403,33.835,51.895,33.87,51.98,-1.2430253705074392,-1.28031949788857,-0.03729412738113069,-2.965505979165713,-3.0821972050003983,-0.1166912258346855,-32.89937965689256,3.117596946603964,adverse
SLB-HAL,2023-04-12 18:09:00+00:00,2023-04-12 18:10:00+00:00,1,-9.059665693540602,0.8505191456604304,511.7387717173799,798.9191262559959,-679.4960127150272,33.82,51.98,33.83,52.02,-1.330319497888567,-1.3543402637149953,-0.024020765826428203,-2.9972579289075614,-3.082669931424066,-0.0854120025165046,-22.30939007718077,3.118740831133803,adverse
SLB-HAL,2023-04-12 18:20:00+00:00,2023-04-12 18:21:00+00:00,1,-9.059665693540602,0.8505191456604304,511.7387717173799,797.0337713857754,-677.8924823015404,33.9,52.12,33.89,52.12,-1.369392178281032,-1.3793921782810301,-0.00999999999999801,-2.9995674163477313,-3.025530738781178,-0.025963322433446567,-11.087499248347179,3.117161534491011,adverse
JPM-BAC,2023-04-12 18:20:00+00:00,2023-04-12 18:30:00+00:00,1,-34.093207619855065,0.48507740947016703,501.92240127489157,3195.6300072458066,-1550.127925539927,28.67,129.57,28.51,128.85,-0.08827232519447392,0.10098340962404606,0.18925573481851998,-1.7164044426260432,-0.3864222804578859,1.3299821621681573,590.2492354937963,14.542069735619876,mean_revert
XLV-IHI,2023-04-12 13:41:00+00:00,2023-04-12 18:33:00+00:00,-1,8.23738423606244,0.34541954843201284,513.4860526956456,-676.062012433594,233.52503504684987,54.97,134.29,54.695,134.3,0.34622460500256125,0.0677704095182321,-0.27845419548432915,2.654715654010239,0.39246129656278783,-2.2622543574474507,184.83532257086804,3.4169811988423677,mean_revert
XOM-CVX,2023-04-12 15:53:00+00:00,2023-04-12 19:55:00+00:00,-1,45.76468715227378,1.0605612802350324,289.84689261448443,-142.6359816948261,151.27419935384543,170.12,115.24,169.51,115.05,2.1362309134410964,1.7277375566857245,-0.4084933567553719,1.7165933672637668,0.29776567574810603,-1.4188276915156608,56.18673486197809,2.0791160946374942,mean_revert
JPM-BAC,2023-04-13 13:30:00+00:00,2023-04-13 13:35:00+00:00,-1,-34.093207619855065,0.48507740947016703,501.92240127489157,-1182.1727044884776,573.4452730396121,28.48,127.83,28.325,127.325,0.5657623672836145,0.6557264590660488,0.08996409178243425,2.8881020607374013,3.468967945697867,0.5808658849604655,-111.67804175150634,5.324948062220235,adverse
XOM-CVX,2023-04-13 13:33:00+00:00,2023-04-13 13:36:00+00:00,-1,45.76468715227378,1.0605612802350324,289.84689261448443,-112.13803318548212,118.92925603823346,170.07,114.57,170.37,114.69,2.7968069711985777,2.9695396175703763,0.17273264637179864,2.6941085101135243,3.0579009311953915,0.36379242108186727,-21.007146885499136,1.6372476544417793,adverse
V-MA,2023-04-12 18:48:00+00:00,2023-04-13 13:57:00+00:00,1,-2.9788240785735525,1.6241321549308347,267.5959170676117,52.63513375337855,-85.48641320794742,362.0,227.8,364.67,229.14,-4.998480814670643,-4.504817902277864,0.4936629123927787,-1.7397080909401632,-0.3837819607767629,1.3559261301634002,24.044872875458488,1.9391405474156809,mean_revert
JPM-BAC,2023-04-13 14:05:00+00:00,2023-04-13 14:06:00+00:00,-1,-34.093207619855065,0.48507740947016703,501.92240127489157,-1179.0677157706828,571.9391131559499,28.555,127.8,28.535,127.7,0.6553146895677173,0.6838224305147342,0.028507740947016913,2.956754813942676,3.128276179552571,0.17152136560989506,-38.946623101155154,5.334066100976562,adverse
KO-PEP,2023-04-12 14:16:00+00:00,2023-04-13 14:21:00+00:00,1,-10.806833408842522,3.102061561559246,473.27876861739355,66.47574761686208,-206.21186145818152,183.36,62.93,183.25,62.73,-1.0459006600808323,-0.5354883477689896,0.5104123123118427,-2.8999172303639638,-0.365227268480734,2.5346899618832297,32.67417251277807,1.2558675410030848,mean_revert
XOM-CVX,2023-04-13 14:40:00+00:00,2023-04-13 14:42:00+00:00,-1,45.76468715227378,1.0605612802350324,289.84689261448443,-110.51857946247026,117.21172612447461,171.29,114.99,171.46,115.06,3.571371233499832,3.6671319438833905,0.09576071038355849,2.9135731967348257,3.0385400959451117,0.12496689921028592,-12.205132522033473,1.62179484212586,adverse
XOM-CVX,2023-04-13 14:45:00+00:00,2023-04-13 14:48:00+00:00,-1,45.76468715227378,1.0605612802350324,289.84689261448443,-110.37012459882132,117.05428064422598,171.49,115.08,171.53,115.02,3.6759207182786895,3.779554395092788,0.10363367681409841,2.9989445761079714,3.112339862264572,0.11339528615660077,-13.057830364212535,1.6197685416067347,adverse
JPM-BAC,2023-04-13 14:10:00+00:00,2023-04-13 15:32:00+00:00,-1,-34.093207619855065,0.48507740947016703,501.92240127489157,-1178.8612963526557,571.8389837593891,28.56,127.88,28.525,128.6,0.6215084968101046,0.2372527619915843,-0.38425573481852027,2.7055795980701385,0.18263367361417718,-2.522945924455961,447.62593808960673,5.358275589495847,mean_revert
V-MA,2023-04-13 14:21:00+00:00,2023-04-13 17:07:00+00:00,1,-2.9788240785735525,1.6241321549308347,267.5959170676117,69.30749163511348,-112.56452574218766,366.2,230.64,367.44,231.02,-5.411016134674185,-4.788186353547928,0.6228297811262564,-1.7290039427417514,-0.3939636474421945,1.335040295299557,40.593219772339026,2.5735500731683145,mean_revert
V-MA,2023-04-13 19:16:00+00:00,2023-04-14 13:31:00+00:00,1,-2.9788240785735525,1.6241321549308347,267.5959170676117,51.713715344614016,-83.98990794212774,368.45,232.17,371.52,234.55,-5.645938331718355,-6.441372860453782,-0.7954345287354272,-1.8492660164104955,-3.653629688222556,-1.8043636718120604,-43.080500415934225,1.9456256216328534,adverse
XLV-IHI,2023-04-14 13:30:00+00:00,2023-04-14 13:33:00+00:00,-1,8.23738423606244,0.34541954843201284,513.4860526956456,-672.6358158094961,232.3415597561147,55.25,135.24,55.09,135.31,0.2980760339921389,0.11389666560190648,-0.1841793683902324,1.9137946197358888,-0.15069138677247568,-2.0644860065083646,120.46095753526627,3.4246821771772504,mean_revert
XLV-IHI,2023-04-14 13:37:00+00:00,2023-04-14 13:51:00+00:00,-1,8.23738423606244,0.34541954843201284,513.4860526956456,-672.3924158399612,232.25748464854962,55.27,135.37,55.39,135.34,0.27317149269598673,0.40353407914894035,0.13036258645295362,1.6584691013784576,3.242553961016359,1.5840848596379014,-91.08869163453588,3.4338771942855075,adverse
XLV-IHI,2023-04-14 13:52:00+00:00,2023-04-14 13:53:00+00:00,-1,8.23738423606244,0.34541954843201284,513.4860526956456,-671.299292331551,231.87989841989412,55.36,135.35,55.39,135.32,0.37007988366462286,0.4104424701175873,0.04036258645296442,2.8413740816682678,3.324557447831361,0.4831833661630931,-30.523438505365615,3.428062782821234,adverse
XLV-IHI,2023-04-14 14:00:00+00:00,2023-04-14 14:01:00+00:00,-1,8.23738423606244,0.34541954843201284,513.4860526956456,-672.1491919601133,232.17347036580463,55.29,135.1,55.4,135.04,0.386434770772631,0.5171599436785499,0.1307251729059189,2.984570148880316,4.516130071798184,1.531559922917868,-91.29630787120031,3.429488533639427,adverse
V-MA,2023-04-14 13:33:00+00:00,2023-04-14 14:38:00+00:00,1,-2.9788240785735525,1.6241321549308347,267.5959170676117,51.17618827547012,-83.1168929449854,372.32,234.71,372.53,234.33,-5.9012340052427135,-5.074063786368981,0.8271702188737322,-2.341143049765242,-0.18175809316548222,2.1593849565997596,40.40434650983879,1.9270723471029654,mean_revert
XLV-IHI,2023-04-14 14:42:00+00:00,2023-04-14 14:43:00+00:00,-1,8.23738423606244,0.34541954843201284,513.4860526956456,-673.0012463505009,232.46778660857183,55.22,134.69,55.25,134.7,0.4580567856297506,0.4846025901454354,0.02654580451568478,2.906957459787872,3.141696484820419,0.23473902503254696,-21.290196010284177,3.4248364858519897,adverse
XLV-IHI,2023-04-14 14:45:00+00:00,2023-04-14 14:47:00+00:00,-1,8.23738423606244,0.34541954843201284,513.4860526956456,-672.7575818876658,232.3836201398504,55.24,134.73,55.29,134.79,0.4642400036924741,0.4935148307865518,0.029274827094077693,2.922798677693259,3.1667279214265913,0.24392924373333225,-23.120849629050795,3.425987743060973,adverse
XLV-IHI,2023-04-14 14:52:00+00:00,2023-04-14 14:54:00+00:00,-1,8.23738423606244,0.34541954843201284,513.4860526956456,-673.3670741705864,232.59415068898966,55.19,134.57,55.18,134.47,0.4695071314415955,0.4940490862847966,0.024541954843201097,2.8742759795390183,3.06833490770735,0.1940589281683316,-19.947410856987187,3.421666529794069,adverse
XOM-CVX,2023-04-13 14:51:00+00:00,2023-04-14 15:06:00+00:00,-1,45.76468715227378,1.0605612802350324,289.84689261448443,-110.3557912421332,117.03907924110675,171.48,115.01,171.53,115.47,3.7401600078951276,3.302301818987047,-0.4378581889080806,2.9933479550340136,0.3969523944791405,-2.596395560554873,46.697995321213774,1.6221915675866851,mean_revert
KO-PEP,2023-04-14 14:04:00+00:00,2023-04-14 15:16:00+00:00,1,-10.806833408842522,3.102061561559246,473.27876861739355,66.33465623416507,-205.77418730324987,183.75,63.12,183.37,62.83,-1.2452923567770995,-0.725694503924899,0.5195978528522005,-1.8097377710789668,-0.3531645868904937,1.456573184188473,33.21271604386376,1.254628905096102,mean_revert
V-MA,2023-04-14 15:43:00+00:00,2023-04-14 16:42:00+00:00,1,-2.9788240785735525,1.6241321549308347,267.5959170676117,51.4887272840162,-83.6244975984353,370.06,233.23,369.58,232.6,-5.757518415945015,-5.214315158338593,0.5432032576064216,-1.6514629987563225,-0.2436026527030366,1.407860346053286,26.044831292134006,1.924013098551138,mean_revert
SLB-HAL,2023-04-12 18:33:00+00:00,2023-04-17 13:30:00+00:00,1,-9.059665693540602,0.8505191456604304,511.7387717173799,801.0508404974144,-681.3090764904306,33.73,51.96,33.61,52.21,-1.4033091149753645,-1.735938901390469,-0.33262978641510443,-2.945197073734593,,,-269.5780932639295,3.1247232816341737,descreen
XLV-IHI,2023-04-14 14:56:00+00:00,2023-04-17 13:30:00+00:00,-1,8.23738423606244,0.34541954843201284,513.4860526956456,-673.6111804146213,232.67846975757362,55.17,134.46,55.29,134.68,0.48750328176911495,0.5315109811140672,0.0440076993449523,2.9813768331758896,,,-33.07313322669063,3.4290549236037213,descreen
JPM-BAC,2023-04-14 15:30:00+00:00,2023-04-17 13:30:00+00:00,1,-34.093207619855065,0.48507740947016703,501.92240127489157,1143.2352673627113,-554.5576019072378,29.45,138.27,29.77,139.62,-3.528445787584932,-3.8633002903696614,-0.3348545027847294,-2.9611095544010198,,,-388.3905493330837,5.573072314383823,descreen
V-MA,2023-04-14 19:58:00+00:00,2023-04-17 13:30:00+00:00,-1,-2.9788240785735525,1.6241321549308347,267.5959170676117,-179.3296132972777,291.25499128742086,372.5,234.07,372.62,233.5,-4.681789426086937,-3.63603409777636,1.0457553283105767,1.7385438479172652,4.152726271417819,2.414182423500554,-194.27639067812424,6.741492048622219,adverse
KO-PEP,2023-04-14 15:49:00+00:00,2023-04-17 13:52:00+00:00,1,-10.806833408842522,3.102061561559246,473.27876861739355,66.54106934724223,-206.4144934871283,183.18,62.935,183.99,63.345,-1.2414109678886405,-1.7032562081279252,-0.46184524023928475,-1.6911540611039224,-3.000728078322784,-1.3095740172188615,-31.997587030412603,1.265910871957062,adverse
V-MA,2023-04-17 14:09:00+00:00,2023-04-17 14:10:00+00:00,-1,49.53720427110102,1.385108966411325,336.681810149712,-128.39653639708757,177.84319381976402,372.54,233.35,372.66,233.39,-0.21238158318368505,-0.14778594184008398,0.06459564134360107,2.9572211402451503,3.038426681038912,0.08120554079376152,-12.761610427828614,4.467753812966668,adverse
V-MA,2023-04-17 14:12:00+00:00,2023-04-17 14:27:00+00:00,-1,49.53720427110102,1.385108966411325,336.681810149712,-128.36239534313245,177.79590473980807,372.58,233.34,373.33,233.73,-0.15853049351960635,0.05127700958001924,0.2098075030996256,2.988853421120714,3.063279516067631,0.07442609494691688,-31.40528215224097,4.473888493414348,adverse
V-MA,2023-04-17 14:28:00+00:00,2023-04-17 18:00:00+00:00,-1,49.53720427110102,1.385108966411325,336.681810149712,-128.086239518541,177.41339883103973,373.26,233.74,369.04,231.77,-0.03257408008414586,-1.5239094162537867,-1.4913353361696409,2.930255538726962,0.3057693852733535,-2.6244861534536086,186.60013260714152,4.4194024639496226,mean_revert
V-MA,2023-04-17 19:53:00+00:00,2023-04-18 13:33:00+00:00,-1,49.53720427110102,1.385108966411325,336.681810149712,-131.9065650416673,182.70496596773202,371.95,233.04,373.31,233.26,-0.37299780359620627,0.6822782237933325,1.0552760273895387,1.730693915983193,3.1100996984370077,1.3794057824538146,-143.79082595163538,4.5929900078668995,adverse
KO-PEP,2023-04-17 13:53:00+00:00,2023-04-18 13:35:00+00:00,1,-9.091053615372402,3.071244384929461,517.1263450122699,66.7423365230081,-204.9820262833611,184.01,63.35,185.04,63.51,-1.4622781699089558,-0.9236772714976667,0.5386008984112891,-2.9721830515789858,-0.19515663143829073,2.777026420140695,34.67906189138767,1.2684205219736842,mean_revert
T-VZ,2023-04-17 15:53:00+00:00,2023-04-18 14:26:00+00:00,-1,2.9648082088525882,1.86477333519567,656.8089231417626,-1071.1135925727165,1997.3840663952403,39.33,19.755,39.23,19.785,-0.47340544564304565,-0.6293486456989186,-0.15594320005587292,1.6832400988330816,0.3341046833079838,-1.3491354155250979,162.95597974961976,4.076901499512875,mean_revert
V-MA,2023-04-18 13:34:00+00:00,2023-04-18 19:59:00+00:00,-1,49.53720427110102,1.385108966411325,336.681810149712,-131.25807944746398,181.8067427566124,373.29,233.4,372.33,233.61,0.46836296849573955,-0.7825099144506567,-1.2508728829463962,2.8054666916480357,0.004388798233311514,-2.8010778934147242,159.62001255365794,4.567159694802324,mean_revert
T-VZ,2023-04-19 13:30:00+00:00,2023-04-19 14:08:00+00:00,1,2.9648082088525882,1.86477333519567,656.8089231417626,449.36631842393007,-837.9663283319915,38.84,19.8,38.9,19.685,-1.0473202457268513,-0.7728713121793476,0.27444893354750377,-1.7482256209959197,-0.3130073396071291,1.4352182813887906,121.62932101561901,1.6987858479953064,mean_revert
KO-PEP,2023-04-19 13:31:00+00:00,2023-04-19 16:02:00+00:00,1,-9.091053615372402,3.071244384929461,517.1263450122699,66.32781023762541,-203.70891475697385,185.16,63.83,184.91,63.755,-1.7864754746750862,-1.8061321458053783,-0.019656671130292125,-2.5840071041136414,-3.043155927392791,-0.45914882327914963,-2.5663908152026913,1.262606862568509,adverse
KO-PEP,2023-04-19 16:03:00+00:00,2023-04-19 16:07:00+00:00,1,-9.091053615372402,3.071244384929461,517.1263450122699,66.42826343357163,-204.0174310709719,184.88,63.735,184.81,63.725,-1.7747072581067869,-1.8139948142574838,-0.0392875561506969,-2.8758530041290213,-3.0438871682972732,-0.1680341641682519,-3.8736850376480514,1.263880908007803,adverse
KO-PEP,2023-04-19 16:09:00+00:00,2023-04-19 19:19:00+00:00,1,-9.091053615372402,3.071244384929461,517.1263450122699,66.44623353134621,-204.0726216328587,184.83,63.72,184.63,63.715,-1.7786385923328396,-1.9632823704082227,-0.18464377807538312,-2.844372789652183,-3.028745068995473,-0.18437227934329004,-13.53240635731851,1.2635227592115021,adverse
KO-PEP,2023-04-19 19:20:00+00:00,2023-04-20 13:30:00+00:00,1,-9.091053615372402,3.071244384929461,517.1263450122699,66.52181423247059,-204.304748436796,184.62,63.705,185.22,63.69,-1.942569926558889,-1.2965012607849644,0.6460686657739245,-2.9222343881501804,0.2804098035685843,3.2026441917187647,41.71099277303014,1.2666669930038867,mean_revert
T-VZ,2023-04-19 19:45:00+00:00,2023-04-20 13:32:00+00:00,1,2.9648082088525882,1.86477333519567,656.8089231417626,452.5119991595915,-843.8323098888916,38.57,19.695,37.34,18.42,-1.1215190455313078,0.026066956843173728,1.1475860023744815,-1.8162978861290588,3.460915596036534,5.2772134821655925,517.6744266822009,1.6220094598386265,adverse
V-MA,2023-04-19 13:32:00+00:00,2023-04-20 13:34:00+00:00,-1,49.53720427110102,1.385108966411325,336.681810149712,-127.60261412898441,176.74352496758073,373.07,233.17,370.86,232.06,0.5669380307703591,-0.10559101651307401,-0.6725290472834331,1.756618332740306,-0.3225753082423638,-2.0791936409826697,81.39957411704835,4.416890393992598,mean_revert
KO-PEP,2023-04-20 14:39:00+00:00,2023-04-20 15:22:00+00:00,1,-9.091053615372402,3.071244384929461,517.1263450122699,65.59371257155429,-201.45432142206312,184.72,63.67,185.64,63.885,-1.7350763730863719,-1.4753939158462117,0.25968245724016015,-1.7120894466807057,-0.38977859077948457,1.322310855901221,15.78120015379471,1.252336306291592,mean_revert
T-VZ,2023-04-20 15:32:00+00:00,2023-04-20 15:34:00+00:00,-1,2.9648082088525882,1.86477333519567,656.8089231417626,-468.2958896588528,873.2656880175623,37.27,17.94,37.25,17.875,0.8511581577370961,0.9523684245248134,0.10121026678771727,2.9387454378593616,3.116120024865923,0.1773745870065615,-49.04903423111946,1.6526823031553097,adverse
T-VZ,2023-04-20 15:44:00+00:00,2023-04-20 15:48:00+00:00,-1,2.9648082088525882,1.86477333519567,656.8089231417626,-469.6821261460023,875.850704855074,37.16,17.82,37.21,17.82,0.9649309579605685,1.0149309579605728,0.05000000000000426,2.995728579375696,3.038109506696157,0.04238092732046095,-25.138332881022624,1.6542265737205082,adverse
T-VZ,2023-04-20 15:54:00+00:00,2023-04-20 15:55:00+00:00,-1,2.9648082088525882,1.86477333519567,656.8089231417626,-468.92498139670727,874.4388015157052,37.22,17.815,37.24,17.81,1.0342548246365482,1.0635786913125358,0.02932386667598763,2.9869884674270173,3.0277150498739362,0.04072658244691896,-15.402519703626778,1.6518260681104047,adverse
T-VZ,2023-04-20 15:57:00+00:00,2023-04-20 15:58:00+00:00,-1,2.9648082088525882,1.86477333519567,656.8089231417626,-468.67314198671977,873.9691780992092,37.24,17.81,37.205,17.765,1.0635786913125358,1.1124934913963358,0.0489148000838,2.9995223270473192,3.0753264063280104,0.0758040792806911,-24.573205379753297,1.6481523348274179,adverse
V-MA,2023-04-21 13:45:00+00:00,2023-04-21 14:05:00+00:00,-1,49.53720427110102,1.385108966411325,336.681810149712,-55.558684422730046,76.95483195594059,377.32,235.34,375.05,234.42,1.811251573657728,0.8155518227562197,-0.9956997509015082,1.7875017026908167,0.10286048887238876,-1.684641213818428,53.37591642513679,1.9438518149928248,mean_revert
T-VZ,2023-04-20 16:01:00+00:00,2023-04-21 14:34:00+00:00,-1,2.9648082088525882,1.86477333519567,656.8089231417626,-469.17709160175923,874.9089299036169,37.2,17.78,37.39,18.365,1.079521891368401,0.1786294902789365,-0.9008924010894646,2.9722834079353313,0.3784389735803274,-2.593844434355004,420.99756489164685,1.6805116976334853,mean_revert
KO-PEP,2023-04-20 19:40:00+00:00,2023-04-21 14:36:00+00:00,1,-9.091053615372402,3.071244384929461,517.1263450122699,66.27769748299363,-203.55500624069765,185.3,63.875,185.7,63.925,-1.7846814719968904,-1.5382436912433946,0.24643778075349587,-1.761313445219736,-0.36702891012411404,1.3942845350956221,15.067327571335213,1.2660011098264254,mean_revert
V-MA,2023-04-21 14:20:00+00:00,2023-04-21 14:44:00+00:00,-1,49.53720427110102,1.385108966411325,336.681810149712,-55.62502403052644,77.0467195415276,376.87,235.02,375.55,234.67,1.804486442909365,0.9692745811533996,-0.8352118617559654,1.7006818581646022,0.2659461350158799,-1.4347357231487223,44.510153308284394,1.9485265724737242,mean_revert
KO-PEP,2023-04-21 15:42:00+00:00,2023-04-24 13:30:00+00:00,1,-9.091053615372402,3.071244384929461,517.1263450122699,66.15274626231468,-203.17125050579733,185.65,64.01,186.27,64.86,-1.8492994639623817,-3.8398571911524186,-1.990557727190037,-1.741937492475318,,,-132.95585821499554,1.2749979677043684,descreen
V-MA,2023-04-24 14:10:00+00:00,2023-04-24 14:11:00+00:00,-1,48.79615609405852,1.387210886957709,250.8527180480708,-55.735769163356736,77.31726577637023,375.79,233.74,376.0,233.75,2.7471711884465435,2.9432990795770024,0.19612789113045892,2.898089924707224,3.2184305257887904,0.3203406010815666,-12.882816870573208,1.9514780040324338,adverse
V-MA,2023-04-24 14:20:00+00:00,2023-04-24 15:25:00+00:00,-1,48.79615609405852,1.387210886957709,250.8527180480708,-55.73873564653333,77.32138091412878,375.77,233.67,374.72,232.27,2.824275950533604,3.71637119227438,0.8920952417407761,2.770422479646091,3.0437521136190053,0.27332963397291454,-51.666553659240755,1.942292808319683,adverse
V-MA,2023-04-24 15:26:00+00:00,2023-04-24 15:27:00+00:00,-1,48.79615609405852,1.387210886957709,250.8527180480708,-55.90088794143757,77.54632034296512,374.68,232.28,374.83,232.27,3.662499083404839,3.826371192274337,0.16387210886949788,2.9543645749989422,3.1361663018299524,0.18180172683101015,-11.108847077300787,1.9482506826574775,adverse
V-MA,2023-04-24 15:29:00+00:00,2023-04-24 15:30:00+00:00,-1,48.79615609405852,1.387210886957709,250.8527180480708,-55.92476955542516,77.57944917788681,374.52,232.19,374.84,232.31,3.627348063231011,3.7808827567960748,0.15353469356506366,2.8449620108381883,3.0126232184781356,0.1676612076399473,-10.535658479322423,1.9492661229335226,adverse
V-MA,2023-04-24 15:31:00+00:00,2023-04-24 15:32:00+00:00,-1,48.79615609405852,1.387210886957709,250.8527180480708,-55.8993960177689,77.54425073020943,374.69,232.3,374.65,232.15,3.644754865665618,3.8128364987092596,0.16808163304364143,2.8258677094933278,3.009404756202539,0.18353704670921145,-11.342892095073717,1.9472303262537616,adverse
V-MA,2023-04-24 15:38:00+00:00,2023-04-24 15:43:00+00:00,-1,48.79615609405852,1.387210886957709,250.8527180480708,-55.91879723915482,77.57116431573625,374.56,232.02,374.56,231.93,3.9031739140137915,4.028022893839989,0.12484897982619714,2.9783321501337103,3.0138508650560074,0.03551871492229708,-8.928206030098854,1.9468012416823268,adverse
XOM-CVX,2023-04-24 13:43:00+00:00,2023-04-24 19:29:00+00:00,1,37.89925717364539,1.1364119979140772,454.385258477972,138.68874383105424,-157.607552465242,168.75,116.17,172.245,118.52,-1.166238971323736,-0.3418071664218303,0.8244318049019057,-1.7272964432569213,-0.3619860560094635,1.365310387247458,112.21100690624935,2.1284044899680206,mean_revert
TMO-DHR,2023-04-24 17:39:00+00:00,2023-04-25 13:30:00+00:00,-1,144.72593273970722,0.18482263530582,383.4400229284937,-165.75180348313776,30.634685126445916,254.6,573.37,244.945,565.15,3.9023128549947614,-4.233445082791377,-8.135757937786138,1.6543008498078173,-3.2682786062848086,-4.922579456092626,1345.6208875001396,2.895663390169404,adverse
V-MA,2023-04-24 15:44:00+00:00,2023-04-25 13:43:00+00:00,-1,48.79615609405852,1.387210886957709,250.8527180480708,-55.93522417919036,77.59395194579295,374.45,231.9,373.64,232.89,3.9596392204487074,1.7763004423605935,-2.183338778088114,2.915167797945133,-0.298426330330701,-3.213594128275834,120.17701937992942,1.9485246315484201,mean_revert
TMO-DHR,2023-04-25 14:16:00+00:00,2023-04-25 14:18:00+00:00,1,144.72593273970722,0.18482263530582,383.4400229284937,133.60015850091676,-24.692333371414687,242.05,556.88,242.04,557.585,-5.599961888812231,-5.740261846702879,-0.14029995789064742,-2.999956816774227,-3.0402459686653045,-0.04028915189107751,-21.049329465183224,2.3052328533231075,adverse
TMO-DHR,2023-04-25 14:19:00+00:00,2023-04-25 14:21:00+00:00,1,144.72593273970722,0.18482263530582,383.4400229284937,134.90392166110937,-24.933298314496128,242.54,558.47,242.08,558.3,-5.403829878948528,-5.832410030946505,-0.42858015199797705,-2.880267681677873,-3.0485492527578697,-0.16828157107999653,-60.14603334087662,2.328890090235227,adverse
TMO-DHR,2023-04-25 14:22:00+00:00,2023-04-25 14:24:00+00:00,1,144.72593273970722,0.18482263530582,383.4400229284937,137.18436582701705,-25.354776014906967,242.83,559.66,242.01,559.0,-5.333768814962411,-6.031785875660603,-0.6980170606981915,-2.81807824920475,-3.100140095810889,-0.2820618466061391,-98.12569321662562,2.3686654083064695,adverse
TMO-DHR,2023-04-25 14:25:00+00:00,2023-04-25 14:26:00+00:00,1,144.72593273970722,0.18482263530582,383.4400229284937,128.73316928229104,-23.792803598023266,242.29,559.41,242.05,559.5,-5.827563156135994,-6.084197193313514,-0.25663403717751976,-2.997942808716162,-3.0958601614142736,-0.09791735269811142,-35.26090981346384,2.223596861893628,adverse
TMO-DHR,2023-04-25 14:35:00+00:00,2023-04-25 14:39:00+00:00,1,144.72593273970722,0.18482263530582,383.4400229284937,127.52678429682332,-23.569836345815748,241.81,557.86,241.16,557.47,-6.021088071411953,-6.599007243642717,-0.5779191722307644,-2.9466841410018407,-3.13861667757005,-0.1919325365682094,-75.89486541650426,2.1946917984361907,adverse
TMO-DHR,2023-04-25 15:01:00+00:00,2023-04-25 15:02:00+00:00,1,144.72593273970722,0.18482263530582,383.4400229284937,175.67400369164463,-32.46853231701411,240.22,554.72,240.09,555.11,-7.030744996551704,-7.2328258243209405,-0.20208082776923675,-2.9884486296656765,-3.051694059361216,-0.06324542969553937,-38.510407009589294,3.010058926041233,adverse
TMO-DHR,2023-04-25 15:14:00+00:00,2023-04-25 15:15:00+00:00,1,144.72593273970722,0.18482263530582,383.4400229284937,112.97277510055824,-20.879926011896895,240.08,556.41,239.99,556.435,-7.483095250218497,-7.577715816101147,-0.09462056588265,-2.9864259963130055,-3.0077427324551715,-0.021316736142166004,-12.626080805688215,1.936532896340641,adverse
TMO-DHR,2023-04-25 15:16:00+00:00,2023-04-25 15:17:00+00:00,1,144.72593273970722,0.18482263530582,383.4400229284937,73.86933591208097,-13.652725331561653,240.09,556.79,240.03,557.365,-7.543327851634729,-7.709600866935574,-0.16627301530084537,-2.982749640987561,-3.029053133984577,-0.04630349299701608,-13.54949761804373,1.2670203976701329,adverse
XOM-CVX,2023-04-25 19:56:00+00:00,2023-04-26 13:30:00+00:00,1,37.89925717364539,1.1364119979140772,454.385258477972,112.59089491399807,-127.94964383615046,168.9,116.535,168.88,116.02,-1.431029350562369,-0.8657771716366369,0.5652521789257321,-1.769266680255615,-0.37484677169240527,1.3944199085632096,61.94929527678914,1.6929534005473084,mean_revert
V-MA,2023-04-25 17:58:00+00:00,2023-04-26 13:33:00+00:00,1,48.79615609405852,1.387210886957709,250.8527180480708,102.59053647288616,-142.3147090940196,370.06,231.24,370.47,230.49,0.4851984058408334,1.935606571059111,1.4504081652182776,-1.6972506187786596,-0.2338665013145118,1.4633841174641478,145.25771010709107,3.540441667309536,mean_revert
XOM-CVX,2023-04-26 13:32:00+00:00,2023-04-26 13:41:00+00:00,1,37.89925717364539,1.1364119979140772,454.385258477972,113.32521635444824,-128.7841355314036,167.93,115.685,168.67,115.81,-1.435079152335419,-0.8371306520747055,0.5979485002607134,-1.8080583576449667,-0.27405030401254454,1.534008053632422,66.06119041194422,1.7014527489198317,mean_revert
XOM-CVX,2023-04-26 13:47:00+00:00,2023-04-26 14:44:00+00:00,1,37.89925717364539,1.1364119979140772,454.385258477972,120.67060944907053,-137.13152837352757,167.92,115.64,167.22,115.54,-1.3939406124293043,-1.9802994126378906,-0.5863588002085862,-1.7589286781906566,-3.2383197313638075,-1.479391053173151,-72.55740958201356,1.8011358050175472,adverse
XOM-CVX,2023-04-26 14:52:00+00:00,2023-04-26 16:19:00+00:00,1,37.89925717364539,1.1364119979140772,454.385258477972,121.00654425859003,-137.5132887215825,167.31,115.54,168.41,116.79,-1.8902994126378871,-2.21081441003048,-0.3205149973925927,-2.913156334794501,-3.0478223948934433,-0.13466606009894244,-40.60635667294893,1.8219444554191386,adverse
XOM-CVX,2023-04-26 16:25:00+00:00,2023-04-26 16:27:00+00:00,1,37.89925717364539,1.1364119979140772,454.385258477972,120.11443393968892,-136.49948385172033,168.47,116.85,168.41,116.83,-2.2189991299053133,-2.2562708899470465,-0.03727176004173316,-2.9805402569580863,-3.0395629703390954,-0.05902271338100906,-6.28566168525672,1.8087853259089748,adverse
XOM-CVX,2023-04-26 16:29:00+00:00,2023-04-26 16:41:00+00:00,1,37.89925717364539,1.1364119979140772,454.385258477972,120.13171149663775,-136.51911827473162,168.43,116.81,168.24,116.74,-2.2135426499887387,-2.323993810134766,-0.1104511601460274,-2.913068623455837,-3.010106319878154,-0.09703769642231697,-15.076096955608001,1.8074100504793251,adverse
XOM-CVX,2023-04-26 16:43:00+00:00,2023-04-26 16:48:00+00:00,1,37.89925717364539,1.1364119979140772,454.385258477972,120.18674203195296,-136.58165563531546,168.32,116.77,168.24,116.85,-2.2780861700721857,-2.448999129905303,-0.17091295983311738,-2.8810350845392088,-3.1850803807573804,-0.30404529621817167,-22.350461010401446,1.808989197022119,adverse
XOM-CVX,2023-04-26 16:53:00+00:00,2023-04-26 17:06:00+00:00,1,37.89925717364539,1.1364119979140772,454.385258477972,120.1745690341218,-136.56782209452956,168.29,116.84,168.16,116.83,-2.3876350099261856,-2.5062708899470465,-0.1186358800208609,-2.981648687463714,-3.0598453817224476,-0.07819669425873377,-16.065204462693384,1.8081887092040902,adverse
XOM-CVX,2023-04-26 17:07:00+00:00,2023-04-26 17:31:00+00:00,1,37.89925717364539,1.1364119979140772,454.385258477972,120.24259624213506,-136.64512902990043,168.16,116.805,167.35,116.25,-2.4778605899991817,-2.657151931156875,-0.1792913411576933,-2.9882352148965623,-3.02693802491822,-0.03870281002165754,-23.35883608107637,1.800379736542361,adverse
XOM-CVX,2023-04-26 17:32:00+00:00,2023-04-26 17:33:00+00:00,1,37.89925717364539,1.1364119979140772,454.385258477972,120.81827005616634,-137.29933165905052,167.31,116.2,167.36,116.27,-2.640331331261166,-2.6698801711151248,-0.029548839853958953,-2.982010516630148,-3.0231480589075046,-0.041137542277356776,-5.3792366617528,1.8091969484298902,adverse
XOM-CVX,2023-04-26 17:34:00+00:00,2023-04-26 17:36:00+00:00,1,37.89925717364539,1.1364119979140772,454.385258477972,120.76490759981934,-137.23868992341963,167.37,116.25,167.28,116.24,-2.6371519311568647,-2.7157878111777336,-0.07863588002086885,-2.9491457839056694,-3.066581925876232,-0.11743614197056251,-11.304163737749057,1.807708952999804,adverse
XOM-CVX,2023-04-26 17:39:00+00:00,2023-04-26 17:40:00+00:00,1,37.89925717364539,1.1364119979140772,454.385258477972,120.79709369420989,-137.27526658725105,167.3,116.24,167.17,116.18,-2.6957878111777234,-2.7576030913029115,-0.06181528012518811,-2.988658353882108,-3.0864929340285983,-0.09783458014649016,-9.27422071626514,1.8071145312483945,adverse
XOM-CVX,2023-04-26 17:46:00+00:00,2023-04-26 18:02:00+00:00,1,37.89925717364539,1.1364119979140772,454.385258477972,120.839373577393,-137.32331395377074,167.22,116.22,166.37,115.58,-2.7530595712194383,-2.875755892554423,-0.12269632133498476,-2.994377024383368,-3.012740624348893,-0.018363599965525168,-16.625340370812403,1.798793760442385,adverse
XOM-CVX,2023-04-26 18:03:00+00:00,2023-04-26 18:47:00+00:00,1,37.89925717364539,1.1364119979140772,454.385258477972,121.45272264909393,-138.02033119776112,166.34,115.48,165.48,115.11,-2.792114692763022,-3.2316422535348295,-0.43952756077180766,-2.8591535394282634,-3.0419203385804723,-0.18276679915220884,-55.181094778457506,1.799275843407317,adverse
V-MA,2023-04-26 19:48:00+00:00,2023-04-26 19:59:00+00:00,-1,48.79615609405852,1.387210886957709,250.8527180480708,-46.85985779993133,65.00450490135486,366.63,227.01,366.78,228.09,2.9231004576719215,1.57491269975759,-1.3481877579143315,1.7138510281110382,-0.04147869294055769,-1.755329721051596,61.575179815134994,1.600706808340442,mean_revert
V-MA,2023-04-27 13:31:00+00:00,2023-04-27 13:33:00+00:00,-1,48.79615609405852,1.387210886957709,250.8527180480708,-46.514777593798634,64.52580588253397,369.62,228.81,369.395,227.92,3.4161208611480447,4.425738550540416,1.0096176893923712,2.307354739216026,3.543278017910477,1.2359232786944512,-48.55659467415086,1.5944523973004194,adverse
V-MA,2023-04-27 14:34:00+00:00,2023-04-27 14:54:00+00:00,-1,48.79615609405852,1.387210886957709,250.8527180480708,-45.962836781776375,63.76014757914042,373.83,229.24,366.64,227.34,7.0296201797561935,2.4753208649758562,-4.554299314780337,2.87388192356574,0.19458067799226034,-2.6793012455734795,207.76116373918921,1.5673523214156138,mean_revert
TMO-DHR,2023-04-25 15:39:00+00:00,2023-04-27 15:27:00+00:00,1,144.72593273970722,0.18482263530582,383.4400229284937,176.5707496519116,-32.6342712685905,239.0,555.93,230.54,539.47,-8.47438038527173,-13.892199808137946,-5.417819422866216,-2.9617619748769344,-0.9124091481214616,2.049352826755473,-959.5440285214773,2.9155915473009113,time_stop
XOM-CVX,2023-04-26 18:48:00+00:00,2023-04-28 13:30:00+00:00,1,37.89925717364539,1.1364119979140772,454.385258477972,121.98857121493543,-138.62927593704848,165.5,115.07,164.18,116.91,-3.1661857736182526,-6.577183849780141,-3.4109980761618885,-2.931988466867579,-3.884179235468635,-0.952190768601056,-417.91454334147704,1.811761613593422,adverse
V-MA,2023-04-27 15:13:00+00:00,2023-04-28 17:05:00+00:00,-1,48.79615609405852,1.387210886957709,250.8527180480708,-47.59954835061412,66.03061168624177,369.73,227.38,381.56,233.19,5.509832429497635,9.280137176273286,3.7703047467756505,1.743537806506369,1.4475967862863972,-0.2959410202199717,-181.14279119108818,1.6779881003887525,time_stop
XOM-CVX,2023-04-28 14:29:00+00:00,2023-04-28 18:46:00+00:00,1,37.89925717364539,1.1364119979140772,454.385258477972,140.34376062299356,-159.4883334043511,166.76,119.65,168.16,118.23,-7.110952724064759,-4.097247687026766,3.013705037037994,-2.9833683207282538,-0.3988182333705008,2.584550087357753,420.83187268413263,2.1228256222379516,mean_revert
TMO-DHR,2023-04-28 14:48:00+00:00,2023-05-01 13:30:00+00:00,-1,144.72593273970722,0.18482263530582,383.4400229284937,-400.2526782022864,73.9757547735589,237.84,555.23,238.51,556.07,-9.50500454055765,-8.99025555421457,0.5147489863430792,1.6981831940693464,,,-212.85965859748305,6.829998211748013,descreen
SLB-HAL,2023-05-08 13:30:00+00:00,2023-05-08 15:28:00+00:00,-1,0.16708465652591736,0.6551713580097003,591.3795980821304,-2255.2352722580995,1477.5655559567151,30.71,46.64,30.32,46.585,-0.014276794098339707,-0.3682423694078061,-0.3539655753094664,2.0065993349521176,0.39567688242738097,-1.6109224525247368,791.4150943590857,6.8605562439554575,mean_revert
XLE-OIH,2023-05-08 13:30:00+00:00,2023-05-08 15:46:00+00:00,-1,25.365771991435114,3.032081634236883,607.2817484617235,-106.7229136888009,323.5925865480612,267.22,81.59,262.86,80.94,-5.533312528822364,-7.922459466568398,-2.389146937746034,1.6864312702951574,0.3955852009636297,-1.2908460693315278,252.26448397455988,2.7122384523719143,mean_revert
XLE-OIH,2023-05-09 13:30:00+00:00,2023-05-09 13:32:00+00:00,-1,25.365771991435114,3.032081634236883,607.2817484617235,-97.26310982125693,294.9096889777981,262.08,79.57,259.79,79.94,-4.5485076276638665,-7.960377832331517,-3.4118702046676503,1.710470533338486,-0.010720257070949944,-1.721190790409436,329.406953220594,2.442153191867476,mean_revert
TMO-DHR,2023-05-08 13:44:00+00:00,2023-05-09 13:58:00+00:00,1,60.43927184321086,0.3314182614404452,494.0458901118428,399.1561439976086,-132.28763528695944,241.68,548.8,237.46,535.3,-0.6416137217271682,-0.38746719228117854,0.2541465294459897,-1.6791885786248364,-0.3817491332128089,1.2974394454120275,93.16428924790559,8.279859456139075,mean_revert
PSA-EXR,2023-05-08 13:39:00+00:00,2023-05-09 14:08:00+00:00,-1,47.173369098985795,0.3686842354096846,454.2052724042748,-235.97594211031162,87.00060979202023,154.81,296.92,153.94,294.75,-1.8330922768293476,-1.903047485990328,-0.0699552091609803,1.6974198150722524,0.36102276449960324,-1.336397050572649,13.409268074053948,3.0984783132329667,mean_revert
SLB-HAL,2023-05-09 13:30:00+00:00,2023-05-10 13:33:00+00:00,1,0.16708465652591736,0.6551713580097003,591.3795980821304,992.9113207970786,-650.5270584298271,29.52,46.38,30.02,46.67,-1.033932241015819,-0.7239319348386317,0.3100003061771872,-2.2788733049735965,-0.3962152886650993,1.8826580163084972,304.7944486705276,3.008364783362416,mean_revert
TMO-DHR,2023-05-09 18:40:00+00:00,2023-05-10 13:33:00+00:00,1,60.43927184321086,0.3314182614404452,494.0458901118428,159.96736611687385,-53.016106365661514,234.76,535.99,237.3,537.105,-3.3161457926751154,-1.145677154181186,2.1704686384939293,-1.6800933725788854,-0.03865092350936725,1.641442449069518,343.8823777496966,3.3217735894531395,mean_revert
XLE-OIH,2023-05-09 17:56:00+00:00,2023-05-10 13:37:00+00:00,-1,25.365771991435114,3.032081634236883,607.2817484617235,-109.61667064177446,332.3666938591176,264.86,80.815,261.0,79.84,-5.543449262288789,-6.447169668907861,-0.9037204066190725,1.7434837589591996,0.28722838210653057,-1.4562553768526691,96.30551677085242,2.7573053937607543,mean_revert
XLE-OIH,2023-05-10 13:58:00+00:00,2023-05-10 14:22:00+00:00,1,25.365771991435114,3.032081634236883,607.2817484617235,48.12754242853085,-145.92663749850473,257.66,79.28,258.81,79.3,-8.089203953735193,-6.9998455864198945,1.089358367315299,-1.8126537294907796,-0.3814364870902929,1.4312172424004868,51.22674746236189,1.2013935804779747,mean_revert
XLE-OIH,2023-05-11 13:30:00+00:00,2023-05-11 13:31:00+00:00,1,25.365771991435114,3.032081634236883,607.2817484617235,48.75768718647135,-147.83728784596678,254.33,78.27,253.44,78.31,-8.356801503155936,-9.36808476852542,-1.0112832653694852,-2.4009991293550064,-3.789186471933833,-1.3881873425788265,-50.50454742238767,1.1967143125878479,adverse
TMO-DHR,2023-05-10 17:26:00+00:00,2023-05-11 13:33:00+00:00,1,60.43927184321086,0.3314182614404452,494.0458901118428,161.63354940861367,-53.56830993545105,232.34,530.09,230.98,530.71,-3.7807780501764796,-5.3462573722695765,-1.565479322093097,-1.6872655387135727,-3.02634401910943,-1.3390784803958573,-256.32214710610896,3.2881677504122404,adverse
XLE-OIH,2023-05-11 13:32:00+00:00,2023-05-11 13:33:00+00:00,1,25.365771991435114,3.032081634236883,607.2817484617235,48.82391709012445,-148.0381023204706,253.985,78.24,254.02,78.43,-8.610839054128803,-9.151934564633876,-0.5410955105050732,-2.7274886669577962,-3.4581455680129354,-0.7306569010551391,-27.619046331948393,1.2006439892113963,adverse
XLE-OIH,2023-05-11 13:38:00+00:00,2023-05-11 13:39:00+00:00,1,25.365771991435114,3.032081634236883,607.2817484617235,48.585756306606825,-147.31597938277136,255.23,78.69,254.53,78.57,-8.730275789535455,-9.066425993426975,-0.3361502038915205,-2.8000453055775343,-3.2364971607916626,-0.4364518552141283,-17.529169341332246,1.197057452641249,adverse
XLE-OIH,2023-05-11 13:40:00+00:00,2023-05-11 13:45:00+00:00,1,25.365771991435114,3.032081634236883,607.2817484617235,48.52681608411701,-147.13726781664215,255.54,78.79,253.9,78.38,-8.723483952959128,-9.120330482921958,-0.3968465299628292,-2.765224961969698,-3.2389090966932743,-0.4736841347235763,-20.45037745588764,1.192678882761286,adverse
TMO-DHR,2023-05-11 13:51:00+00:00,2023-05-11 13:53:00+00:00,1,60.43927184321086,0.3314182614404452,494.0458901118428,163.1644893534815,-54.07569139034888,230.16,529.17,229.34,528.0,-5.6558732496512505,-6.088113883765942,-0.4322406341146916,-2.975704958785285,-3.3679399277493314,-0.3922349689640465,-73.82492779526933,3.298605452121583,adverse
XLF-KBE,2023-05-11 13:30:00+00:00,2023-05-11 13:56:00+00:00,1,2.122424498669269,1.0683922363327962,931.7837524438736,748.1697543211161,-799.338756975696,32.31,31.86,32.61,31.85,-3.8514011482321564,-3.540717225868832,0.3106839223633244,-1.8035553868775736,-0.22042047526717978,1.5831349116103937,229.9514761111837,2.4928377549043756,mean_revert
XLE-OIH,2023-05-11 15:03:00+00:00,2023-05-11 15:07:00+00:00,1,25.365771991435114,3.032081634236883,607.2817484617235,45.41821493268566,-137.7117353572195,253.14,78.59,252.84,78.54,-10.517067626111782,-10.665463544399898,-0.1483959182881165,-2.943787674856688,-3.0120052951951424,-0.06821762033845458,-7.854848769871151,1.1149710579268133,adverse
XLE-OIH,2023-05-11 15:08:00+00:00,2023-05-12 13:32:00+00:00,1,25.365771991435114,3.032081634236883,607.2817484617235,45.424587065586685,-137.73105618435966,253.08,78.59,257.19,79.29,-10.577067626111756,-8.58952477007756,1.987542856034196,-2.9270148453840323,-0.3666857075945136,2.5603291377895188,89.15314126089565,1.130172249612806,mean_revert
XLF-KBE,2023-05-11 14:17:00+00:00,2023-05-12 19:56:00+00:00,1,2.122424498669269,1.0683922363327962,931.7837524438736,685.3039423899284,-732.1734115776572,32.29,31.83,32.31,31.865,-3.8393493811421706,-3.856743109413813,-0.017393728271642317,-1.8570724522083655,-0.3459853430772127,1.5110871091311529,-14.19363436434443,2.2736438069270317,mean_revert
TMO-DHR,2023-05-11 13:55:00+00:00,2023-05-15 13:30:00+00:00,1,60.43927184321086,0.3314182614404452,494.0458901118428,163.455664285516,-54.17219208009879,229.75,527.46,227.06,524.28,-5.499148022588116,-7.135237951207472,-1.6360899286193558,-2.80816443551538,,,-270.7039481131412,3.275781999821173,descreen
SLB-HAL,2023-05-11 19:37:00+00:00,2023-05-15 13:30:00+00:00,-1,0.16708465652591736,0.6551713580097003,591.3795980821304,-2050.7053646582117,1343.5634186408981,28.47,43.96,28.72,44.29,-0.4984175546323435,-0.4646241027755451,0.033793451856798384,1.688488507153295,,,-75.22054710728833,5.920134094229461,descreen
PSA-EXR,2023-05-11 13:52:00+00:00,2023-05-15 13:30:00+00:00,1,47.173369098985795,0.3686842354096846,454.2052724042748,237.29415783109675,-87.48661514714293,153.95,295.72,153.77,296.0,-2.250671194337741,-2.5339027802524186,-0.28323158591467745,-1.8069050118057601,-0.35847412605459616,1.448430885751164,-70.32843868745202,3.119238036662103,mean_revert
UPS-FDX,2023-05-15 13:30:00+00:00,2023-05-15 17:15:00+00:00,1,207.07069784171216,0.1014256452443656,460.40728227652687,430.29783610671143,-43.643235674377486,222.06,168.09,223.38,168.68,-2.059334550837576,-0.7991756815317501,1.260158869305826,-1.7264958114260267,-0.37982980016130025,1.3466660112647264,537.0695510318197,5.1740835811535595,mean_revert
IYR-VNQ,2023-05-15 17:17:00+00:00,2023-05-15 17:36:00+00:00,-1,6.155760575094406,0.9031296336772667,334.06668876368906,-746.8530258702281,674.5050996649372,82.26,84.4,81.95,84.11,-0.11990165745571346,-0.16799406368930647,-0.04809240623359301,1.8420124499340862,-0.15824810278564364,-2.00026055271973,30.02109764679222,5.896861470144152,mean_revert
IYR-VNQ,2023-05-16 13:30:00+00:00,2023-05-16 13:34:00+00:00,1,6.155760575094406,0.9031296336772667,334.06668876368906,223.61417730281363,-201.95259003253344,81.62,83.8,81.61,83.74,-0.21802387724935102,-0.17383609922872267,0.04418777802062834,-2.2373020073530725,-0.2775933032089531,1.9597087041441195,8.122980483972837,1.7580331449503486,mean_revert
PSA-EXR,2023-05-16 13:34:00+00:00,2023-05-16 13:35:00+00:00,1,39.963944864091964,0.39077373593302067,356.93401883733077,162.071812946914,-63.333407834703294,151.15,292.29,151.2,292.99,-3.033200139954573,-3.256741755107697,-0.22354161515312398,-2.7944087822071086,-3.4343248114776075,-0.6399160292704988,-38.3828605009018,2.153065663953156,adverse
IYR-VNQ,2023-05-16 13:47:00+00:00,2023-05-16 14:13:00+00:00,1,6.155760575094406,0.9031296336772667,334.06668876368906,204.44705266323317,-184.64219177814263,81.41,83.57,80.94,83.08,-0.22030406150358317,-0.2477705410017279,-0.027466479498144736,-2.301977039615361,-3.2825419615495677,-0.9805649219342065,-7.2098416672049135,1.5944008867745092,adverse
IYR-VNQ,2023-05-16 14:14:00+00:00,2023-05-16 14:15:00+00:00,1,6.155760575094406,0.9031296336772667,334.06668876368906,205.47868885900292,-185.57389299771637,80.99,83.12,80.94,83.08,-0.23389572634881972,-0.2477705410017279,-0.013874814652908185,-2.6869042355054322,-3.2471731451895973,-0.5602689096841651,-4.453424928364646,1.6024462053248985,adverse
IYR-VNQ,2023-05-16 14:17:00+00:00,2023-05-16 14:23:00+00:00,1,6.155760575094406,0.9031296336772667,334.06668876368906,205.40831685750604,-185.51033795778335,81.01,83.15,80.925,83.06,-0.24098961535914043,-0.244707948328184,-0.0037183329690435585,-2.9326033881052136,-3.0098004668923197,-0.07719707878710613,-2.365334352311874,1.6015578356233582,adverse
IYR-VNQ,2023-05-16 14:24:00+00:00,2023-05-16 14:33:00+00:00,1,6.155760575094406,0.9031296336772667,334.06668876368906,205.44616739897197,-185.54452190343196,80.99,83.12,80.89,83.03,-0.23389572634881972,-0.25261405931786385,-0.018718332969044127,-2.5604642211250646,-3.190802617625004,-0.6303383964999396,-5.4468248753137605,1.60121510672724,adverse
IYR-VNQ,2023-05-16 14:34:00+00:00,2023-05-16 14:37:00+00:00,1,6.155760575094406,0.9031296336772667,334.06668876368906,205.57559509585897,-185.6614118919092,80.93,83.06,80.82,82.95,-0.23970794832817433,-0.2503636886236933,-0.010655740295518967,-2.6720249252251156,-3.041696255106483,-0.3696713298813674,-3.7913218380414446,1.6007616856040596,adverse
PSA-EXR,2023-05-16 13:42:00+00:00,2023-05-16 14:42:00+00:00,1,39.963944864091964,0.39077373593302067,356.93401883733077,164.94548155988522,-64.45636205442752,151.34,292.93,150.18,290.59,-3.093295330951719,-3.3388847888684268,-0.24558945791670794,-2.8147411983809696,-3.030423266043703,-0.21568206766273335,-42.68396573560685,2.1750943335029826,adverse
IYR-VNQ,2023-05-16 14:50:00+00:00,2023-05-16 14:51:00+00:00,1,6.155760575094406,0.9031296336772667,334.06668876368906,205.92897767059708,-185.98056216718038,80.71,82.825,80.65,82.78,-0.24747248441403258,-0.26683165089853844,-0.019359166484505863,-2.6649770007794946,-3.3365270511970144,-0.6715500504175198,-5.586795511976575,1.6001821492666424,adverse
IYR-VNQ,2023-05-16 14:57:00+00:00,2023-05-16 15:00:00+00:00,1,6.155760575094406,0.9031296336772667,334.06668876368906,205.67622915634203,-185.75229749408874,80.8,82.92,80.7,82.83,-0.24326979961337258,-0.2619881325824025,-0.018718332969029916,-2.4042147815577115,-3.011358033217791,-0.6071432516600797,-5.4491128658820225,1.5991967247176087,adverse
IYR-VNQ,2023-05-16 15:01:00+00:00,2023-05-16 15:09:00+00:00,1,6.155760575094406,0.9031296336772667,334.06668876368906,205.83162464903694,-185.8926397684814,80.73,82.85,80.65,82.78,-0.25005072525594585,-0.26683165089853844,-0.016780925642592592,-2.590723724529965,-3.0609952388174517,-0.4702715142874867,-5.053470850529161,1.599425662398986,adverse
IYR-VNQ,2023-05-16 15:10:00+00:00,2023-05-16 15:12:00+00:00,1,6.155760575094406,0.9031296336772667,334.06668876368906,205.9630443473799,-186.01132879250386,80.67,82.78,80.64,82.77,-0.24683165089854242,-0.2678003545617713,-0.020968703663228894,-2.385220323123422,-3.0548545746632287,-0.6696342515398066,-5.919028921512053,1.600250879016413,adverse
IYR-VNQ,2023-05-16 15:13:00+00:00,2023-05-16 15:14:00+00:00,1,6.155760575094406,0.9031296336772667,334.06668876368906,206.19415636167588,-186.2200529013134,80.57,82.69,80.53,82.65,-0.26554998386760076,-0.2694247985205038,-0.003874814652903069,-2.965434398724854,-3.07637958133561,-0.11094518261075592,-2.398759277619306,1.5997951392049656,adverse
IYR-VNQ,2023-05-16 15:18:00+00:00,2023-05-16 15:20:00+00:00,1,6.155760575094406,0.9031296336772667,334.06668876368906,206.3219580338564,-186.33547437869314,80.515,82.63,80.54,82.67,-0.2663622058469457,-0.2774873911940432,-0.0111251853470975,-2.918070894913799,-3.244907227577703,-0.3268363326639041,-3.8964462326479756,1.6010762083466679,adverse
IYR-VNQ,2023-05-16 15:21:00+00:00,2023-05-16 15:22:00+00:00,1,6.155760575094406,0.9031296336772667,334.06668876368906,206.265593932806,-186.28457028875894,80.53,82.65,80.49,82.63,-0.2694247985205038,-0.2913622058469514,-0.021937407326447556,-2.970062702351231,-3.6455879115037235,-0.6755252091524926,-6.124682936467031,1.5997505849305853,adverse
UPS-FDX,2023-05-16 13:30:00+00:00,2023-05-16 15:33:00+00:00,1,207.07069784171216,0.1014256452443656,460.40728227652687,205.48483951763714,-20.841432436011264,220.92,167.47,222.5,167.05,-3.136450650786088,-1.5138518797834308,1.6225987710026573,-2.0000813990927515,-0.38714793839777883,1.6129334606949728,330.9593511569382,2.460096904055497,mean_revert
PSA-EXR,2023-05-16 14:44:00+00:00,2023-05-17 14:10:00+00:00,1,39.963944864091964,0.39077373593302067,356.93401883733077,166.09251324124116,-64.90459190978451,150.13,290.28,149.64,287.68,-3.267744930729208,-2.741733217303363,0.5260117134258451,-2.824245882032797,-0.36325746992841285,2.460988412104384,85.19031564312652,2.176291834101306,mean_revert
IYR-VNQ,2023-05-16 15:23:00+00:00,2023-05-17 16:49:00+00:00,1,6.155760575094406,0.9031296336772667,334.06668876368906,206.2660049578283,-186.28494149763677,80.52,82.64,80.67,82.79,-0.2703935021837367,-0.25586294723531466,0.014530554948422036,-2.9626536678021815,-0.38186833117906055,2.580785336623121,1.3940590727019733,1.6031004463268679,mean_revert
UPS-FDX,2023-05-17 16:46:00+00:00,2023-05-17 17:32:00+00:00,-1,207.07069784171216,0.1014256452443656,460.40728227652687,-470.7601432118685,47.74715128059373,223.6,169.44,224.68,170.33,-0.6562591719174691,0.3334720038150465,0.9897311757325156,1.6983539257250237,3.071516350725206,1.3731624250001824,-471.62114809181804,5.695158062723307,adverse
UPS-FDX,2023-05-17 17:33:00+00:00,2023-05-17 17:34:00+00:00,-1,207.07069784171216,0.1014256452443656,460.40728227652687,-471.8808539548397,47.86082009083187,224.56,170.15,224.71,170.17,0.2317286199590285,0.37970010705416257,0.14797148709513408,2.9141949021342897,3.1191539713811225,0.20495906924683283,-75.53395281376531,5.709041122352445,adverse
UPS-FDX,2023-05-17 17:43:00+00:00,2023-05-17 17:44:00+00:00,-1,207.07069784171216,0.1014256452443656,460.40728227652687,-471.2421817137505,47.79604234667973,224.7,170.29,224.78,170.25,0.35752902962479993,0.44158605543458407,0.08405702580978414,2.98598096593705,3.0960469136273834,0.1100659476903334,-45.3143709217297,5.703154690756953,adverse
UPS-FDX,2023-05-17 17:45:00+00:00,2023-05-17 17:46:00+00:00,-1,207.07069784171216,0.1014256452443656,460.40728227652687,-471.0467062324123,47.776216119855555,224.69,170.29,224.81,170.31,0.347529029624809,0.46550051671994197,0.11797148709513294,2.956027553969942,3.112456127402789,0.156428573432847,-61.27171929526808,5.70163886977406,adverse
UPS-FDX,2023-05-17 18:05:00+00:00,2023-05-17 18:12:00+00:00,-1,207.07069784171216,0.1014256452443656,460.40728227652687,-470.38573752004703,47.709176941717566,224.87,170.425,224.99,170.53,0.5138365675168188,0.6231868747661906,0.10935030724937178,2.9592850377293853,3.0256344281991256,0.06634939046974031,-57.13522157495325,5.698396651425324,adverse
UPS-FDX,2023-05-17 18:21:00+00:00,2023-05-17 19:56:00+00:00,-1,207.07069784171216,0.1014256452443656,460.40728227652687,-268.27914819778266,27.21038571156889,225.05,170.48,225.95,171.67,0.6882581570284003,1.4675616391875792,0.7793034821591789,2.9997582558668614,3.111703973998908,0.11194571813204668,-212.3353184037511,3.264444022519701,adverse
UPS-FDX,2023-05-18 15:17:00+00:00,2023-05-18 15:21:00+00:00,-1,207.07069784171216,0.1014256452443656,460.40728227652687,-195.58686232760186,19.837523712897923,232.1,172.36,232.38,172.33,7.5475779439689745,7.8306207133263115,0.28304276935733697,2.981380490977647,3.0290014220232204,0.0476209310455733,-57.802900939572304,2.443453776456591,adverse
UPS-FDX,2023-05-18 15:22:00+00:00,2023-05-18 15:23:00+00:00,-1,207.07069784171216,0.1014256452443656,460.40728227652687,-195.5194708684486,19.830688490669342,232.18,172.16,232.39,172.24,7.647863073017874,7.8497490213982815,0.20188594838040785,2.9499188355677153,3.008163634971953,0.05824479940423766,-41.915254184153994,2.4426203810375826,adverse
IYR-VNQ,2023-05-18 15:53:00+00:00,2023-05-18 16:06:00+00:00,-1,6.155760575094406,0.9031296336772667,334.06668876368906,-1040.374433894741,939.5929813705512,80.9,82.96,80.53,82.62,-0.17939498496043882,-0.2423309095101871,-0.06293592454974828,1.7808710262782463,0.3399585200015286,-1.4409125062767179,57.406400610962706,8.070526264118923,mean_revert
IYR-VNQ,2023-05-18 19:24:00+00:00,2023-05-18 19:39:00+00:00,1,6.155760575094406,0.9031296336772667,334.06668876368906,328.1398117668082,-296.35278799588474,80.065,82.2,80.29,82.4,-0.3280164633657279,-0.2836423901011784,0.04437407326454945,-1.6711399162363192,-0.354175703097707,1.3169642131386121,12.022609287475946,2.5382907608808964,mean_revert
IYR-VNQ,2023-05-19 13:30:00+00:00,2023-05-19 13:34:00+00:00,-1,6.155760575094406,0.9031296336772667,334.06668876368906,-1238.9230271195943,1118.9080996368496,80.95,83.02,81.17,83.24,-0.18358276298108933,-0.16227128239007982,0.021311480591009513,2.5850181102063257,3.152539566648401,0.5675214564420754,-36.08834866245715,9.68506461625344,adverse
IYR-VNQ,2023-05-19 13:35:00+00:00,2023-05-19 13:50:00+00:00,-1,6.155760575094406,0.9031296336772667,334.06668876368906,-1234.7977724063924,1115.18245985889,81.2,83.29,80.8,82.94,-0.1774277640739541,-0.26133239228690286,-0.08390462821294875,2.703492780614339,0.2787542154235363,-2.424738565190803,93.9920033503863,9.61324466155664,mean_revert
IYR-VNQ,2023-05-19 14:20:00+00:00,2023-05-19 15:13:00+00:00,-1,6.155760575094406,0.9031296336772667,334.06668876368906,-1235.522951242449,1115.8373903554484,81.19,83.31,80.87,83.01,-0.2054903567475037,-0.2545514666443154,-0.04906110989681167,1.8214222833415354,0.3389510497076781,-1.4824712336338575,50.989007148924706,9.62712014201913,mean_revert
PSA-EXR,2023-05-18 17:00:00+00:00,2023-05-19 15:18:00+00:00,-1,39.963944864091964,0.39077373593302067,356.93401883733077,-772.5478635390543,301.8914148222297,149.13,284.98,149.35,286.45,-2.1966441302841986,-2.551081522105733,-0.3544373918215342,1.681194870397102,0.3114104175312675,-1.3697844528658345,263.72700885030844,10.092840959769273,mean_revert
UPS-FDX,2023-05-18 15:24:00+00:00,2023-05-19 17:50:00+00:00,-1,207.07069784171216,0.1014256452443656,460.40728227652687,-195.38482717670823,19.817032167356494,232.34,172.31,228.44,170.43,7.792649226231191,4.083329439290594,-3.709319786940597,2.9741276147606874,0.3961577933414959,-2.5779698214191917,722.3442491789067,2.400556335626489,mean_revert
IYR-VNQ,2023-05-19 15:32:00+00:00,2023-05-19 17:53:00+00:00,1,6.155760575094406,0.9031296336772667,334.06668876368906,327.07767232006836,-295.39353838643643,80.325,82.49,80.41,82.53,-0.329924057132132,-0.28104924247922725,0.048874814652904774,-1.6711062264363448,-0.3544109555225752,1.3166952709137696,13.451903394029998,2.5339572177144647,mean_revert
IYR-VNQ,2023-05-19 18:15:00+00:00,2023-05-22 13:30:00+00:00,1,6.155760575094406,0.9031296336772667,334.06668876368906,327.3833523876572,-295.6696071139004,80.25,82.41,80.51,82.64,-0.3326736864379569,-0.2803935021837276,0.05228018425422931,-1.7233664159287865,-0.08208437674345435,1.6412820391853322,14.576073482963146,2.5395885016311506,mean_revert
PSA-EXR,2023-05-19 19:58:00+00:00,2023-05-22 13:39:00+00:00,1,39.963944864091964,0.39077373593302067,356.93401883733077,242.47124148989565,-94.75139289332417,148.27,285.53,148.89,285.58,-3.271569685047325,-2.6711083718440136,0.6004613132033114,-1.759580656384874,-0.3443997350111807,1.4151809213736932,142.43656778266694,3.1580322963953034,mean_revert
LMT-NOC,2023-05-22 13:40:00+00:00,2023-05-22 13:43:00+00:00,-1,78.3485946465672,0.8048142932346503,241.53724112191253,-146.26189436927564,117.71366314396964,444.89,456.25,443.74,456.2,-0.6551159348763349,-1.7648752202146625,-1.1097592853383276,1.8278702194366658,0.13626571352002284,-1.691604505916643,156.38533406077875,5.930161306685067,mean_revert
LMT-NOC,2023-05-22 13:53:00+00:00,2023-05-22 14:06:00+00:00,1,78.3485946465672,0.8048142932346503,241.53724112191253,62.868609150042246,-50.597555239736714,440.66,453.79,440.36,452.35,-2.9052727735191297,-2.0463401912612653,0.8589325822578644,-1.685818451186595,-0.21595588103631158,1.4698625701502834,51.47126555830699,2.5286312419003756,mean_revert
IYR-VNQ,2023-05-22 13:47:00+00:00,2023-05-22 14:27:00+00:00,1,3.669139512471319,0.9319967500010572,241.42056866008218,322.29091804958233,-300.3740881770678,80.3,82.48,80.73,82.895,-0.2402314525585183,-0.19701010380894957,0.04322134874956873,-1.802609786804514,-0.3837767693996272,1.4188330174048867,11.383945375162828,2.5459027926790405,mean_revert
LMT-NOC,2023-05-22 14:09:00+00:00,2023-05-22 15:10:00+00:00,1,78.3485946465672,0.8048142932346503,241.53724112191253,63.16316801691184,-50.83462042599237,438.605,452.05,441.98,454.48,-3.559895903290794,-2.1405946358510164,1.4193012674397778,-2.798357880653869,-0.14943141854092457,2.6489264621129447,87.09655565734967,2.5510087645659856,mean_revert
MS-GS,2023-05-22 14:40:00+00:00,2023-05-22 15:33:00+00:00,1,106.38732393130857,2.58142486932273,720.5430870423712,91.09702395968691,-235.16012317082436,323.56,82.54,325.49,82.65,4.101867354793285,5.747910619167783,1.646043264374498,-1.666229969122257,-0.3455553480513484,1.3206746210709086,147.49528496797043,2.454357725435356,mean_revert
IYR-VNQ,2023-05-22 14:55:00+00:00,2023-05-22 15:41:00+00:00,1,3.669139512471319,0.9319967500010572,241.42056866008218,290.56096695280416,-270.8018768771781,80.58,82.79,80.99,83.18,-0.2491504450588451,-0.2026291775592739,0.046521267499571195,-1.9278391700093909,-0.3310615839468669,1.596777586062524,11.21437282694155,2.302891641607564,mean_revert
PSA-EXR,2023-05-22 14:15:00+00:00,2023-05-22 16:10:00+00:00,1,30.564510372479024,0.4200844615567801,289.9939421268748,238.64154375134672,-100.24960441186326,147.54,283.49,149.02,285.93,-2.114254379210621,-1.6592604654091474,0.4549939138014736,-1.7353836076541158,-0.29611009929031334,1.4392735083638024,105.36911337508587,3.2113366119654874,mean_revert
LMT-NOC,2023-05-22 15:47:00+00:00,2023-05-22 17:15:00+00:00,-1,78.3485946465672,0.8048142932346503,241.53724112191253,-138.47087169190033,111.4433367343027,443.26,454.63,441.48,453.5,-0.9813167798362201,-1.8518766284810226,-0.8705598486448025,1.988223703482162,0.1243161476974821,-1.8639075557846798,114.96359741963992,5.583583682177322,mean_revert
MS-GS,2023-05-22 16:56:00+00:00,2023-05-22 18:52:00+00:00,1,106.38732393130857,2.58142486932273,720.5430870423712,111.64539737788171,-288.20420533668255,323.27,82.4,325.2,82.64,4.173266836498442,5.483724867860985,1.3104580313625434,-1.716705166175682,-0.3844337832232268,1.3322713829524553,143.30039372069461,3.0062139378155286,mean_revert
LMT-NOC,2023-05-23 13:31:00+00:00,2023-05-23 13:43:00+00:00,-1,78.3485946465672,0.8048142932346503,241.53724112191253,-148.54498978367843,119.5511309662995,441.18,451.72,441.44,450.76,-0.7193071865233946,0.31331453498188466,1.0326217215052793,1.9454591500861267,3.4236996900801,1.4782405399939735,-159.36391147563072,5.973128404223808,adverse
LMT-NOC,2023-05-23 13:45:00+00:00,2023-05-23 13:50:00+00:00,-1,78.3485946465672,0.8048142932346503,241.53724112191253,-148.48514224736422,119.50296481365895,440.71,451.21,442.58,451.71,-0.7788518969737765,0.6887409564089353,1.4675928533827118,1.7074788582835705,3.86564308140116,2.1581642231175895,-223.90059552033313,5.984861924590817,adverse
IYR-VNQ,2023-05-23 13:47:00+00:00,2023-05-23 13:58:00+00:00,-1,3.669139512471319,0.9319967500010572,241.42056866008218,-830.4078871561068,773.9374520047362,81.15,83.31,81.41,83.56,-0.16378875505938595,-0.1367879425596641,0.02700081249972186,1.7695323687950324,3.1031196231348073,1.3335872543397749,-29.035373638540875,6.61368597914472,adverse
IYR-VNQ,2023-05-23 13:59:00+00:00,2023-05-23 14:00:00+00:00,-1,3.669139512471319,0.9319967500010572,241.42056866008218,-828.6099948363786,772.2618222058977,81.4,83.56,81.5,83.63,-0.146787942559655,-0.11202771505972464,0.03476022749993035,2.6488096752866395,4.272228564274162,1.6234188889875223,-35.408470467737786,6.605798538512204,adverse
IYR-VNQ,2023-05-23 14:07:00+00:00,2023-05-23 14:09:00+00:00,-1,3.669139512471319,0.9319967500010572,241.42056866008218,-829.1444099859704,772.7598953884685,81.32,83.47,81.31,83.45,-0.14290823505956496,-0.1342683000595457,0.00863993500001925,2.8705273007338974,3.2884571614786453,0.4179298607447479,-13.75898107022048,6.595227262306347,adverse
IYR-VNQ,2023-05-23 14:10:00+00:00,2023-05-23 14:11:00+00:00,-1,3.669139512471319,0.9319967500010572,241.42056866008218,-829.314315246824,772.9182465393922,81.29,83.44,81.3,83.44,-0.14494833255952244,-0.13494833255953154,0.009999999999990905,2.7780501630923125,3.2534499983469147,0.4753998352546023,-14.88892076850138,6.595777616040683,adverse
IYR-VNQ,2023-05-23 14:13:00+00:00,2023-05-23 14:25:00+00:00,-1,3.669139512471319,0.9319967500010572,241.42056866008218,-829.9874944664009,773.5456473842061,81.21,83.36,81.11,83.24,-0.1503885925594517,-0.13854898255931403,0.011839610000137668,2.508782287456986,3.0483979152729552,0.5396156278159694,-16.412239507694427,6.585511268221555,adverse
IYR-VNQ,2023-05-23 14:26:00+00:00,2023-05-23 14:34:00+00:00,-1,3.669139512471319,0.9319967500010572,241.42056866008218,-786.0039348898396,732.5531128053731,81.1,83.24,81.03,83.15,-0.14854898255931914,-0.134669275059224,0.01387970750009515,2.565086696970121,3.1063520488325085,0.5412653518623873,-17.139589218886776,6.230084508694524,adverse
LMT-NOC,2023-05-23 13:57:00+00:00,2023-05-23 14:37:00+00:00,-1,78.3485946465672,0.8048142932346503,241.53724112191253,-151.7951683987875,122.16692117130488,441.35,451.01,442.75,451.79,0.022110961673206475,0.7943558129501298,0.7722448512769233,2.678069298280297,3.190869762788512,0.5128004645082149,-123.34309245090496,6.1200552062273506,adverse
IYR-VNQ,2023-05-23 14:36:00+00:00,2023-05-23 14:37:00+00:00,-1,3.669139512471319,0.9319967500010572,241.42056866008218,-785.9441965948226,732.4974369085667,81.09,83.22,81.1,83.22,-0.1399090475592999,-0.129909047559309,0.009999999999990905,2.824956905587541,3.2484752792441416,0.4235183736566004,-14.09436751810963,6.234925552168551,adverse
IYR-VNQ,2023-05-23 14:38:00+00:00,2023-05-23 14:39:00+00:00,-1,3.669139512471319,0.9319967500010572,241.42056866008218,-705.2502635153809,657.2909535337242,81.09,83.22,81.06,83.17,-0.1399090475592999,-0.12330921005924722,0.016599837500052672,2.7818582117424087,3.487646261472568,0.7057880497301592,-17.29876351951994,5.591723748297831,adverse
IYR-VNQ,2023-05-23 14:40:00+00:00,2023-05-23 14:41:00+00:00,-1,3.669139512471319,0.9319967500010572,241.42056866008218,-779.9996329639927,726.9571229244586,81.09,83.22,81.05,83.17,-0.1399090475592999,-0.13330921005925234,0.006599837500047556,2.7354217292600658,3.0024384973563403,0.2670167680962745,-11.331870535924223,6.183999708267942,adverse
IYR-VNQ,2023-05-23 14:43:00+00:00,2023-05-23 14:44:00+00:00,-1,3.669139512471319,0.9319967500010572,241.42056866008218,-779.9784026985238,726.93733638604,81.08,83.205,81.08,83.2,-0.13592909630928318,-0.13126911255928064,0.004659983750002539,2.843231942574239,3.0214896437677514,0.17825770119351247,-9.820778445832635,6.186091763905742,adverse
IYR-VNQ,2023-05-23 14:46:00+00:00,2023-05-23 14:55:00+00:00,-1,3.669139512471319,0.9319967500010572,241.42056866008218,-780.3523311293333,727.2858364682875,81.03,83.16,81.03,83.14,-0.14398924255922907,-0.12534930755921891,0.018639935000010155,2.439739497541153,3.0565402434453666,0.6168007459042135,-20.73064142113202,6.184924691769165,adverse
IYR-VNQ,2023-05-23 14:56:00+00:00,2023-05-23 14:59:00+00:00,-1,3.669139512471319,0.9319967500010572,241.42056866008218,-780.5571175018716,727.4766967019377,80.99,83.11,81.04,83.14,-0.1373894050591815,-0.1153493075592138,0.022040097499967715,2.5513753558350647,3.3773938090897024,0.8260184532546377,-23.390493042351032,6.186938068307539,adverse
IYR-VNQ,2023-05-23 15:00:00+00:00,2023-05-23 15:01:00+00:00,-1,3.669139512471319,0.9319967500010572,241.42056866008218,-779.3002204957925,726.3052727771858,81.1,83.215,81.11,83.21,-0.12524906380930645,-0.11058908005928458,0.014659983750021865,2.9596812357449966,3.5070455286140705,0.5473642928690738,-17.606773700465027,6.182245131610168,adverse
IYR-VNQ,2023-05-23 15:02:00+00:00,2023-05-23 15:03:00+00:00,-1,3.669139512471319,0.9319967500010572,241.42056866008218,-778.7567064205211,725.7987194254531,81.14,83.26,81.16,83.27,-0.12718891755935147,-0.11650888505934631,0.010680032500005154,2.833682053916246,3.224230981471292,0.390548927555046,-14.499204617141743,6.182057682982348,adverse
PSA-EXR,2023-05-23 14:26:00+00:00,2023-05-23 15:07:00+00:00,1,30.564510372479024,0.4200844615567801,289.9939421268748,236.87549357557654,-99.5077141746926,148.64,286.45,149.04,288.46,-2.257704385418691,-2.702074153147805,-0.4443697677291141,-1.961784856417486,-3.1071019884195548,-1.1453171320020687,-108.46070400056603,3.2003959396667874,adverse
IYR-VNQ,2023-05-23 15:09:00+00:00,2023-05-23 15:19:00+00:00,-1,3.669139512471319,0.9319967500010572,241.42056866008218,-823.0062154951871,767.0391180721841,81.12,83.24,81.0,83.08,-0.1285489825593089,-0.09942950255914695,0.029119480000161957,2.6288313060828754,3.511327835355288,0.8824965292724127,-30.484968701348016,6.51945566922736,adverse
IYR-VNQ,2023-05-23 15:20:00+00:00,2023-05-23 15:28:00+00:00,-1,3.669139512471319,0.9319967500010572,241.42056866008218,-823.9771240525757,767.9440016922185,81.0,83.12,81.12,83.21,-0.13670937255919569,-0.10058908005927947,0.03612029249991622,2.163368630734925,3.295449156917298,1.132080526182373,-36.29937696821919,6.537082234197722,adverse
IYR-VNQ,2023-05-23 15:29:00+00:00,2023-05-23 15:30:00+00:00,-1,3.669139512471319,0.9319967500010572,241.42056866008218,-822.4712880887612,766.5405674679087,81.12,83.22,81.12,83.21,-0.10990904755929876,-0.10058908005927947,0.009319967500019288,2.9520116822207636,3.2438398857345674,0.2918282035138038,-14.190541250121257,6.525135575438249,adverse
IYR-VNQ,2023-05-23 15:31:00+00:00,2023-05-23 15:36:00+00:00,-1,3.669139512471319,0.9319967500010572,241.42056866008218,-319.11172280371716,297.4110885403026,81.1,83.2,81.09,83.18,-0.11126911255928462,-0.10262917755926537,0.00863993500001925,2.859573419889626,3.0509737500214062,0.19140033013178037,-5.287875740117389,2.53077119734679,adverse
IYR-VNQ,2023-05-23 15:37:00+00:00,2023-05-23 15:38:00+00:00,-1,3.669139512471319,0.9319967500010572,241.42056866008218,-822.1787578253162,766.267930213101,81.13,83.23,81.14,83.23,-0.10922901505931293,-0.09922901505930781,0.010000000000005116,2.8140863686145767,3.119301219392712,0.30521485077813537,-14.746190790336495,6.524403212079127,adverse
PSA-EXR,2023-05-23 15:57:00+00:00,2023-05-23 15:58:00+00:00,1,30.564510372479024,0.4200844615567801,289.9939421268748,236.1922141616267,-99.22067910999064,149.07,289.45,148.94,289.48,-3.0879577700890195,-3.2305603039357322,-0.14260253384671273,-2.8750366585562666,-3.162894699885748,-0.28785804132948156,-36.876651742612694,3.195043528299639,adverse
IYR-VNQ,2023-05-23 15:39:00+00:00,2023-05-23 16:00:00+00:00,-1,3.669139512471319,0.9319967500010572,241.42056866008218,-821.7324140081809,765.8519392261478,81.16,83.27,81.17,83.25,-0.11650888505934631,-0.08786895005933104,0.02863993500001527,2.538415741553271,3.0569663591588774,0.5185506176056065,-30.057222623886965,6.522859699281042,adverse
PSA-EXR,2023-05-23 16:04:00+00:00,2023-05-23 16:18:00+00:00,1,30.564510372479024,0.4200844615567801,289.9939421268748,236.22390717929346,-99.23399285425229,149.05,289.59,148.49,288.71,-3.166769594706949,-3.3570952685369946,-0.19032567383004562,-2.9124098375696947,-3.073260642053672,-0.16085080448397715,-48.14581101136353,3.186336702700223,adverse
PSA-EXR,2023-05-23 16:23:00+00:00,2023-05-23 16:30:00+00:00,1,30.564510372479024,0.4200844615567801,289.9939421268748,237.45058918986845,-99.74930290616608,148.28,288.08,148.05,287.89,-3.302442057756224,-3.452626010060442,-0.15018395230421788,-2.870041673467143,-3.0417876591769955,-0.17174598570985244,-38.85483728865679,3.1935693271608088,adverse
IYR-VNQ,2023-05-23 16:01:00+00:00,2023-05-23 19:08:00+00:00,-1,3.669139512471319,0.9319967500010572,241.42056866008218,-820.9156685506806,765.0907351141794,81.19,83.28,80.22,82.31,-0.09582885255936446,-0.161792005058345,-0.06596315249898055,2.8022099628214234,0.20400686922982078,-2.5982030935916027,47.70876176648684,6.441423666919185,mean_revert
LMT-NOC,2023-05-23 14:39:00+00:00,2023-05-24 13:31:00+00:00,-1,78.3485946465672,0.8048142932346503,241.53724112191253,-141.5773012989496,113.94343568298326,442.61,451.82,442.44,452.93,0.6302113841531991,-0.43313248133739535,-1.0633438654905945,2.9414463627155087,0.13251566258326627,-2.8089307001322426,144.83296175340664,5.712393075530044,mean_revert
PSA-EXR,2023-05-23 16:31:00+00:00,2023-05-24 14:10:00+00:00,1,30.564510372479024,0.4200844615567801,289.9939421268748,237.73918544951854,-99.87053771050849,148.1,287.74,148.84,287.8,-3.3396133408269293,-2.6248184085203263,0.714794932306603,-2.8145632213921012,-0.3712052442400541,2.443357977152047,166.7283729142456,3.2063920557695345,mean_revert
MS-GS,2023-05-23 16:41:00+00:00,2023-05-24 14:18:00+00:00,1,106.38732393130857,2.58142486932273,720.5430870423712,107.36969949615398,-277.16681249108007,324.92,83.23,320.81,81.12,3.6806841949606337,5.017490669231563,1.3368064742709294,-1.6925081485397342,-0.2886838880213619,1.4038242605183724,140.68605717075252,2.8464522562318786,mean_revert
LMT-NOC,2023-05-24 15:56:00+00:00,2023-05-24 16:10:00+00:00,1,78.3485946465672,0.8048142932346503,241.53724112191253,105.76186296124709,-85.11865899033602,442.4,454.7,442.65,453.34,-1.8976537803627025,-0.5531063415635344,1.344547438799168,-1.726330931608302,-0.26533736440951394,1.4609935671987881,137.93168289184615,4.270159075323747,mean_revert
LMT-NOC,2023-05-24 17:34:00+00:00,2023-05-24 17:47:00+00:00,-1,78.3485946465672,0.8048142932346503,241.53724112191253,-145.13477885430544,116.8065444673951,444.69,453.64,444.44,454.57,1.2454493704660194,0.24697207775778907,-0.9984772927082304,1.7022584908167429,0.3956831234623864,-1.3065753673543565,139.03375846662703,5.880022601627565,mean_revert
LMT-NOC,2023-05-24 19:55:00+00:00,2023-05-25 13:30:00+00:00,1,78.3485946465672,0.8048142932346503,241.53724112191253,146.27275610088407,-117.72240482081739,441.76,452.74,438.5,450.46,-0.960217765622815,-2.38524117704776,-1.4250234114249452,-1.7957237055183373,-4.169110137131471,-2.373386431613134,-214.30059379870474,5.858491901291153,adverse
LMT-NOC,2023-05-25 13:31:00+00:00,2023-05-25 13:32:00+00:00,1,78.3485946465672,0.8048142932346503,241.53724112191253,62.96720528230929,-50.676906816242884,439.97,450.885,438.67,450.25,-1.2572872516724374,-2.0462301754684518,-0.7889429237960144,-2.2476341064670695,-3.5449809372424275,-1.297346830775358,-52.19948610044922,2.5219550617601985,adverse
LMT-NOC,2023-05-25 13:36:00+00:00,2023-05-25 13:41:00+00:00,1,78.3485946465672,0.8048142932346503,241.53724112191253,63.23958524923271,-50.896122106813635,438.075,448.32,435.86,446.48,-1.0879385895255496,-1.8220802899738828,-0.7341417004483333,-1.8759512855066114,-3.0263817040145766,-1.1504304185079652,-48.94120196176208,2.514385311249036,adverse
LMT-NOC,2023-05-25 13:42:00+00:00,2023-05-25 13:44:00+00:00,1,78.3485946465672,0.8048142932346503,241.53724112191253,63.499773787608,-51.1055255614339,436.28,446.945,437.4,448.43,-1.7763189363279253,-1.8514681617814404,-0.0751492254535151,-2.931406098304236,-3.0090275675752802,-0.07762146927104441,-7.306561410719478,2.534602594110677,adverse
LMT-NOC,2023-05-25 13:45:00+00:00,2023-05-25 13:46:00+00:00,1,78.3485946465672,0.8048142932346503,241.53724112191253,63.33717720177782,-50.974665505126616,437.4,448.0,435.91,447.18,-1.5053980156905027,-2.335450295238104,-0.8300522795476013,-2.44496540199691,-3.720581650811084,-1.275616248814174,-55.093376308172914,2.5202079917304747,adverse
LMT-NOC,2023-05-25 14:06:00+00:00,2023-05-25 14:07:00+00:00,1,78.3485946465672,0.8048142932346503,241.53724112191253,63.612634258713136,-51.196357281720516,433.83,444.57,433.59,444.77,-2.3148849898956882,-2.715847848542637,-0.4009628586469489,-2.8093219963097593,-3.2776555051499394,-0.4683335088401801,-28.023923974256565,2.5176202958213127,adverse
LMT-NOC,2023-05-25 14:09:00+00:00,2023-05-25 14:10:00+00:00,1,78.3485946465672,0.8048142932346503,241.53724112191253,63.74152746805286,-51.30009237889801,432.82,443.51,432.0,442.85,-2.4717818390669777,-2.7606044055320353,-0.28882256646505766,-2.927779073970726,-3.2504798661298135,-0.3227007921590874,-20.922720842541548,2.512729288809691,adverse
LMT-NOC,2023-05-25 14:21:00+00:00,2023-05-25 14:22:00+00:00,1,78.3485946465672,0.8048142932346503,241.53724112191253,63.85783400851975,-51.39369754506244,431.93,442.865,431.97,443.01,-2.8426766199306144,-2.919374692449537,-0.0766980725189228,-2.9931818611504175,-3.0530365582290795,-0.05985469707866198,-7.41540230899594,2.5176295253049195,adverse
LMT-NOC,2023-05-25 14:24:00+00:00,2023-05-25 14:35:00+00:00,1,78.3485946465672,0.8048142932346503,241.53724112191253,63.79533798992248,-51.343399856025094,432.31,443.2,429.37,440.25,-2.7322894081641493,-3.298087243121927,-0.5657978349577775,-2.8086266133819646,-3.1705236476501657,-0.3618970342682011,-38.59505091806591,2.499786802967403,adverse
IYR-VNQ,2023-05-24 13:42:00+00:00,2023-05-25 15:16:00+00:00,1,3.669139512471319,0.9319967500010572,241.42056866008218,303.75350663675704,-283.09728098688214,79.45,81.56,78.14,80.27,-0.2327944425575481,-0.34051863505617064,-0.10772419249862253,-1.72884066928221,-1.3369759876304663,0.3918646816517437,-35.04457710874332,2.322975887670661,time_stop
MS-GS,2023-05-25 14:05:00+00:00,2023-05-25 16:00:00+00:00,1,106.38732393130857,2.58142486932273,720.5430870423712,100.91652511839943,-260.50842766626823,321.53,82.11,322.88,82.3,3.181880048602011,4.0414093234307416,0.8595292748287306,-1.6539113492231519,-0.2875514914891092,1.3663598577340426,84.03951909189304,2.7011885613581343,mean_revert
PSA-EXR,2023-05-25 15:23:00+00:00,2023-05-25 16:55:00+00:00,1,30.564510372479024,0.4200844615567801,289.9939421268748,232.9332670207939,-97.85164605509188,144.63,280.9,146.08,282.91,-3.9362356237785434,-3.3306053915076745,0.6056302322708689,-1.841554152835026,-0.15800260806894526,1.683551544766081,137.9859235678236,3.0855050415921808,mean_revert
LMT-NOC,2023-05-25 14:36:00+00:00,2023-05-25 17:13:00+00:00,1,78.3485946465672,0.8048142932346503,241.53724112191253,64.15781863082161,-51.63512945684157,429.69,440.29,432.08,440.97,-3.0102798148513443,-1.1675535342509988,1.8427262806003455,-2.858987357770751,-0.389470492883758,2.469516864886993,115.70075583148072,2.5245426655294416,mean_revert
IYR-VNQ,2023-05-25 19:02:00+00:00,2023-05-25 19:34:00+00:00,1,3.669139512471319,0.9319967500010572,241.42056866008218,329.8070691905373,-307.37911661295453,78.47,80.64,78.69,80.83,-0.35535743255657337,-0.31243681505677046,0.042920617499802916,-1.7652439405140787,-0.3560360399111604,1.4092079006029183,11.615624451935735,2.5398986135214248,mean_revert
PSA-EXR,2023-05-25 19:13:00+00:00,2023-05-26 13:39:00+00:00,1,30.564510372479024,0.4200844615567801,289.9939421268748,241.80463817782908,-101.57837123086536,145.61,283.08,144.78,282.57,-3.87201974997231,-4.4877766745783845,-0.6157569246060746,-1.7171772768829254,-3.061320383797477,-1.3441431069145517,-152.0784541535653,3.185573793704586,adverse
LMT-NOC,2023-05-26 13:44:00+00:00,2023-05-26 13:50:00+00:00,-1,78.3485946465672,0.8048142932346503,241.53724112191253,-137.64756153268485,110.78072495040078,440.83,448.86,438.82,448.48,1.2324616921276288,-0.4717088764431878,-1.7041705685708166,1.942186649798312,0.36937105409223,-1.572815595706082,229.07065107566706,5.504272123876426,mean_revert
PSA-EXR,2023-05-26 13:41:00+00:00,2023-05-26 13:50:00+00:00,1,30.564510372479024,0.4200844615567801,289.9939421268748,242.05398986026188,-101.68311999811841,145.46,283.7,145.3,284.12,-4.282472116137512,-4.61890758999138,-0.33643547385386796,-2.4894604956811364,-3.234125255662855,-0.7446647599817187,-84.6385814158805,3.203032639028073,adverse
IYR-VNQ,2023-05-26 13:31:00+00:00,2023-05-26 14:00:00+00:00,1,3.669139512471319,0.9319967500010572,241.42056866008218,330.2279025058244,-307.7713318950943,78.37,80.53,78.77,80.91,-0.352837790056455,-0.3069965550568554,0.04584123499959958,-1.7038751348156131,0.03733118999955351,1.7412063248151666,12.592363364991712,2.545691517200793,mean_revert
IYR-VNQ,2023-05-26 14:14:00+00:00,2023-05-26 14:19:00+00:00,1,3.669139512471319,0.9319967500010572,241.42056866008218,329.13596234746865,-306.7536472163111,78.63,80.81,78.83,80.98,-0.3537968800567626,-0.3122363275569313,0.04156055249983126,-1.7455546269338795,-0.08092911241618145,1.664625514517698,11.139737529549858,2.539334913171391,mean_revert
LMT-NOC,2023-05-26 15:29:00+00:00,2023-05-26 15:57:00+00:00,1,78.3485946465672,0.8048142932346503,241.53724112191253,80.20273828456872,-64.54831012797881,436.93,448.91,434.03,447.92,-2.707779022533998,-4.8110128722317995,-2.1032338496978014,-1.679545225103018,-3.1111687554436336,-1.4316235303406155,-171.8712576770612,3.186143678508781,adverse
LMT-NOC,2023-05-26 15:58:00+00:00,2023-05-26 16:00:00+00:00,1,78.3485946465672,0.8048142932346503,241.53724112191253,63.75257463596276,-51.30898329753166,434.55,448.03,434.41,448.37,-4.379542444487527,-4.793179304187277,-0.41363685969974995,-2.7393817831499225,-3.034209051332182,-0.2948272681822597,-28.905423009632457,2.5350082394361424,adverse
IYR-VNQ,2023-05-26 14:45:00+00:00,2023-05-26 16:07:00+00:00,1,3.669139512471319,0.9319967500010572,241.42056866008218,328.13440749818,-305.8202013518263,78.87,81.07,79.01,81.19,-0.3561160350570134,-0.3279556450571448,0.028160389999868585,-1.8824726158545717,-0.2684619614336621,1.6140106544209096,6.702620803315542,2.537772084209299,mean_revert
MS-GS,2023-05-26 14:24:00+00:00,2023-05-26 16:09:00+00:00,-1,106.38732393130857,2.58142486932273,720.5430870423712,-42.386750113463165,109.41821087266186,329.37,84.29,331.18,84.49,5.394373833478539,6.68808885961397,1.2937150261354304,1.770768465116168,3.019184048639151,1.248415583522983,-56.000494957797684,1.1641194269603965,adverse
MS-GS,2023-05-26 16:10:00+00:00,2023-05-26 16:11:00+00:00,-1,106.38732393130857,2.58142486932273,720.5430870423712,-42.15509355900526,108.82020688184261,331.18,84.53,331.19,84.46,6.584831864841078,6.7755316056936294,0.19069974085255126,2.888063609642251,3.095817565883001,0.20775395624075,-9.196580422771826,1.1576150054523688,adverse
LMT-NOC,2023-05-26 16:02:00+00:00,2023-05-26 17:40:00+00:00,1,78.3485946465672,0.8048142932346503,241.53724112191253,63.748173657456896,-51.30544132712592,434.58,448.36,436.28,447.3,-4.615131161254965,-2.0620280104262747,2.55310315082869,-2.849406694539391,-0.36444632794456955,2.4849603665948212,160.21761416898465,2.538048855444936,mean_revert
MS-GS,2023-05-26 16:56:00+00:00,2023-05-26 19:53:00+00:00,-1,106.38732393130857,2.58142486932273,720.5430870423712,-42.150002671551725,108.80706513836313,331.22,84.31,332.25,83.89,7.192745336092116,9.306943781207622,2.1141984451155054,2.800731093333333,3.0639894851328706,0.2632583917995377,-90.27007826391385,1.156608154104017,adverse
PSA-EXR,2023-05-26 13:53:00+00:00,2023-06-05 13:30:00+00:00,1,30.564510372479024,0.4200844615567801,289.9939421268748,242.05398986026188,-101.68311999811841,145.46,284.2,145.77,288.39,-4.492514346915925,-5.942668240838827,-1.4501538939229022,-2.8593142195373393,,,-354.24596618934356,3.230430253909387,descreen
MS-GS,2023-05-26 19:56:00+00:00,2023-06-05 14:09:00+00:00,-1,106.38732393130857,2.58142486932273,720.5430870423712,-42.01301199178863,108.45343399075725,332.3,83.995,322.54,83.72,9.085894169928736,0.035786008992488405,-9.050108160936247,2.874117175287204,-0.3629334420114429,-3.237050617298647,379.09077277332085,1.1315299190768853,mean_revert
LMT-NOC,2023-06-05 14:51:00+00:00,2023-06-05 14:59:00+00:00,-1,69.1176752921466,0.8253737358072426,163.12941728016182,-199.57525529386248,164.72417403657946,446.66,455.12,445.3,455.08,1.8982300672611814,0.5712450166934673,-1.326985050567714,1.6755833092802552,0.3169718779774958,-1.3586114313027595,256.641703323043,8.191676915146177,mean_revert
LMT-NOC,2023-06-05 16:03:00+00:00,2023-06-05 17:12:00+00:00,1,69.1176752921466,0.8253737358072426,163.12941728016182,241.82387002499433,-199.59507100989464,444.12,454.88,444.58,456.48,-0.44368023614509866,-1.3042782134367599,-0.8605979772916612,-1.7045746894462517,-3.2161972281382454,-1.5116225386919937,-218.04419411185893,9.931060707515435,adverse
LMT-NOC,2023-06-05 17:16:00+00:00,2023-06-05 18:08:00+00:00,1,69.1176752921466,0.8253737358072426,163.12941728016182,241.24615992648003,-199.11824426767032,444.64,456.29,444.82,455.14,-1.0874572036333348,0.04172259254499977,1.1291797961783345,-2.691658540715501,-0.19626117531472292,2.495397365400778,262.5133999668715,9.896889727724215,mean_revert
UPS-FDX,2023-06-05 14:21:00+00:00,2023-06-05 18:51:00+00:00,-1,180.7732090553069,0.2600550841561202,594.7763490099164,-418.68489404618566,108.8811353560771,222.38,168.77,220.32,167.72,-2.2827056083353057,-4.069647769971368,-1.7869421616360626,1.721888232697624,0.36190885421670893,-1.359979378480915,742.6403796173523,5.525309993908843,mean_revert
LMT-NOC,2023-06-05 19:52:00+00:00,2023-06-06 13:37:00+00:00,-1,69.1176752921466,0.8253737358072426,163.12941728016182,-145.3058551499475,119.93163649977822,446.32,455.85,447.46,455.95,0.9557072401218534,2.0131698665411477,1.0574626264192943,1.7817500896455816,3.4774014635013124,1.6956513738557308,-159.6405806013379,5.985069380373469,adverse
LMT-NOC,2023-06-06 13:40:00+00:00,2023-06-06 13:47:00+00:00,-1,69.1176752921466,0.8253737358072426,163.12941728016182,-48.818805233062335,40.293759652858824,446.51,455.54,445.07,455.13,1.4015730982220589,0.29997632990307466,-1.1015967683189842,2.318815907840855,0.38164708232712374,-1.937168825513731,51.77530385414229,2.0033342237942344,mean_revert
MS-GS,2023-06-06 13:36:00+00:00,2023-06-06 13:48:00+00:00,-1,126.19708824086297,2.3809880058171355,356.20005010134935,-118.04675411935942,281.06790568383934,323.38,83.72,323.22,84.16,-2.1534040878735823,-3.361038810433058,-1.207634722559476,2.054459372560869,0.3190880643583524,-1.7353713082025164,139.46687181954184,3.0904873404405633,mean_revert
LMT-NOC,2023-06-06 13:52:00+00:00,2023-06-06 14:10:00+00:00,-1,69.1176752921466,0.8253737358072426,163.12941728016182,-21.680011828270757,17.894112355045042,446.33,455.3,445.22,455.53,1.4196627948157925,0.119826835580227,-1.2998359592355655,2.2482102726596382,0.009865573255216203,-2.238344699404422,27.290274977675452,0.8901839933638188,mean_revert
LMT-NOC,2023-06-06 15:04:00+00:00,2023-06-06 15:18:00+00:00,1,69.1176752921466,0.8253737358072426,163.12941728016182,159.91352489306425,-131.9884234470929,445.02,456.91,445.86,456.49,-1.2191889198338686,-0.032531950794748354,1.1866569690391202,-2.117216146387093,-0.17445477760831482,1.9427613687787784,183.18497677655094,6.577521981409253,mean_revert
MS-GS,2023-06-06 14:16:00+00:00,2023-06-06 15:25:00+00:00,-1,126.19708824086297,2.3809880058171355,356.20005010134935,-88.28058240390874,210.19500785025798,324.53,84.31,325.03,84.92,-2.4081870113056993,-3.360589694854184,-0.9524026835484847,1.6667113818188724,0.21992782156419025,-1.4467835602546821,81.75148369843356,2.327179888269318,mean_revert
LMT-NOC,2023-06-06 15:44:00+00:00,2023-06-06 16:17:00+00:00,1,69.1176752921466,0.8253737358072426,163.12941728016182,145.9415770390427,-120.45634465031517,445.57,457.43,446.49,457.41,-1.0983832624535808,-0.1618757877374719,0.9365074747161088,-1.7782002124725342,-0.17629350471858835,1.601906707753946,130.66240820199255,6.012969566933142,mean_revert
MS-GS,2023-06-06 16:57:00+00:00,2023-06-06 18:00:00+00:00,1,126.19708824086297,2.3809880058171355,356.20005010134935,45.38740008023526,-108.06685520626385,325.83,85.875,326.7,85.74,-4.83443324040951,-3.642999859624126,1.1914333807853836,-1.7558831597628353,-0.1456244734773723,1.6102586862854629,52.87137773407116,1.2046857885798958,mean_revert
LMT-NOC,2023-06-06 16:51:00+00:00,2023-06-06 18:27:00+00:00,1,69.1176752921466,0.8253737358072426,163.12941728016182,146.33897652138046,-120.78434774566016,444.85,456.68,446.91,458.41,-1.199352960598162,-0.5672495235446604,0.6321034370535017,-1.74257995834188,-0.2514869989461176,1.4910929593957625,86.4629147916869,6.038455242362911,mean_revert
LMT-NOC,2023-06-06 19:51:00+00:00,2023-06-07 13:30:00+00:00,-1,69.1176752921466,0.8253737358072426,163.12941728016182,-145.3142431394739,119.93855972602954,448.51,458.54,447.09,458.0,0.925451890800332,-0.04884629186375378,-0.9742981826640857,1.7884440242999564,0.3961753674629974,-1.392268656836959,135.58438274000937,5.995020265987446,mean_revert
MS-GS,2023-06-07 13:34:00+00:00,2023-06-07 13:43:00+00:00,1,126.19708824086297,2.3809880058171355,356.20005010134935,45.178720784954415,-107.56999230713778,327.335,86.45,328.165,86.33,-4.698501343754344,-3.5827827830562455,1.1157185606980988,-1.979682203777929,-0.06848042640001074,1.9112017773779182,49.20110771125755,1.2056296171134884,mean_revert
LMT-NOC,2023-06-07 13:33:00+00:00,2023-06-07 13:43:00+00:00,-1,69.1176752921466,0.8253737358072426,163.12941728016182,-146.05355655481412,120.54876960158131,446.75,456.42,446.71,457.9,0.9152442107117054,-0.34630891828300037,-1.2615531289947057,1.6787805381506855,-0.008537660700446684,-1.687318198851132,178.23217798007298,6.022143292458255,mean_revert
MS-GS,2023-06-07 14:05:00+00:00,2023-06-07 14:10:00+00:00,-1,126.19708824086297,2.3809880058171355,356.20005010134935,-179.1189748425846,426.4801307144552,328.96,86.18,329.57,86.12,-2.4306345821837567,-1.6777753018346857,0.752859280349071,1.963571296993937,3.2206275513669422,1.2570562543730053,-139.63941796664733,4.788035469799975,adverse
MS-GS,2023-06-07 14:13:00+00:00,2023-06-07 14:14:00+00:00,-1,126.19708824086297,2.3809880058171355,356.20005010134935,-196.74419326128842,468.4455643692962,329.44,86.12,329.435,86.01,-1.8077753018346812,-1.5508666211948139,0.25690868063986727,2.9558709512517476,3.3725449418949176,0.41667399064317,-55.80056242923855,5.255271314921786,adverse
LMT-NOC,2023-06-07 14:09:00+00:00,2023-06-07 14:33:00+00:00,-1,69.1176752921466,0.8253737358072426,163.12941728016182,-273.18008680566885,225.47566879494173,446.18,455.74,445.17,455.68,0.9064983510606339,-0.053979224790907665,-0.9604775758515416,1.667450492041485,0.30138461947567935,-1.3660658725658057,251.16553094603813,11.217816599987932,mean_revert
MS-GS,2023-06-07 14:40:00+00:00,2023-06-07 14:41:00+00:00,-1,126.19708824086297,2.3809880058171355,356.20005010134935,-178.7060380552887,425.49693317674297,329.78,86.1,330.1,86.2,-1.4201555417183727,-1.338254342300047,0.08190119941832563,2.9995837491843753,3.1007929627297566,0.10120921354538126,-19.4196738001177,4.783434940094303,adverse
UPS-FDX,2023-06-07 13:55:00+00:00,2023-06-07 14:42:00+00:00,-1,180.7732090553069,0.2600550841561202,594.7763490099164,-425.32368172489157,110.60758584455758,222.67,168.37,221.32,168.5,-1.8886835746728536,-3.272490735613161,-1.3838071609403073,1.779498968141113,0.3731963270743917,-1.4063026410667214,582.9274557156851,5.638500772708047,mean_revert
MS-GS,2023-06-07 14:47:00+00:00,2023-06-07 14:49:00+00:00,-1,126.19708824086297,2.3809880058171355,356.20005010134935,-107.53207563355036,256.03258232410445,329.935,86.16,329.75,85.96,-1.4080148220673436,-1.116817220903954,0.29119760116338966,2.895115455970703,3.2661260669681518,0.3710106109974487,-34.18644560845172,2.8733631358371623,adverse
MS-GS,2023-06-07 14:53:00+00:00,2023-06-07 14:54:00+00:00,-1,126.19708824086297,2.3809880058171355,356.20005010134935,-107.65217316794603,256.31853311302876,329.46,85.91,329.73,85.98,-1.2877678206130554,-1.1844369810202693,0.1033308395927861,2.971969739877877,3.096061439348575,0.1240916994706982,-14.000510364221935,2.876720926786253,adverse
LMT-NOC,2023-06-07 16:25:00+00:00,2023-06-07 17:13:00+00:00,-1,69.1176752921466,0.8253737358072426,163.12941728016182,-39.13919885141595,32.30446677249572,448.73,459.09,448.77,460.14,0.691496336106411,-0.1351460864912042,-0.8266424225976152,1.9057772148973688,0.3871255137484991,-1.5186517011488698,30.73266837660336,1.6214537804623057,mean_revert
LMT-NOC,2023-06-07 17:18:00+00:00,2023-06-07 17:40:00+00:00,-1,69.1176752921466,0.8253737358072426,163.12941728016182,-84.1405596770367,69.44740807354802,450.2,460.58,449.23,460.71,0.9316894697536213,-0.14560911590132264,-1.077298585654944,1.7962607291537929,0.2722101848016216,-1.5240505443521712,87.15482698642008,3.4896789498639746,mean_revert
LMT-NOC,2023-06-07 18:06:00+00:00,2023-06-07 18:24:00+00:00,-1,69.1176752921466,0.8253737358072426,163.12941728016182,-99.54203964707193,82.15938513337642,450.95,461.28,453.19,462.46,1.1039278546885498,2.3699868464360065,1.2660589917474567,1.8203263414972848,3.0208450240144566,1.2005186825171719,-130.18143866187918,4.155344309821889,adverse
LMT-NOC,2023-06-07 18:25:00+00:00,2023-06-07 18:27:00+00:00,-1,69.1176752921466,0.8253737358072426,163.12941728016182,-60.44453698831635,49.88933330318572,453.17,462.49,453.79,462.94,2.3252256343618,2.5738074532485484,0.24858181888674835,2.9359526185463576,3.1560301563668203,0.2200775378204627,-17.551657666288648,2.5262447199652436,adverse
LMT-NOC,2023-06-07 18:30:00+00:00,2023-06-07 18:32:00+00:00,-1,69.1176752921466,0.8253737358072426,163.12941728016182,-60.37392732421275,49.83105394094044,453.7,462.93,453.84,462.7,2.4920611906065915,2.8218971498422434,0.3298359592356519,2.959744893414406,3.2593589707693766,0.2996140773549705,-22.43633882357086,2.5228465917646927,adverse
LMT-NOC,2023-06-07 18:33:00+00:00,2023-06-07 18:34:00+00:00,-1,69.1176752921466,0.8253737358072426,163.12941728016182,-60.385906013966455,49.84094083685253,453.61,462.83,453.76,462.7,2.4845985641873085,2.7418971498422593,0.2572985856549508,2.863394129672481,3.1072757442690415,0.24388161459656033,-18.06031381278965,2.523105601905454,adverse
UPS-FDX,2023-06-07 19:07:00+00:00,2023-06-08 14:24:00+00:00,-1,180.7732090553069,0.2600550841561202,594.7763490099164,-462.6776946583343,120.32168682153282,223.49,171.03,225.6,170.81,-1.7604300985281327,0.40678201998619556,2.1672121185143283,1.71092247782076,3.0341930749632944,1.3232705971425345,-1008.9673185918609,6.246611762045312,adverse
LMT-NOC,2023-06-07 18:37:00+00:00,2023-06-08 17:35:00+00:00,-1,69.1176752921466,0.8253737358072426,163.12941728016182,-60.448538701053366,49.8926362117771,453.14,462.94,457.38,465.73,1.9238074532485143,3.8610147303462554,1.937207277097741,2.157073109529093,1.3430035086828465,-0.8140696008462465,-119.6455715663076,2.5442225046999365,time_stop
LMT-NOC,2023-06-08 18:47:00+00:00,2023-06-08 19:22:00+00:00,-1,69.1176752921466,0.8253737358072426,163.12941728016182,-59.86591810074379,49.41175647034133,457.55,465.3,455.29,463.97,4.385925436743435,3.2236725053670625,-1.162252931376372,1.669784276219036,0.3858693899136674,-1.2839148863053687,67.07024247704565,2.5090963250815954,mean_revert
MS-GS,2023-06-07 17:02:00+00:00,2023-06-09 13:31:00+00:00,-1,126.19708824086297,2.3809880058171355,356.20005010134935,-44.14500468102404,105.10872666225954,335.0,86.47,334.68,86.89,2.9188788961292857,1.5988639336861183,-1.3200149624431674,2.9990783426726657,0.28402940069509236,-2.715048941977573,57.076699324760135,1.195367371316443,mean_revert
LMT-NOC,2023-06-09 13:31:00+00:00,2023-06-09 13:34:00+00:00,-1,69.1176752921466,0.8253737358072426,163.12941728016182,-60.06282387237216,49.57427732267224,456.05,463.6,457.19,463.68,4.2890607876157105,5.363030888751155,1.073970101135444,1.8518860230723468,3.426757918134363,1.5748718950620162,-67.02801319644976,2.522336167759325,adverse
LMT-NOC,2023-06-09 13:39:00+00:00,2023-06-09 13:40:00+00:00,-1,69.1176752921466,0.8253737358072426,163.12941728016182,-59.87115216496978,49.41607652948499,457.51,464.25,457.97,464.115,5.212567859340993,5.783993313675012,0.5714254543340189,2.9792760200278803,3.7343458065858086,0.7550697865579283,-36.729597023141956,2.5176966957736573,adverse
UPS-FDX,2023-06-08 14:25:00+00:00,2023-06-09 13:49:00+00:00,-1,180.7732090553069,0.2600550841561202,594.7763490099164,-455.28679271478126,118.3996451946125,225.26,170.66,222.89,170.77,0.10579028260963241,-2.292815776647558,-2.3986060592571903,2.779172865612276,0.160410236946883,-2.618762628665393,1085.9687606735386,6.084899031904078,mean_revert
LMT-NOC,2023-06-09 13:56:00+00:00,2023-06-09 13:59:00+00:00,-1,69.1176752921466,0.8253737358072426,163.12941728016182,-59.91436814164076,49.45174586159647,457.18,463.0,457.57,463.04,5.9142850291000855,6.271270079667772,0.3569850505676868,2.861240554363781,3.140340977397816,0.27910042303403504,-23.904191432490418,2.5156576917162097,adverse
LMT-NOC,2023-06-09 14:02:00+00:00,2023-06-09 14:06:00+00:00,-1,69.1176752921466,0.8253737358072426,163.12941728016182,-59.918299960615386,49.45499108171208,457.15,462.77,458.09,463.45,6.0741209883357214,6.452866847986797,0.378745859651076,2.8337767589861254,3.1062191895338644,0.2724424305477391,-25.21220250970266,2.5183944822888877,adverse
LMT-NOC,2023-06-09 14:09:00+00:00,2023-06-09 16:17:00+00:00,-1,69.1176752921466,0.8253737358072426,163.12941728016182,-59.872460824033496,49.4171566623053,457.5,463.32,454.8,461.82,5.970165433641739,4.508226037352642,-1.4619393962890967,2.535951650580114,0.19695036889256723,-2.3390012816875467,85.02731790780399,2.5025913236278132,mean_revert
MS-GS,2023-06-09 19:55:00+00:00,2023-06-12 13:42:00+00:00,-1,126.19708824086297,2.3809880058171355,356.20005010134935,-44.01362073852099,104.79590307100281,336.0,86.23,338.79,86.32,4.4903160175254015,7.06602709700195,2.575711079476548,1.746688859872242,3.167875144626082,1.4211862847538401,-114.56423843023997,1.1978678461546246,adverse
MS-GS,2023-06-12 13:48:00+00:00,2023-06-12 13:50:00+00:00,-1,125.9872737284113,2.38581920106417,383.96018183407256,-43.65200969559168,104.14580289678194,338.3,86.21,338.455,86.21,6.631252947846633,6.786252947846606,0.15499999999997272,2.9985829457489164,3.1079984113819865,0.10941546563307014,-7.953694033278172,1.1876325304626525,adverse
XOM-CVX,2023-06-12 13:40:00+00:00,2023-06-12 14:26:00+00:00,-1,18.07357834845976,1.3005777651819095,669.6975263358454,-137.76414102237305,179.17297865308336,157.76,106.12,157.33,106.44,1.6691092104359768,0.8229243255778158,-0.846184884858161,1.8624249467750595,0.26368743889398066,-1.5987375078810788,114.5366536008587,2.0372802077442076,mean_revert
LMT-NOC,2023-06-12 13:31:00+00:00,2023-06-12 16:12:00+00:00,1,56.605561626618076,0.8533567001323717,157.44101327244695,140.22736786911935,-119.66396391303986,453.19,462.08,451.99,460.15,2.265374376215618,2.7123528074711203,0.4469784312555021,-1.8284273052581343,-0.37863349005025254,1.4497938152078818,56.756371859338714,5.922237049887427,mean_revert
MS-GS,2023-06-12 13:53:00+00:00,2023-06-12 17:28:00+00:00,-1,125.9872737284113,2.38581920106417,383.96018183407256,-43.66879049004544,104.18583883839882,338.17,86.22,338.32,87.42,6.477394755835974,3.764411714558946,-2.7129830412770275,2.8667103773895897,0.3362683156050177,-2.530442061784572,117.2785904710808,1.1940975614922498,mean_revert
LMT-NOC,2023-06-12 19:38:00+00:00,2023-06-13 13:30:00+00:00,-1,56.605561626618076,0.8533567001323717,157.44101327244695,-59.51615329478435,50.78850818020956,453.29,459.06,453.7,455.06,4.942511610615384,8.765938411144816,3.8234268005294325,1.7531081178941574,4.608034895854659,2.854926777960501,-230.06137043581444,2.5057148641164906,adverse
JPM-BAC,2023-06-12 18:03:00+00:00,2023-06-13 13:30:00+00:00,1,-2.3271752164562485,0.22424330719403418,877.8766161179292,1408.0866989330589,-315.75401818467947,29.005,140.47,29.06,140.23,-0.16728214508973593,-0.058463751363163396,0.10881839372657254,-1.6507980369350366,-0.33326327344304724,1.3175347634919894,148.96587353359214,4.259859272051614,mean_revert
HD-LOW,2023-06-12 15:00:00+00:00,2023-06-13 13:33:00+00:00,-1,30.162853354527805,0.5991497791279933,316.7826213880597,-147.81522139350963,88.56345724967672,211.525,300.15,216.41,303.03,1.5273404402050232,4.686789076316387,3.159448636111364,1.7079725708553044,3.4581283739833624,1.750155803128058,-469.95590345383164,2.9413038256069477,adverse
LMT-NOC,2023-06-13 13:31:00+00:00,2023-06-13 13:34:00+00:00,-1,56.605561626618076,0.8533567001323717,157.44101327244695,-59.91932553081201,51.13255790913111,450.24,454.82,450.23,452.52,5.510744019176627,7.463464429481121,1.9527204103044937,1.9728597109543762,3.4277458757398125,1.4548861647854363,-119.51148908763344,2.505799151938875,adverse
HD-LOW,2023-06-13 13:37:00+00:00,2023-06-13 13:39:00+00:00,-1,30.162853354527805,0.5991497791279933,316.7826213880597,-144.86014967226708,86.79292668058687,215.84,303.04,216.63,303.8,4.1107975785251085,4.445443746387809,0.33464616786270085,2.7694165070655754,3.0843338645422906,0.31491735747671523,-51.36433123129788,2.887437267453276,adverse
HD-LOW,2023-06-13 13:50:00+00:00,2023-06-13 13:54:00+00:00,-1,30.162853354527805,0.5991497791279933,316.7826213880597,-144.35853319757203,86.49238328056637,216.59,303.51,216.58,303.08,4.579197182334951,4.8268315873600045,0.24763440502505318,2.992263563581294,3.164074554969682,0.17181099138838807,-38.62210361089994,2.8739641322302103,adverse
HD-LOW,2023-06-13 13:57:00+00:00,2023-06-13 14:03:00+00:00,-1,30.162853354527805,0.5991497791279933,316.7826213880597,-145.0415860521507,86.90163424751992,215.57,302.34,215.32,301.02,4.260202423914706,4.801080132363666,0.54087770844896,2.5764841969051138,3.00402838550781,0.4275441886026963,-81.31923490618492,2.869474212496877,adverse
HD-LOW,2023-06-13 14:04:00+00:00,2023-06-13 14:09:00+00:00,-1,30.162853354527805,0.5991497791279933,316.7826213880597,-145.270709033416,87.03891323113818,215.23,300.92,215.08,300.2,4.770995110276431,5.052382951248632,0.2813878409722008,2.9595657036856053,3.1358053821812035,0.17623967849559818,-43.7461064639575,2.8686952925447398,adverse
HD-LOW,2023-06-13 14:10:00+00:00,2023-06-13 14:13:00+00:00,-1,30.162853354527805,0.5991497791279933,316.7826213880597,-145.44640975606887,87.14418428030827,214.97,300.33,214.19,298.67,4.864493479961965,5.079082113314428,0.21458863335246292,2.949076401781723,3.091794900418534,0.1427184986368113,-34.07017229680767,2.8590260012326034,adverse
XOM-CVX,2023-06-13 13:46:00+00:00,2023-06-13 14:18:00+00:00,-1,18.07357834845976,1.3005777651819095,669.6975263358454,-135.82695386344338,176.65351610718352,160.01,108.05,160.135,107.86,1.4089941236349262,1.7811038990194845,0.37210977538455836,1.839782968491275,3.0715962003402355,1.2318132318489605,-52.58276216850705,2.040224875212166,adverse
HD-LOW,2023-06-13 14:20:00+00:00,2023-06-13 14:22:00+00:00,-1,30.162853354527805,0.5991497791279933,316.7826213880597,-124.59980002691883,74.65394266552055,214.86,299.8,214.91,299.6,5.072042862899821,5.241872818725398,0.16982995582557692,2.9588103663551983,3.071085657710767,0.11227529135556846,-23.617981746765828,2.4572032123187544,adverse
HD-LOW,2023-06-13 14:23:00+00:00,2023-06-13 14:25:00+00:00,-1,30.162853354527805,0.5991497791279933,316.7826213880597,-124.4460153917357,74.56180263531729,215.06,299.97,215.15,299.84,5.170187400448043,5.3380768717347,0.16788947128665654,2.9927388381661,3.100902852027883,0.10816401386178276,-23.349734283537057,2.4565585556852736,adverse
UPS-FDX,2023-06-13 14:16:00+00:00,2023-06-13 14:52:00+00:00,1,180.01013353528276,0.261749278298662,634.3420631556202,178.1332561015805,-46.62625122557943,222.46,171.46,223.97,171.93,-2.429664792371341,-1.0426869531717387,1.3869778391996022,-1.8346573222878642,-0.3120141395492053,1.5226431827386588,244.67123080024845,2.395647837114243,mean_revert
JPM-BAC,2023-06-13 14:09:00+00:00,2023-06-13 15:03:00+00:00,-1,-2.3271752164562485,0.22424330719403418,877.8766161179292,-3623.2264581314707,812.4842836843278,29.735,142.26,29.63,142.47,0.16132233503294557,0.009231240522197481,-0.1520910945107481,1.8348054967655005,0.3432824310781747,-1.4915230656873257,539.9049358849742,11.155541792547083,mean_revert
UPS-FDX,2023-06-13 15:26:00+00:00,2023-06-13 15:52:00+00:00,-1,180.01013353528276,0.261749278298662,634.3420631556202,-381.4260431885062,99.83799152890577,225.95,172.4,227.33,172.035,0.8142908860278908,2.289829372606931,1.4755384865790404,1.7183502550094636,3.190954144335633,1.4726038893261693,-568.0030670717351,5.194260563535922,adverse
UPS-FDX,2023-06-13 16:03:00+00:00,2023-06-13 16:04:00+00:00,-1,180.01013353528276,0.261749278298662,634.3420631556202,-174.37854412478595,45.64345807543411,227.25,171.77,227.43,171.98,2.2791929313560786,2.404225582913341,0.1250326515572624,2.9987480869332233,3.1094348716978297,0.11068678476460647,-24.178445457128092,2.375433710505661,adverse
XOM-CVX,2023-06-13 14:19:00+00:00,2023-06-13 16:14:00+00:00,-1,18.07357834845976,1.3005777651819095,669.6975263358454,-113.18205547444987,147.20206476765492,160.12,107.9,159.29,106.99,1.7140807884121898,2.067606554727746,0.3535257663155562,2.8138981528538114,3.0597621374544985,0.24586398460068715,-41.701668821073575,1.6888959263008259,adverse
UPS-FDX,2023-06-13 16:08:00+00:00,2023-06-13 16:15:00+00:00,-1,180.01013353528276,0.261749278298662,634.3420631556202,-39.29627831739929,10.285772489402625,227.13,172.17,227.57,172.04,2.0544932200365906,2.5285206262154247,0.4740274061788341,2.717787737078295,3.097795004792505,0.38000726771421034,-19.163123801066263,0.5356109177883692,adverse
XOM-CVX,2023-06-13 16:16:00+00:00,2023-06-13 16:22:00+00:00,-1,18.07357834845976,1.3005777651819095,669.6975263358454,-136.41520768070282,177.41858594219454,159.32,107.03,159.5,107.07,2.045583444120467,2.173560333513194,0.1279768893927269,2.969120035269035,3.26128317848963,0.2921631432205949,-19.49571562593621,2.0377216810951433,adverse
XOM-CVX,2023-06-13 17:16:00+00:00,2023-06-13 17:17:00+00:00,-1,18.07357834845976,1.3005777651819095,669.6975263358454,-136.22709594891296,177.17393200645878,159.54,106.9,159.65,106.94,2.4346585535940903,2.4926354429868525,0.05797688939276213,2.9131688908766664,3.0268763720599923,0.11370748118332585,-9.932805081976076,2.0347818078507327,adverse
XOM-CVX,2023-06-13 17:19:00+00:00,2023-06-13 17:21:00+00:00,-1,18.07357834845976,1.3005777651819095,669.6975263358454,-136.16735096603952,177.0962290101524,159.61,106.92,159.71,106.97,2.478646998290486,2.5136181100313877,0.034971111740901506,2.968257703989157,3.0166230598019745,0.04836535581281742,-6.7964872080961705,2.034563562000109,adverse
XOM-CVX,2023-06-13 17:23:00+00:00,2023-06-13 17:24:00+00:00,-1,18.07357834845976,1.3005777651819095,669.6975263358454,-136.04801807630406,176.94102730710756,159.75,107.01,159.84,107.06,2.5015949994241,2.5265661111650104,0.0249711117409106,2.9630877813348886,3.0027879732147387,0.03970019187985008,-5.431731341153723,2.0344610796407685,adverse
XOM-CVX,2023-06-13 17:25:00+00:00,2023-06-13 17:29:00+00:00,-1,18.07357834845976,1.3005777651819095,669.6975263358454,-136.02247394974071,176.90780518406828,159.78,107.02,159.81,107.01,2.518589221772288,2.561594999424102,0.043005777651814014,2.972067768443994,3.0105612203347705,0.038493451890776686,-7.883185060064211,2.0334327897327604,adverse
MS-GS,2023-06-13 13:32:00+00:00,2023-06-13 17:52:00+00:00,-1,125.9872737284113,2.38581920106417,383.96018183407256,-43.27591982188098,103.24852045475716,341.24,87.69,342.72,88.82,6.04024053027166,4.824264833069151,-1.2159756972025093,1.7779191870421096,0.3825853816009448,-1.3953338054411648,51.422363936083144,1.200102841407329,mean_revert
LMT-NOC,2023-06-13 13:53:00+00:00,2023-06-13 19:09:00+00:00,-1,56.605561626618076,0.8533567001323717,157.44101327244695,-60.535789179954904,51.65862129451525,445.655,446.09,451.61,452.87,8.375548011332228,8.544789584434739,0.16924157310251076,2.95066316294117,0.561444895982166,-2.389218266959004,-12.781832568679343,2.536660378860328,time_stop
UPS-FDX,2023-06-13 16:16:00+00:00,2023-06-14 13:34:00+00:00,-1,180.01013353528276,0.261749278298662,634.3420631556202,-174.25585573351043,45.61134447756212,227.41,172.05,230.34,174.25,2.3659031334324254,4.720054721175387,2.3541515877429617,2.9305651652070064,3.039189472920545,0.10862430771353848,-412.6289929777942,2.404293529243599,adverse
UPS-FDX,2023-06-14 13:35:00+00:00,2023-06-14 13:36:00+00:00,-1,180.01013353528276,0.261749278298662,634.3420631556202,-172.08408959682822,45.04288625865208,230.28,174.285,230.75,174.38,4.650893496434918,5.096027314996547,0.44513381856162937,2.984386393656968,3.236331529085849,0.2519451354288811,-78.97859702494978,2.3781491090125932,adverse
UPS-FDX,2023-06-14 13:40:00+00:00,2023-06-14 13:43:00+00:00,-1,180.01013353528276,0.261749278298662,634.3420631556202,-171.9720702701801,45.01356528074643,230.43,174.31,230.9,174.45,4.7943497644774595,5.227704865515676,0.4333551010382166,2.9913385950488136,3.205234732637766,0.21389613758895232,-76.9030222621111,2.37804837443054,adverse
UPS-FDX,2023-06-14 13:46:00+00:00,2023-06-14 14:05:00+00:00,-1,180.01013353528276,0.261749278298662,634.3420631556202,-172.15511068209312,45.06147597646415,230.185,174.3,231.11,174.41,4.551967257260458,5.44817483664761,0.896207579387152,2.773095908576294,3.048515387866505,0.2754194792902114,-156.6690120062674,2.3822969827396827,adverse
UPS-FDX,2023-06-14 14:06:00+00:00,2023-06-14 14:22:00+00:00,-1,180.01013353528276,0.261749278298662,634.3420631556202,-171.532872272347,44.898605521783395,231.02,174.5,231.63,175.12,5.334617401600724,5.7823328490555355,0.4477154474548115,2.9733786077173434,3.000789217585187,0.027410609867843494,-79.17765681279414,2.379740150170922,adverse
UPS-FDX,2023-06-14 14:23:00+00:00,2023-06-14 14:47:00+00:00,-1,180.01013353528276,0.261749278298662,634.3420631556202,-171.20679232851293,44.81325433181716,231.46,175.05,232.27,175.035,5.630655298536453,6.444581537710945,0.8139262391744921,2.9109162779092537,3.0416024377668935,0.13068615985763987,-141.73020508237946,2.380504481305666,adverse
MS-GS,2023-06-14 13:30:00+00:00,2023-06-14 15:56:00+00:00,-1,125.9872737284113,2.38581920106417,383.96018183407256,-42.82786137298415,102.17953400418007,344.81,88.57,342.96,88.62,7.5107196333352135,5.541428673281928,-1.9692909600532857,1.99399167926707,0.3619064895624177,-1.6320851897046522,83.15335055823537,1.1871696819964541,mean_revert
JPM-BAC,2023-06-14 15:45:00+00:00,2023-06-14 17:35:00+00:00,-1,-2.3271752164562485,0.22424330719403418,877.8766161179292,-4549.081227446627,1020.101019136928,29.61,141.97,29.465,141.83,0.10135289411921278,-0.012253042873624054,-0.11360593699283683,1.6645876754206719,0.3528658400217466,-1.3117218353989253,502.86665500505774,13.93598029554527,mean_revert
LMT-NOC,2023-06-14 15:57:00+00:00,2023-06-14 18:14:00+00:00,1,56.605561626618076,0.8533567001323717,157.44101327244695,178.10225153141798,-151.9847496529965,449.4,451.72,447.17,451.84,7.316149789586916,4.983746985571145,-2.3324028040157714,-1.7690925697098816,-3.0286425879623486,-1.259550018252467,-422.8219295284325,7.415738655025706,adverse
MS-GS,2023-06-14 18:01:00+00:00,2023-06-14 18:23:00+00:00,1,125.9872737284113,2.38581920106417,383.96018183407256,127.98668207311597,-305.3530835705355,340.47,88.38,337.39,87.72,3.6240252815373992,2.1186659542397024,-1.5053593272976968,-1.7046472802401176,-3.2600576780892454,-1.5554103978491278,-196.16429558642284,3.498349957772798,adverse
HD-LOW,2023-06-13 14:31:00+00:00,2023-06-14 18:25:00+00:00,-1,30.162853354527805,0.5991497791279933,316.7826213880597,-124.43453405369857,74.55492359416826,215.015,299.66,213.78,296.52,5.3109238319777035,5.957254138439623,0.6463303064619197,2.9672420447743235,0.3273879459827651,-2.6398540987915586,-82.86124256108276,2.4354320317071227,mean_revert
MS-GS,2023-06-14 18:25:00+00:00,2023-06-14 18:26:00+00:00,1,125.9872737284113,2.38581920106417,383.96018183407256,125.11423914735037,-298.49995408428293,337.54,87.68,337.76,87.79,2.3640987222822787,2.3216586101652297,-0.04244011211704901,-2.9969471461535324,-3.035325665156836,-0.03837851900330369,-8.73305715603098,3.423194819173413,adverse
XOM-CVX,2023-06-13 17:32:00+00:00,2023-06-14 19:50:00+00:00,-1,18.07357834845976,1.3005777651819095,669.6975263358454,-136.1758827549472,177.10732526510296,159.6,106.88,156.6,104.89,2.520670108897747,2.10881986160976,-0.4118502472879868,2.88426456840011,0.33381603092039447,-2.5504485374797157,54.08897445796352,1.995096529324069,mean_revert
MS-GS,2023-06-14 18:44:00+00:00,2023-06-15 13:33:00+00:00,1,125.9872737284113,2.38581920106417,383.96018183407256,128.08090007301521,-305.57787068378093,338.43,88.05,336.87,87.68,2.371345617888551,1.6940987222822628,-0.677246895606288,-2.8520061441014652,-3.1294528833124025,-0.2774467392109372,-90.23937598636554,3.4969840254575275,adverse
LMT-NOC,2023-06-14 18:15:00+00:00,2023-06-15 13:36:00+00:00,1,56.605561626618076,0.8533567001323717,157.44101327244695,170.85903236969878,-145.80370005081625,447.25,451.45,447.54,455.46,5.396556098622739,2.2645957310919584,-3.1319603675307803,-2.642085758927614,-3.1229755323845696,-0.4808897734569557,-542.2674180451496,7.143700228593987,adverse
LMT-NOC,2023-06-15 13:39:00+00:00,2023-06-15 13:54:00+00:00,1,56.605561626618076,0.8533567001323717,157.44101327244695,168.13130617312092,-143.47597662483994,448.95,456.09,453.77,457.12,3.136981010008526,7.078023608872172,3.941042598863646,-2.4996853675083015,-0.11693724080466822,2.3827481267036332,655.5187057690061,7.093934061846195,mean_revert
MS-GS,2023-06-15 13:37:00+00:00,2023-06-15 13:57:00+00:00,1,125.9872737284113,2.38581920106417,383.96018183407256,43.750295905725736,-104.3802960241196,337.54,87.72,337.39,88.02,2.2686659542397365,1.4029201939204654,-0.8657457603192711,-2.5622116031936617,-3.098091614251481,-0.5358800110578192,-39.07405649267973,1.1974232995837906,adverse
MS-GS,2023-06-15 13:58:00+00:00,2023-06-15 15:29:00+00:00,1,125.9872737284113,2.38581920106417,383.96018183407256,135.5830437334444,-323.47662907797474,337.58,88.01,341.8,88.56,1.6167783859310703,4.52457782534583,2.9077994394147595,-2.9050397005186266,-0.2825746274854918,2.6224650730331347,390.4988298312921,3.749468730961837,mean_revert
LMT-NOC,2023-06-15 15:34:00+00:00,2023-06-15 16:26:00+00:00,1,56.605561626618076,0.8533567001323717,157.44101327244695,186.1998919622663,-158.8949253699237,450.24,456.79,451.77,456.89,3.8296313199158476,5.274295649902626,1.4446643299867787,-1.6912720391268266,-0.38184187012909476,1.3094301689977317,261.16049078307253,7.835851382202874,mean_revert
MS-GS,2023-06-15 18:49:00+00:00,2023-06-15 18:50:00+00:00,1,125.9872737284113,2.38581920106417,383.96018183407256,140.14219587410113,-334.35394179572637,339.96,88.88,338.13,88.77,1.9211156810052898,0.3535557931223252,-1.5675598878829646,-2.1037021751130394,-3.2392698042626904,-1.135567629149651,-223.53462885727896,3.853344005205822,adverse
MS-GS,2023-06-15 18:54:00+00:00,2023-06-15 19:01:00+00:00,1,125.9872737284113,2.38581920106417,383.96018183407256,140.24001972971803,-334.58733182877927,339.22,89.07,338.81,89.21,0.7278100328031201,-0.016204655345859464,-0.7440146881489795,-2.895412802521161,-3.340285026080729,-0.4448722235595679,-108.20879739307074,3.868162847853558,adverse
JPM-BAC,2023-06-14 18:28:00+00:00,2023-06-16 13:30:00+00:00,1,-2.3271752164562485,0.22424330719403418,877.8766161179292,1408.572329800082,-315.86291765637617,28.995,140.74,29.46,142.74,-0.23782783803212482,-0.2213144524201951,0.01651338561192972,-1.8222162956762304,-0.29303618970927603,1.5291801059669545,18.931157359176414,4.329140685109078,mean_revert
LMT-NOC,2023-06-15 18:58:00+00:00,2023-06-16 13:33:00+00:00,-1,56.605561626618076,0.8533567001323717,157.44101327244695,-59.34203758522018,50.63992537285468,454.62,458.26,455.02,460.0,6.955196970721261,5.870356312490912,-1.0848406582303483,1.6523766552509673,0.2969017922236541,-1.3554748630273132,61.86184613400388,2.5148089806770018,mean_revert
HD-LOW,2023-06-15 16:23:00+00:00,2023-06-16 13:34:00+00:00,-1,30.162853354527805,0.5991497791279933,316.7826213880597,-143.09008606133418,85.73239345905392,218.51,301.7,219.09,304.16,7.583658282556627,6.6897498259017425,-0.8939084566548843,1.6583006091501942,-0.2978425703910027,-1.956143179541197,125.03813940621599,2.871298587484177,mean_revert
UPS-FDX,2023-06-14 14:51:00+00:00,2023-06-16 18:59:00+00:00,-1,180.01013353528276,0.261749278298662,634.3420631556202,-170.6611720601103,44.67043862033765,232.2,174.87,234.35,178.56,6.417770168630199,7.601915331708142,1.1841451630779432,2.9750250949150376,0.39809334800863283,-2.576931746906405,-204.48614137980903,2.3985399596167167,mean_revert
HD-LOW,2023-06-16 13:39:00+00:00,2023-06-16 19:20:00+00:00,1,30.162853354527805,0.5991497791279933,316.7826213880597,381.91006713336486,-228.82133236971265,217.28,302.71,217.63,302.34,5.748517005637353,6.320202423914708,0.5716854182773545,-1.764541013891386,-0.34290885874207055,1.4216321551493154,210.7175699965256,7.614846476944654,mean_revert
XOM-CVX,2023-06-16 18:39:00+00:00,2023-06-16 19:59:00+00:00,-1,18.07357834845976,1.3005777651819095,669.6975263358454,-137.02585516480406,178.21278048238088,158.61,105.825,157.38,105.18,2.9027796511646784,2.5116523097069887,-0.3911273414576897,1.6607575724219168,-0.016182203295353033,-1.67693977571727,51.57908097472782,2.015477466848684,mean_revert
MS-GS,2023-06-15 19:23:00+00:00,2023-06-26 13:30:00+00:00,1,125.9872737284113,2.38581920106417,383.96018183407256,143.88039446985462,-343.27260778286615,338.52,89.18,314.94,83.72,-0.2346300793140017,-10.788057241503623,-10.553427162189621,-2.9195509904109818,,,-1522.1338868126136,3.702623707895878,descreen
JPM-BAC,2023-06-16 15:06:00+00:00,2023-06-26 13:30:00+00:00,1,-2.3271752164562485,0.22424330719403418,877.8766161179292,1394.385616338456,-312.6816421115271,29.29,143.15,27.89,139.39,-0.4832542083697504,-1.0400993733201744,-0.556845164950424,-1.670489606452735,,,-780.5805939811688,4.123705446680264,descreen
LMT-NOC,2023-06-16 16:04:00+00:00,2023-06-26 13:30:00+00:00,-1,56.605561626618076,0.8533567001323717,157.44101327244695,-59.263822167287906,50.57317972190851,455.22,458.16,446.85,453.59,7.640532640734534,3.1703727603394896,-4.470159880395045,1.6889146984256185,-0.22265584830801577,-1.9115705467336341,262.4476838348,2.4710763762756542,mean_revert
LMT-NOC,2023-06-26 13:33:00+00:00,2023-06-26 13:34:00+00:00,-1,-94.61432694222503,1.188897854444904,169.6174209440766,-51.25784496954203,60.94034190775803,445.64,451.07,446.23,450.33,3.9781717377621817,5.447956150051482,1.4697844122893002,2.6564735919593288,4.904181640313999,2.24770804835467,-77.8537841603769,2.5158026166039704,adverse
KO-PEP,2023-06-26 13:30:00+00:00,2023-06-26 13:41:00+00:00,-1,0.2218081954332547,3.023490507564408,627.6051131031925,-160.20407736419793,484.3755071837665,186.035,61.17,184.78,60.54,0.8662774568518898,1.516076476617485,0.6497990197655952,1.8696796988463242,3.1969302989650314,1.3272506001187072,-107.04678256471958,2.9463301310130863,adverse
V-MA,2023-06-26 13:35:00+00:00,2023-06-26 13:43:00+00:00,1,32.44523475686901,1.5112079892701562,308.0816816017352,52.64048295420453,-79.55071839943336,378.24,229.69,379.5,229.91,-1.314597812331158,-0.3870635699706213,0.9275342423605366,-1.6549533431431762,-0.3641613583187093,1.2907919848244669,46.91252202700527,1.9133284474167174,mean_revert
LMT-NOC,2023-06-26 13:45:00+00:00,2023-06-26 13:46:00+00:00,-1,-94.61432694222503,1.188897854444904,169.6174209440766,-51.31541994030352,61.0087926669661,445.14,450.53,445.33,449.76,4.120176579162489,5.225627927084986,1.1054513479224966,1.9531972379768299,3.1995796604906284,1.2463824225137985,-59.24128066981585,2.514580527595502,adverse
KO-PEP,2023-06-26 13:56:00+00:00,2023-06-26 13:57:00+00:00,-1,0.2218081954332547,3.023490507564408,627.6051131031925,-67.27854877269046,203.41605357693865,184.71,60.51,184.67,60.48,1.536781191844426,1.5874859070713399,0.05070471522691378,2.9977829174943835,3.0858517792063402,0.08806886171195671,-4.647686282508696,1.2363466261092997,adverse
LMT-NOC,2023-06-26 13:48:00+00:00,2023-06-26 14:06:00+00:00,-1,-94.61432694222503,1.188897854444904,169.6174209440766,-51.13735707588419,60.79709410950164,446.69,451.3,446.39,450.27,4.7547252312397745,5.679290021318138,0.9245647900783638,2.5852340358252373,3.3969211512172426,0.8116871153920053,-49.789915429512114,2.5101156194894623,adverse
LMT-NOC,2023-06-26 14:07:00+00:00,2023-06-26 14:31:00+00:00,-1,-94.61432694222503,1.188897854444904,169.6174209440766,-51.359263495428344,61.06091817558524,444.76,449.83,443.92,450.41,4.5724050772738565,3.0428443216957817,-1.5295607555780748,2.183484288570619,0.36597587710165147,-1.8175084114689675,76.04202125768266,2.515092620317795,mean_revert
LMT-NOC,2023-06-26 15:16:00+00:00,2023-06-26 15:35:00+00:00,-1,-94.61432694222503,1.188897854444904,169.6174209440766,-18.39680940074762,21.871927225180688,445.69,450.67,445.91,449.47,4.5037308795401145,6.15040830487402,1.6466774253339054,1.7364007989201562,3.1897749734858682,1.453374174565712,-31.19531555887102,0.9017048204894669,adverse
LMT-NOC,2023-06-26 15:36:00+00:00,2023-06-26 15:37:00+00:00,-1,-94.61432694222503,1.188897854444904,169.6174209440766,-51.24519580981875,60.9253033489025,445.75,449.6,445.8,449.28,5.83585158379617,6.266298897218633,0.43044731342246223,2.84630058240535,3.254429971291457,0.40812938888610706,-24.569238291173974,2.5108814290306056,adverse
LMT-NOC,2023-06-26 15:38:00+00:00,2023-06-26 15:42:00+00:00,-1,-94.61432694222503,1.188897854444904,169.6174209440766,-51.27855706960605,60.9649664790852,445.46,449.34,445.455,448.95,5.854965025951913,6.313635189185391,0.458670163233478,2.8146645867093087,3.1632318243472444,0.3485672376379356,-26.030569708505936,2.510625567011333,adverse
LMT-NOC,2023-06-26 15:45:00+00:00,2023-06-26 15:46:00+00:00,-1,-94.61432694222503,1.188897854444904,169.6174209440766,-51.25899520280661,60.941709417618405,445.63,449.25,446.16,449.48,6.131965832851847,6.388519326329572,0.2565534934777247,2.887800537606206,3.0966897146479124,0.2088891770417063,-15.663763933871442,2.513089642435766,adverse
KO-PEP,2023-06-26 13:58:00+00:00,2023-06-26 16:03:00+00:00,-1,0.2218081954332547,3.023490507564408,627.6051131031925,-67.31499238288096,203.526240486411,184.61,60.5,184.565,60.84,1.4670160969200765,0.3940293243481392,-1.0729867725719373,2.8298062691087096,0.38588401462574445,-2.443922254482965,70.98777002059416,1.2403264020169835,mean_revert
LMT-NOC,2023-06-26 15:49:00+00:00,2023-06-26 19:32:00+00:00,-1,-94.61432694222503,1.188897854444904,169.6174209440766,-51.225659383357346,60.90207653339901,445.92,449.56,447.69,452.01,6.0534074979739785,4.910607754583964,-1.1427997433900146,2.691440822383248,0.3792746724753942,-2.312166149907854,56.01759224512547,2.523078153159847,mean_revert
V-MA,2023-06-26 16:05:00+00:00,2023-06-27 13:30:00+00:00,-1,32.44523475686901,1.5112079892701562,308.0816816017352,-117.69631080588637,177.8636051974789,376.19,226.73,380.21,227.37,1.108577835908477,4.161404722775558,3.0528268868670807,1.7268055796674349,3.649265278235164,1.9224596985677291,-363.5659702255348,4.259508112262841,adverse
LMT-NOC,2023-06-27 13:32:00+00:00,2023-06-27 14:05:00+00:00,1,-94.61432694222503,1.188897854444904,169.6174209440766,117.92546712235547,-140.20133484618148,447.93,455.21,448.65,453.65,1.3461346203602602,3.9208152732943518,2.5746806529340915,-2.2670147346431624,-0.3915693271673737,1.8754454074757887,297.79493886926514,5.82547981887075,mean_revert
V-MA,2023-06-27 14:32:00+00:00,2023-06-27 14:36:00+00:00,-1,32.44523475686901,1.5112079892701562,308.0816816017352,-52.38978100933646,79.17185561742316,380.05,226.67,381.03,227.18,5.0592503152647055,5.268534240736869,0.2092839254721639,2.9860456379087266,3.061034384466975,0.07498874655824839,-12.861756045118051,1.8974170208576833,adverse
V-MA,2023-06-27 14:37:00+00:00,2023-06-27 14:38:00+00:00,-1,32.44523475686901,1.5112079892701562,308.0816816017352,-52.27012567625307,78.99103152210877,380.92,227.17,380.81,227.01,5.1736463206296435,5.305439598912869,0.13179327828322585,2.979051776699344,3.0503230822003933,0.07127130550104921,-8.780688250378976,1.8918370312303923,adverse
LMT-NOC,2023-06-27 14:36:00+00:00,2023-06-27 15:32:00+00:00,1,-94.61432694222503,1.188897854444904,169.6174209440766,112.25777472246516,-133.4630275122982,448.6,455.08,449.32,454.07,2.1706913414381006,4.091478174427436,1.9207868329893358,-1.7736135356613885,-0.3698683667671478,1.4037451688942406,210.07119457555123,5.5520610120403635,mean_revert
KO-PEP,2023-06-27 13:43:00+00:00,2023-06-27 15:36:00+00:00,1,0.2218081954332547,3.023490507564408,627.6051131031925,171.1654624083794,-517.5171508146076,184.65,61.215,184.72,61.02,-0.6547796159885024,0.004801032986563314,0.6595806489750657,-1.67176598129942,-0.39496527927705166,1.2768007020223682,109.73759773949486,3.1598290379391596,mean_revert
XOM-CVX,2023-06-27 14:22:00+00:00,2023-06-27 17:02:00+00:00,-1,47.09102658738476,1.0291122565257593,430.590195534118,-370.9910847851062,381.79147241413995,154.1,104.01,153.35,103.71,-0.028992388629006882,-0.47025871167127775,-0.44126632304227087,1.8931178439207617,0.3671117967773635,-1.5260060471433983,158.88151804179003,4.824353822793324,mean_revert
LMT-NOC,2023-06-27 16:52:00+00:00,2023-06-27 18:42:00+00:00,1,-94.61432694222503,1.188897854444904,169.6174209440766,139.54922935332692,-165.9097793676102,447.26,453.9,447.12,452.71,2.2335908096831645,3.508379256472608,1.2747884467894437,-1.7802145212021394,-0.38519447184107297,1.3950200493610665,171.0205319556934,6.875213382298517,mean_revert
KO-PEP,2023-06-27 19:52:00+00:00,2023-06-28 13:30:00+00:00,-1,0.2218081954332547,3.023490507564408,627.6051131031925,-66.72225902713372,201.73411681179243,186.25,61.13,186.41,60.9,1.2022170771544722,2.057619893894298,0.8554028167398258,1.7042395197579743,3.331976828446728,1.6277373086887539,-58.31057351200854,1.2361652009543076,adverse
LMT-NOC,2023-06-28 13:32:00+00:00,2023-06-28 13:48:00+00:00,-1,-94.61432694222503,1.188897854444904,169.6174209440766,-50.74317138845457,60.32844759146368,450.16,452.56,446.7,452.13,6.7267139346392355,3.7779400120505784,-2.948773922588657,2.527819433053892,0.0306807570420448,-2.497138676011847,147.13297675628732,2.497163783437556,mean_revert
KO-PEP,2023-06-28 13:33:00+00:00,2023-06-28 14:05:00+00:00,-1,0.2218081954332547,3.023490507564408,627.6051131031925,-66.69719162625405,201.65832576318346,186.32,60.96,183.97,60.58,1.786210463440426,0.5851368563149038,-1.2010736071255224,2.7628013967786647,0.3893867063896368,-2.373414690389028,78.88389934577563,1.2243371859107808,mean_revert
V-MA,2023-06-27 14:39:00+00:00,2023-06-28 16:31:00+00:00,-1,32.44523475686901,1.5112079892701562,308.0816816017352,-52.28110564173491,79.00762453366683,380.84,227.12,380.23,227.38,5.1692067200930865,4.166292642882922,-1.0029140772101641,2.9414768907425874,0.38731585776850375,-2.5541610329740836,50.541276896977585,1.8921799232311014,mean_revert
XOM-CVX,2023-06-28 15:03:00+00:00,2023-06-28 17:42:00+00:00,1,47.09102658738476,1.0291122565257593,430.590195534118,160.42524620628396,-165.09558712704938,153.6,104.64,154.78,105.36,-1.1773331102402267,-0.7382939349387527,0.43903917530147396,-1.7672231796339193,-0.39803643840641506,1.3691867412275043,68.32171325856507,2.1112545333757273,mean_revert
LMT-NOC,2023-06-28 19:32:00+00:00,2023-06-28 19:34:00+00:00,-1,-94.61432694222503,1.188897854444904,169.6174209440766,-51.5016933064882,61.2302526723633,443.53,448.59,443.18,449.08,4.8166384167855085,3.884078468107589,-0.9325599486779197,1.9373341354925173,0.18441786403654573,-1.7529162714559716,45.51232635124396,2.516090115483718,mean_revert
LMT-NOC,2023-06-28 19:53:00+00:00,2023-06-29 13:33:00+00:00,1,-94.61432694222503,1.188897854444904,169.6174209440766,120.56313109289027,-143.33724788149695,442.97,449.89,442.51,449.98,2.7110712060072046,2.144070399107136,-0.5670008069000687,-2.119587339657641,-3.125386671637456,-1.0057993319798153,-74.25185690915474,5.892464297081543,adverse
V-MA,2023-06-29 13:31:00+00:00,2023-06-29 13:35:00+00:00,1,32.44523475686901,1.5112079892701562,308.0816816017352,134.29289358255272,-202.94449368416056,381.12,229.51,384.365,232.48,1.837419625737482,0.5941318976051093,-1.2432877281323726,-2.1684342577934457,-3.2731708736881306,-1.104736615894685,-171.90460776325,4.939901196677576,adverse
V-MA,2023-06-29 13:36:00+00:00,2023-06-29 13:40:00+00:00,1,32.44523475686901,1.5112079892701562,308.0816816017352,120.78396206032498,-182.52968844126656,384.52,232.34,385.5,233.29,0.9607010161028597,0.5050534262962856,-0.45564758980657416,-2.934915653453399,-3.302339466380498,-0.367423812927099,-59.49214961961639,4.457228419535917,adverse
LMT-NOC,2023-06-29 13:39:00+00:00,2023-06-29 13:42:00+00:00,1,-94.61432694222503,1.188897854444904,169.6174209440766,34.25127071322263,-40.721262262961964,445.0,451.5,446.18,451.53,2.826945660350816,3.9712787247175925,1.1443330643667764,-1.8507254905004653,0.315370298740918,2.1660957892413832,37.51140639789414,1.6834551758210443,mean_revert
LMT-NOC,2023-06-29 13:50:00+00:00,2023-06-29 13:53:00+00:00,1,-94.61432694222503,1.188897854444904,169.6174209440766,37.46019170632292,-44.5363415467421,444.88,451.45,444.21,451.36,2.7663905530731654,2.203391359973068,-0.5629991931000973,-1.9888905695079568,-3.0091695989660256,-1.0202790294580688,-22.927163447951436,1.8371057439201604,adverse
LMT-NOC,2023-06-29 13:54:00+00:00,2023-06-29 14:34:00+00:00,1,-94.61432694222503,1.188897854444904,169.6174209440766,51.717889657535345,-61.487288050262066,444.99,451.8,448.37,453.705,2.460276304017384,3.575425891299915,1.1151495872825308,-2.5125152534442567,-0.30439268372615863,2.208122569718098,55.118891296192004,2.5542920105296636,mean_revert
V-MA,2023-06-29 13:51:00+00:00,2023-06-29 15:12:00+00:00,1,32.44523475686901,1.5112079892701562,308.0816816017352,124.41508670934324,-188.01707302089875,384.76,232.63,385.06,233.02,0.7624506992145257,0.4730795833991692,-0.28937111581535646,-2.9368513148789828,-3.0083466198873063,-0.07149530500832357,-40.58808304753038,4.585950582181477,adverse
LMT-NOC,2023-06-29 14:58:00+00:00,2023-06-29 16:09:00+00:00,1,-94.61432694222503,1.188897854444904,169.6174209440766,6.1353110872539665,-7.294258187988272,447.19,453.46,448.8,454.27,2.686705865638885,3.333698603538494,0.646992737899609,-1.7257870913586895,-0.24101271367349364,1.4847743776851958,3.6661472040576015,0.30335451415085063,mean_revert
LMT-NOC,2023-06-29 16:19:00+00:00,2023-06-29 16:43:00+00:00,1,-94.61432694222503,1.188897854444904,169.6174209440766,90.77340900975717,-107.92031121235003,448.26,454.71,448.86,454.48,2.27058354758276,3.1440300541050874,0.8734465065223276,-1.7835953885401103,-0.38222395598673053,1.40137143255338,74.79610821429728,4.489608770395423,mean_revert
LMT-NOC,2023-06-29 16:59:00+00:00,2023-06-29 18:10:00+00:00,1,-94.61432694222503,1.188897854444904,169.6174209440766,50.904878283659905,-60.520700572222246,448.73,455.17,449.73,455.32,2.1936905345380637,3.015355856371343,0.8216653218332794,-1.7075675529767278,-0.2386156547812608,1.468951898195467,39.304286383075215,2.52248681475273,mean_revert
LMT-NOC,2023-06-29 18:30:00+00:00,2023-06-29 18:38:00+00:00,1,-94.61432694222503,1.188897854444904,169.6174209440766,64.74275053877072,-76.97251720640617,449.08,455.75,449.96,455.51,1.8541297789600435,3.019465264026792,1.1653354850667483,-1.6982135916124177,-0.14443351498314103,1.5537800766292766,72.23735463640037,3.2096699672557674,mean_revert
KO-PEP,2023-06-29 14:33:00+00:00,2023-06-30 13:30:00+00:00,-1,0.2218081954332547,3.023490507564408,627.6051131031925,-77.10210718447433,233.1174891854717,183.18,60.145,184.54,59.88,1.1103552271054298,3.2715802116099724,2.1612249845045426,1.6992790019006208,4.194625729451041,2.4953467275504204,-168.04437531064653,1.409374905612447,adverse
LMT-NOC,2023-06-29 19:58:00+00:00,2023-06-30 13:31:00+00:00,1,-94.61432694222503,1.188897854444904,169.6174209440766,94.08182297461826,-111.85367747678893,450.88,457.35,452.95,458.03,1.7518932118481416,3.0134426708256683,1.2615494589775267,-1.7949438527782555,0.18335175778107665,1.9782956105593321,113.99653779269593,4.692335080552349,mean_revert
LMT-NOC,2023-06-30 13:33:00+00:00,2023-06-30 13:34:00+00:00,1,-94.61432694222503,1.188897854444904,169.6174209440766,67.29146702973362,-80.0026807741003,452.76,458.98,454.16,459.11,1.6939897091029934,2.939432988025203,1.2454432789222096,-1.859866617779025,0.07770725012641189,1.9375738679054368,80.44314916917564,3.36455617182105,mean_revert
KO-PEP,2023-06-30 13:44:00+00:00,2023-06-30 13:45:00+00:00,-1,0.2218081954332547,3.023490507564408,627.6051131031925,-67.42821890289558,203.86857979487976,184.3,60.01,184.6,60.06,2.6385264456266384,2.7873519202483976,0.1488254746217592,2.987786883354836,3.1911085287692225,0.20332164541438624,-11.269616486720418,1.2345798055977502,adverse
LMT-NOC,2023-06-30 13:43:00+00:00,2023-06-30 14:09:00+00:00,1,-94.61432694222503,1.188897854444904,169.6174209440766,80.76903016087935,-96.0261266638652,452.17,458.41,452.41,457.66,1.7816614861365565,2.913334876970282,1.1316733908337255,-1.6930088707052466,0.2136162277039735,1.9066250984092201,87.37976053330729,4.024401703203399,mean_revert
KO-PEP,2023-06-30 14:09:00+00:00,2023-06-30 14:10:00+00:00,-1,0.2218081954332547,3.023490507564408,627.6051131031925,-67.4391965257701,203.90177053343652,184.27,59.935,184.42,59.935,2.8352882336939444,2.9852882336939217,0.14999999999997726,2.9044540452096417,3.091985326231592,0.1875312810219505,-11.348778940874183,1.2328994620102018,adverse
KO-PEP,2023-06-30 14:11:00+00:00,2023-06-30 14:13:00+00:00,-1,0.2218081954332547,3.023490507564408,627.6051131031925,-67.39165262366407,203.75802199672637,184.4,59.965,184.61,60.01,2.8745835184670057,2.9485264456266407,0.07394292715963502,2.932975655454647,3.008071614217874,0.07509595876322717,-6.216570655662315,1.2334345945439087,adverse
KO-PEP,2023-06-30 14:19:00+00:00,2023-06-30 14:20:00+00:00,-1,0.2218081954332547,3.023490507564408,627.6051131031925,-67.18034784194863,203.11914399500677,184.98,60.14,185.09,60.135,2.925472679643235,3.050590132181071,0.12511745253783602,2.9055538590118863,3.05549960628717,0.14994574727528365,-9.63788299790112,1.2324490153103,adverse
LMT-NOC,2023-06-30 14:30:00+00:00,2023-06-30 14:54:00+00:00,-1,-94.61432694222503,1.188897854444904,169.6174209440766,-50.38056028281145,59.897340025966685,453.4,457.75,453.46,458.56,3.796334070070202,2.8933268079697996,-0.9030072621004024,1.7058960828157463,0.2782404023389295,-1.4276556804768168,42.9784071486568,2.5156046554075484,mean_revert
LMT-NOC,2023-06-30 15:09:00+00:00,2023-06-30 15:35:00+00:00,-1,-94.61432694222503,1.188897854444904,169.6174209440766,-50.373894130081396,59.88941465128852,453.46,457.95,454.385,457.93,3.6185544991812435,4.567332456270151,0.9487779570889074,1.6990790410449623,3.0832437743941856,1.3841647333492233,-50.30935544012862,2.515715076778079,adverse
LMT-NOC,2023-06-30 15:36:00+00:00,2023-06-30 15:41:00+00:00,-1,-94.61432694222503,1.188897854444904,169.6174209440766,-50.257521357564656,59.75105931172756,454.51,458.08,454.57,457.92,4.51399777810343,4.764221434814601,0.25022365671117086,2.9698840743057136,3.3093894194336273,0.33950534512791375,-15.085959099505223,2.510338328176722,adverse
V-MA,2023-06-29 15:16:00+00:00,2023-06-30 17:16:00+00:00,1,32.44523475686901,1.5112079892701562,308.0816816017352,51.62100094008017,-78.0100690347714,385.71,233.4,392.22,237.34,0.5488205474765095,1.104661069752126,0.5558405222756164,-2.9006351877206975,-0.3751327738205396,2.525502413900158,26.7549591842537,1.9380849386715446,mean_revert
LMT-NOC,2023-06-30 15:56:00+00:00,2023-06-30 17:59:00+00:00,-1,-94.61432694222503,1.188897854444904,169.6174209440766,-50.31342393195386,59.81752176247683,454.005,457.33,457.74,461.7,4.900671168937038,3.4401875450129182,-1.4604836239241195,2.9364947185542927,0.19176959102520738,-2.7447251275290854,70.94952089275826,2.5324108234174054,mean_revert
KO-PEP,2023-06-30 14:21:00+00:00,2023-07-03 13:30:00+00:00,-1,0.2218081954332547,3.023490507564408,627.6051131031925,-67.18397980106859,203.1301251889298,184.97,60.13,184.12,60.27,2.945707584718889,1.6724189136598682,-1.2732886710590208,2.9080607069862077,,,84.31397200705273,1.2306283503054776,descreen
XOM-CVX,2023-06-30 13:30:00+00:00,2023-07-03 13:30:00+00:00,-1,47.09102658738476,1.0291122565257593,430.590195534118,-388.1100198378151,399.40877829555114,157.42,107.26,157.08,107.27,-0.05360722233771753,-0.40389834490295584,-0.3502911225652383,1.9197724347436165,0.3892896486558137,-1.5304827860878027,130.76104944960494,5.190445078194388,mean_revert
UNP-CSX,2023-07-03 13:30:00+00:00,2023-07-03 13:36:00+00:00,-1,-12.046450096140546,0.22235870442750083,371.3658364468381,-1215.5876140596895,270.29648698042945,33.65,202.46,33.78,203.78,0.6777067977487263,0.5141933079044279,-0.16351348984429848,2.457030169477181,0.19837795795303276,-2.258652211524148,193.9577946004119,4.807178385990412,mean_revert
XOM-CVX,2023-07-03 13:41:00+00:00,2023-07-03 13:57:00+00:00,1,33.818738871466834,1.154422795683356,474.4725718037703,147.48393681212946,-170.2588186530459,157.36,108.12,157.13,107.49,-1.274931540751254,-0.7776451794707668,0.4972863612804872,-2.0796759152691537,-0.31318786768461776,1.766488047584536,71.2679867142128,2.0737635704152906,mean_revert
UNP-CSX,2023-07-03 13:47:00+00:00,2023-07-03 14:29:00+00:00,-1,-12.046450096140546,0.22235870442750083,371.3658364468381,-1206.4451618672333,268.26358315562453,33.905,203.735,34.135,205.3,0.6491994496036639,0.5312080771746182,-0.11799137242904578,2.032350113172106,0.3779048985547934,-1.6544452146173125,137.53729444798248,4.812825961109386,mean_revert
LMT-NOC,2023-07-03 13:44:00+00:00,2023-07-03 16:13:00+00:00,1,-98.9091238342682,1.1995031392934004,199.39151265504185,69.95127382303373,-83.90677254830122,453.65,459.77,458.12,462.62,1.0635654813415272,2.1149815343553087,1.0514160530137815,-1.7848762728159004,-0.2959598229027072,1.4889164499131933,70.00474079229714,3.543151434005166,mean_revert
PSA-EXR,2023-07-03 13:30:00+00:00,2023-07-03 16:19:00+00:00,1,-63.383480390473274,0.7324071604168629,264.04989773171604,190.5413277231108,-139.55383277974246,148.01,289.84,150.11,292.13,-0.8874109847502893,-0.4646233821048895,0.42278760264539983,-1.6690153279988464,-0.32587467350065474,1.3431406544981916,77.09001015920082,3.468500993723117,mean_revert
UNP-CSX,2023-07-03 15:03:00+00:00,2023-07-03 16:46:00+00:00,1,-12.046450096140546,0.22235870442750083,371.3658364468381,3290.1758557337994,-731.5992406196115,34.205,206.33,34.3,206.36,0.3721786116142951,0.4605078504814699,0.08832923886717481,-1.7021628721485929,-0.3222151479922764,1.3799477241563165,277.4274365188214,13.191292557296617,mean_revert
XOM-CVX,2023-07-03 15:21:00+00:00,2023-07-03 16:51:00+00:00,1,33.818738871466834,1.154422795683356,474.4725718037703,147.40899578732657,-170.1723050256816,157.44,108.12,157.21,107.58,-1.19493154075127,-0.8015432310822632,0.39338830966900673,-1.668055606201103,-0.3792537321137905,1.2888018740873124,55.914910442666105,2.0740652401194217,mean_revert
HD-LOW,2023-07-03 16:11:00+00:00,2023-07-03 19:37:00+00:00,1,-51.83300142101871,0.8848073712677511,325.3110643986841,406.9611920081885,-360.0822625087558,225.32,311.11,224.61,311.0,1.8805801459086524,1.2679089567481014,-0.612671189160551,-1.680215544611981,-3.470935429203289,-1.7907198845913077,-259.50305429869655,10.169656848859116,adverse
PSA-EXR,2023-07-03 17:23:00+00:00,2023-07-03 19:51:00+00:00,1,-63.383480390473274,0.7324071604168629,264.04989773171604,191.86050300494057,-140.5200062019995,150.43,295.0,150.43,293.0,-2.2466319325012876,-0.7818176116675772,1.4648143208337103,-2.863343654065687,-0.15620294707778515,2.707140706987902,277.5383155397881,3.5016968642109534,mean_revert
UNP-CSX,2023-07-03 19:45:00+00:00,2023-07-05 13:30:00+00:00,1,-12.046450096140546,0.22235870442750083,371.3658364468381,3143.277226967274,-698.9350518449105,34.08,206.14,34.07,205.15,0.2894267654555236,0.4995618828387478,0.2101351173832242,-2.1531208700469344,0.07475642084168119,2.2278772908886157,647.9890300063435,12.52389905043792,mean_revert
LMT-NOC,2023-07-05 13:30:00+00:00,2023-07-05 13:34:00+00:00,-1,-98.9091238342682,1.1995031392934004,199.39151265504185,-49.61890851117184,59.51803652746264,458.14,460.83,457.24,461.61,4.282092153690485,2.446479705041668,-1.835612448648817,1.8031750570396916,0.09401403571461475,-1.7091610213250767,88.57299262302163,2.508093528454512,mean_revert
XOM-CVX,2023-07-05 13:34:00+00:00,2023-07-05 13:52:00+00:00,1,33.818738871466834,1.154422795683356,474.4725718037703,147.89747831223997,-170.73622038773456,156.92,107.72,156.49,106.91,-1.253162422477942,-0.7480799579743973,0.5050824645035448,-2.257373597846808,-0.32041612630391386,1.936957471542894,72.63052855466863,2.0698942851367566,mean_revert
LMT-NOC,2023-07-05 13:47:00+00:00,2023-07-05 13:59:00+00:00,-1,-98.9091238342682,1.1995031392934004,199.39151265504185,-49.69809742967636,59.613023883806065,457.41,460.05,457.23,461.38,4.487704602339363,2.7123654270791917,-1.7753391752601715,2.0516838544530924,0.3845157847004204,-1.667168069752672,85.71959340043914,2.511385902364068,mean_revert
HD-LOW,2023-07-05 13:31:00+00:00,2023-07-05 14:04:00+00:00,1,-51.83300142101871,0.8848073712677511,325.3110643986841,268.70946451538043,-237.7561149326188,224.59,310.77,226.13,311.48,1.4514146521397322,2.3632014185395747,0.9117867663998425,-2.7773548106377857,-0.3360149244116852,2.4413398862261007,238.26475645701197,6.740977294503754,mean_revert
UNP-CSX,2023-07-05 14:47:00+00:00,2023-07-05 15:07:00+00:00,-1,-12.046450096140546,0.22235870442750083,371.3658364468381,-1203.7823193969557,267.6714769538391,33.98,204.02,33.96,204.54,0.660827218841824,0.5252006925395278,-0.1356265263022962,1.792560888813446,0.3749784353144949,-1.4175824534989512,158.48331583078283,4.781498573142943,mean_revert
XOM-CVX,2023-07-05 14:49:00+00:00,2023-07-05 15:28:00+00:00,1,33.818738871466834,1.154422795683356,474.4725718037703,149.0484099502656,-172.06488210694454,155.38,106.29,156.09,106.62,-1.1423378246507525,-0.8132973472262393,0.32904047742451326,-1.7692142693244866,-0.3987655395043555,1.370448729820131,46.962433767429395,2.0805262019689694,mean_revert
LMT-NOC,2023-07-05 15:20:00+00:00,2023-07-05 16:02:00+00:00,-1,-98.9091238342682,1.1995031392934004,199.39151265504185,-49.83428346481117,59.776379460478196,456.16,459.77,456.45,460.99,3.573565481341575,2.400171651403525,-1.1733938299380497,1.727867412122591,0.36594141527683344,-1.3619259968457575,55.96008214424166,2.515158592749945,mean_revert
PSA-EXR,2023-07-05 16:11:00+00:00,2023-07-05 16:49:00+00:00,-1,-63.383480390473274,0.7324071604168629,264.04989773171604,-479.42655753787926,351.1354436347499,150.46,291.67,150.85,293.37,0.22228391168684425,-0.6328082610218075,-0.8550921727086518,1.6840172204694748,0.28465956554525707,-1.3993576549242177,401.1871916741187,8.766705065185784,mean_revert
HD-LOW,2023-07-05 15:10:00+00:00,2023-07-05 17:09:00+00:00,1,-51.83300142101871,0.8848073712677511,325.3110643986841,117.8808648875404,-104.30185818391357,225.04,310.86,225.22,310.65,1.8217819887255757,2.1875915366918264,0.36580954796625065,-1.6910725802967994,-0.32190815029329595,1.3691644300035035,40.17442086664349,2.9475250317402297,mean_revert
XOM-CVX,2023-07-05 16:25:00+00:00,2023-07-05 19:56:00+00:00,1,33.818738871466834,1.154422795683356,474.4725718037703,132.3703005448471,-152.81129242042846,155.56,106.49,156.39,106.925,-1.1932223837874005,-0.865396299909662,0.3278260838777385,-1.8213890385336355,-0.3563589890659829,1.4650300494676527,41.54240031212111,1.8520369372131475,mean_revert
XOM-CVX,2023-07-06 13:30:00+00:00,2023-07-06 13:33:00+00:00,-1,33.818738871466834,1.154422795683356,474.4725718037703,-356.802945348954,411.90145367779513,155.16,105.19,155.44,105.22,-0.09247274939903605,0.15289456673045265,0.2453673161294887,2.2996336189772975,3.1199061394670506,0.8202725204897532,-92.48786712642416,4.940086039050951,adverse
LMT-NOC,2023-07-06 13:30:00+00:00,2023-07-06 13:33:00+00:00,-1,-98.9091238342682,1.1995031392934004,199.39151265504185,-49.571299981046415,59.460929946120054,458.58,461.8,458.4,461.23,3.55857410857584,4.062290897973128,0.5037167893972878,2.1947914340147654,3.206458656814827,1.0116672228000616,-27.47732850421737,2.5074324315180316,adverse
V-MA,2023-07-05 16:01:00+00:00,2023-07-06 13:36:00+00:00,1,14.753551388930418,1.5918484598049556,324.2585846587918,49.05469997386757,-78.08764859959528,393.26,239.02,392.29,237.73,-1.9771702515109268,-0.8936857383624783,1.0834845131484485,-1.728299630516931,-0.36504583900945675,1.363253791507474,51.25963547111291,1.8903722477165146,mean_revert
LMT-NOC,2023-07-06 13:34:00+00:00,2023-07-06 13:36:00+00:00,-1,-98.9091238342682,1.1995031392934004,199.39151265504185,-46.47937877569353,55.752160753851435,459.05,462.01,459.89,462.53,3.776678449324322,3.9929368168916994,0.21625836756737726,2.5945898890621093,3.006255834221911,0.4116659451598017,-12.409677000511305,2.35812242093163,adverse
HD-LOW,2023-07-06 13:32:00+00:00,2023-07-06 13:40:00+00:00,-1,-51.83300142101871,0.8848073712677511,325.3110643986841,-119.18906337014015,105.45936184439911,222.57,306.2,223.38,306.84,3.4749843388333375,3.718707621221995,0.24372328238865748,2.7895384586209575,3.258749890259224,0.4692114316382665,-31.99832992759767,2.9491801781978664,adverse
LMT-NOC,2023-07-06 13:37:00+00:00,2023-07-06 13:43:00+00:00,-1,-98.9091238342682,1.1995031392934004,199.39151265504185,-49.515153006552524,59.3935814739528,459.1,462.3,457.62,461.98,3.4788225389292506,2.3826635435030425,-1.096158995426208,1.9448141723731347,-0.29908425714713593,-2.2438984295202706,51.77159182362438,2.504888554409764,mean_revert
HD-LOW,2023-07-06 13:42:00+00:00,2023-07-06 13:45:00+00:00,-1,-51.83300142101871,0.8848073712677511,325.3110643986841,-118.93257042946465,105.23241499981128,223.05,306.69,222.39,305.68,3.52142872691212,3.75508417189252,0.2336554449803998,2.794204168722799,3.2671787035335735,0.47297453481077456,-30.72008561410635,2.9308429477475477,adverse
HD-LOW,2023-07-06 13:49:00+00:00,2023-07-06 13:50:00+00:00,-1,-51.83300142101871,0.8848073712677511,325.3110643986841,-118.94856889199215,105.24657055738457,223.02,306.53,223.27,306.76,3.632997906315012,3.679492210923371,0.046494304608359016,2.939342425608724,3.0251521473813026,0.0858097217725784,-8.472585242832592,2.942154248034919,adverse
HD-LOW,2023-07-06 13:54:00+00:00,2023-07-06 13:55:00+00:00,-1,-51.83300142101871,0.8848073712677511,325.3110643986841,-119.13553614897424,105.41200056454804,222.67,306.09,222.6,305.7,3.6723131496727603,3.9473880244671875,0.27507487479442716,2.9333033269607816,3.4830918564177087,0.5497885294569271,-35.70839363571211,2.9372009459672004,adverse
UNP-CSX,2023-07-06 13:30:00+00:00,2023-07-06 13:58:00+00:00,-1,-12.046450096140546,0.22235870442750083,371.3658364468381,-1217.940247524447,270.8196155096457,33.585,202.125,33.56,202.66,0.6871969637319424,0.5432350568632316,-0.1439619068687108,2.0950857294439946,0.3644968045092972,-1.7305889249346973,170.5490815864637,4.787918899305263,mean_revert
HD-LOW,2023-07-06 13:59:00+00:00,2023-07-06 14:00:00+00:00,-1,-51.83300142101871,0.8848073712677511,325.3110643986841,-119.15158926649342,105.42620448126083,222.64,306.02,222.67,305.76,3.704249665661507,3.964299582191103,0.26004991652959575,2.903882606888692,3.4085624560220387,0.5046798491333466,-33.923690876329815,2.93833003320802,adverse
HD-LOW,2023-07-06 14:01:00+00:00,2023-07-06 14:03:00+00:00,-1,-51.83300142101871,0.8848073712677511,325.3110643986841,-119.20513091710296,105.47357852839,222.54,305.86,222.72,306.005,3.745818845064349,3.797521776230525,0.05170293116617586,2.9542730602193674,3.0297592963053197,0.07548623608595229,-9.104495136236572,2.9412404577718574,adverse
XOM-CVX,2023-07-06 13:35:00+00:00,2023-07-06 14:19:00+00:00,-1,33.818738871466834,1.154422795683356,474.4725718037703,-280.0729854059143,323.32263880767937,155.63,105.69,153.85,104.56,-0.19968414724073114,-0.6751863881185329,-0.4755022408778018,1.8987129653411394,0.19723073539365218,-1.7014822299474872,129.33053997393003,3.844792195921544,mean_revert
LMT-NOC,2023-07-06 13:55:00+00:00,2023-07-06 14:26:00+00:00,-1,-98.9091238342682,1.1995031392934004,199.39151265504185,-49.59725693875347,59.49206539837617,458.34,461.67,457.63,460.43,3.4745095166840656,4.251893409407842,0.7773838927237762,1.8712852671208682,3.168613512367294,1.2973282452464259,-41.06056488568584,2.5044562182128045,adverse
LMT-NOC,2023-07-06 14:27:00+00:00,2023-07-06 14:38:00+00:00,-1,-98.9091238342682,1.1995031392934004,199.39151265504185,-47.04851805266812,56.43484510327763,457.37,460.44,456.33,460.54,3.9798983780149797,2.8199480640855654,-1.1599503139294143,2.6226369999362844,0.35024196979075534,-2.272395030145529,52.200935594762974,2.373007690341876,mean_revert
PSA-EXR,2023-07-06 14:35:00+00:00,2023-07-06 15:01:00+00:00,1,-63.383480390473274,0.7324071604168629,264.04989773171604,177.47835607371388,-129.9864188074017,146.67,289.45,146.18,287.645,-1.9417721921877273,-1.109777267635252,0.8319949245524754,-1.8003651749514116,-0.32932208468983626,1.4710430902615754,144.49440499480903,3.166686476435528,mean_revert
LMT-NOC,2023-07-06 14:51:00+00:00,2023-07-06 15:05:00+00:00,1,-98.9091238342682,1.1995031392934004,199.39151265504185,13.41910107718431,-16.09625386857803,455.93,461.11,457.11,461.52,1.7362312746884072,2.4244349875780813,0.6882037128896741,-1.6910448098247541,-0.3718027236890681,1.3192420861356862,8.556937766020205,0.6781374189408926,mean_revert
HD-LOW,2023-07-06 14:04:00+00:00,2023-07-06 15:21:00+00:00,-1,-51.83300142101871,0.8848073712677511,325.3110643986841,-119.1944187378329,105.46410031320951,222.56,305.88,221.93,304.5,3.748122697639019,4.339156869988528,0.5910341723495094,2.9172730535360176,3.0347663250522845,0.11749327151626687,-73.37630642218745,2.9283317947929772,adverse
HD-LOW,2023-07-06 15:22:00+00:00,2023-07-06 15:25:00+00:00,-1,-51.83300142101871,0.8848073712677511,325.3110643986841,-119.56510494565327,105.79208620231626,221.87,304.61,221.81,304.31,4.181828059149041,4.3872702705293705,0.2054422113803298,2.77973355253277,3.048112717366283,0.268379164833513,-27.499435847967725,2.935716284011111,adverse
LMT-NOC,2023-07-06 15:15:00+00:00,2023-07-06 15:37:00+00:00,1,-98.9091238342682,1.1995031392934004,199.39151265504185,40.07780629821594,-48.073454470702835,456.03,461.24,454.39,459.19,1.6802958665801384,2.499277302131702,0.8189814355515637,-1.706380688598989,-0.17221951824743406,1.534161170351555,30.80868913775535,2.014290198112419,mean_revert
HD-LOW,2023-07-06 15:26:00+00:00,2023-07-06 15:44:00+00:00,-1,-51.83300142101871,0.8848073712677511,325.3110643986841,-119.54355294620383,105.77301683433784,221.91,304.46,221.85,304.1,4.354549164839199,4.6130798184955495,0.25853065365635075,2.9825664160088694,3.0987043913057066,0.11613797529683723,-33.839988465606424,2.934315582021873,adverse
HD-LOW,2023-07-06 15:47:00+00:00,2023-07-06 15:49:00+00:00,-1,-51.83300142101871,0.8848073712677511,325.3110643986841,-119.51123951115957,105.74442566881969,221.97,304.28,222.03,304.29,4.573814491667434,4.62496641795471,0.05115192628727527,2.9942522993501974,3.0319885442053733,0.037736244855175904,-9.048832703747996,2.9356025897713955,adverse
LMT-NOC,2023-07-06 15:40:00+00:00,2023-07-06 15:49:00+00:00,1,-98.9091238342682,1.1995031392934004,199.39151265504185,83.08205011866282,-99.65717993626768,454.04,459.72,455.49,460.23,1.5135406383061536,2.3517940372665294,0.8382533989603758,-1.8866513227817494,-0.39973164731569644,1.486919675466053,65.45839755803362,4.18541334653091,mean_revert
HD-LOW,2023-07-06 15:55:00+00:00,2023-07-06 15:56:00+00:00,-1,-51.83300142101871,0.8848073712677511,325.3110643986841,-119.48432499005536,105.72061150215254,222.02,304.22,222.03,304.09,4.676902933943467,4.801927892208283,0.12502495826481663,2.9985089839496872,3.146965033810254,0.1484560498605667,-17.872407016646402,2.9338842714615776,adverse
LMT-NOC,2023-07-06 15:52:00+00:00,2023-07-06 16:18:00+00:00,1,-98.9091238342682,1.1995031392934004,199.39151265504185,105.45226110949326,-126.49031824642452,455.09,460.61,457.71,461.85,1.4959828443350034,2.6285989516112522,1.1326161072762488,-1.8542358215999077,0.11841127699026545,1.9726470985901732,114.1026240855784,5.334305395726866,mean_revert
HD-LOW,2023-07-06 16:23:00+00:00,2023-07-06 16:33:00+00:00,-1,-51.83300142101871,0.8848073712677511,325.3110643986841,-119.26944444875502,105.530483615268,222.42,304.23,222.455,304.09,5.068054860230774,5.226927892208295,0.1588730319775209,2.972858974922963,3.006769622683876,0.033910647760913015,-21.87984071322222,2.9311424513707323,adverse
HD-LOW,2023-07-06 16:36:00+00:00,2023-07-06 16:45:00+00:00,-1,-51.83300142101871,0.8848073712677511,325.3110643986841,-119.20513091710296,105.47357852839,222.54,304.31,222.57,304.01,5.11727027052936,5.4127124819096935,0.2954422113803332,2.842515073910054,3.0251930878836375,0.1826780139735833,-38.1480529158632,2.9298254298317725,adverse
HD-LOW,2023-07-06 16:46:00+00:00,2023-07-06 16:50:00+00:00,-1,-51.83300142101871,0.8848073712677511,325.3110643986841,-119.20780926277706,105.47594834838524,222.535,304.06,222.71,304.08,5.333472113346289,5.49077596592096,0.15730385257467105,2.927275198074856,3.0272710620861054,0.09999586401124949,-21.68294253275606,2.9310948787345037,adverse
HD-LOW,2023-07-06 16:54:00+00:00,2023-07-06 16:59:00+00:00,-1,-51.83300142101871,0.8848073712677511,325.3110643986841,-119.22656105299816,105.49254007059734,222.5,303.82,222.52,303.66,5.510825882450547,5.672395061853393,0.16156917940284643,2.978544060549339,3.0575063148918407,0.07896225434250148,-22.191545586520938,2.9282079541675374,adverse
HD-LOW,2023-07-06 17:03:00+00:00,2023-07-06 17:04:00+00:00,-1,-51.83300142101871,0.8848073712677511,325.3110643986841,-119.23191979096629,105.49728152145222,222.49,303.64,222.55,303.66,5.660091209278789,5.7023950618533945,0.042303852574605116,2.976305809981253,3.000106737961599,0.023800927980345943,-7.972487969839313,2.928518412814187,adverse
HD-LOW,2023-07-06 17:05:00+00:00,2023-07-06 17:11:00+00:00,-1,-51.83300142101871,0.8848073712677511,325.3110643986841,-119.18906337014015,105.45936184439911,222.57,303.71,222.56,303.5,5.6781546932900255,5.853964241256222,0.17580954796619608,2.9602591691460804,3.029454747270836,0.06919557812475574,-23.88125706679301,2.926681713171676,adverse
UNP-CSX,2023-07-06 14:14:00+00:00,2023-07-06 17:21:00+00:00,-1,-12.046450096140546,0.22235870442750083,371.3658364468381,-1219.5743355130755,271.1829691977177,33.54,201.94,33.505,202.24,0.6833333240510271,0.5816257127227757,-0.10170761132825135,1.9169032297316013,0.38017744675621296,-1.5367257829753884,119.25469841217627,4.785294090095601,mean_revert
LMT-NOC,2023-07-06 17:21:00+00:00,2023-07-06 17:28:00+00:00,-1,-98.9091238342682,1.1995031392934004,199.39151265504185,-49.46881976216627,59.33800460185784,459.53,462.43,460.47,462.45,3.7528871308210796,4.668897068035278,0.9160099372141985,1.964466572835162,3.376573403361602,1.41210683052644,-47.82491886760361,2.5109883832006927,adverse
LMT-NOC,2023-07-06 17:29:00+00:00,2023-07-06 17:49:00+00:00,-1,-98.9091238342682,1.1995031392934004,199.39151265504185,-49.40538717140803,59.26191701010982,460.12,462.4,457.92,461.9,4.378872224999952,2.7786237946465917,-1.6002484303533606,2.877119983298887,0.21279040286975773,-2.6643295804291296,76.56105355401715,2.4998397180250445,mean_revert
XOM-CVX,2023-07-06 19:28:00+00:00,2023-07-06 19:39:00+00:00,-1,33.818738871466834,1.154422795683356,474.4725718037703,-383.00734171367674,442.15240618835315,152.78,103.25,153.1,103.2,-0.2328925257733374,0.1448286140108337,0.3777211397841711,1.942283125715357,3.2236785554193714,1.2813954297040144,-149.88339727454044,5.2134276167500975,adverse
XOM-CVX,2023-07-06 19:41:00+00:00,2023-07-06 19:44:00+00:00,-1,33.818738871466834,1.154422795683356,474.4725718037703,-382.01251568909413,441.0039563478359,152.98,103.15,152.99,103.1,0.08254975379497864,0.1502708935792043,0.06772113978422567,2.9772857435998743,3.176773136790823,0.19948739319094866,-31.065903108031954,5.1955801337368195,adverse
LMT-NOC,2023-07-06 19:07:00+00:00,2023-07-07 13:30:00+00:00,1,-98.9091238342682,1.1995031392934004,199.39151265504185,113.98722426519517,-136.72803334544247,456.38,461.64,454.315,459.3,1.550494610862927,2.2923319568094485,0.7418373459465215,-1.9023394199935826,-0.3250011986918458,1.5773382213017368,78.830715345324,5.729264575380194,mean_revert
PSA-EXR,2023-07-07 13:30:00+00:00,2023-07-07 13:33:00+00:00,-1,-63.383480390473274,0.7324071604168629,264.04989773171604,-446.447187148418,326.9811166154686,147.78,287.95,147.95,287.61,0.26683854843759036,0.6858569829792884,0.41901843454169807,2.4453652481272035,3.2694167531126284,0.8240515049854249,-195.07434647889576,8.004745014419168,adverse
LMT-NOC,2023-07-07 13:36:00+00:00,2023-07-07 13:37:00+00:00,1,-98.9091238342682,1.1995031392934004,199.39151265504185,58.53315803150657,-70.21070681154883,453.7,460.22,452.0,459.15,0.5737890686594938,0.15725742770342777,-0.416531640956066,-2.654307339301328,-3.195066736492068,-0.5407593971907398,-27.315624038337916,2.934711673138181,adverse
PSA-EXR,2023-07-07 13:35:00+00:00,2023-07-07 13:37:00+00:00,-1,-63.383480390473274,0.7324071604168629,264.04989773171604,-445.1022603223785,325.9960825778406,147.95,288.0,147.72,287.42,0.400218190416723,0.5950143434585016,0.19479615304177855,2.643484976768918,3.002480315307354,0.3589953385384357,-94.67662301846708,7.972414997467236,adverse
LMT-NOC,2023-07-07 13:42:00+00:00,2023-07-07 13:43:00+00:00,1,-98.9091238342682,1.1995031392934004,199.39151265504185,91.0096462106556,-109.16635633566311,452.65,459.56,452.19,459.56,0.3154611405930723,-0.14453885940690725,-0.45999999999997954,-2.7925409864376283,-3.351475113191535,-0.5589341267539067,-46.4305443887804,4.566107131880685,adverse
PSA-EXR,2023-07-07 13:43:00+00:00,2023-07-07 13:48:00+00:00,-1,-63.383480390473274,0.7324071604168629,264.04989773171604,-444.1386698574231,325.29034202159784,148.02,288.11,148.03,287.69,0.38965340277087535,0.7072644101459673,0.31761100737509196,2.466453058605795,3.0335472982850096,0.5670942396792147,-149.02976163740584,7.966431289759392,adverse
LMT-NOC,2023-07-07 13:45:00+00:00,2023-07-07 13:49:00+00:00,1,-98.9091238342682,1.1995031392934004,199.39151265504185,65.68704410126927,-78.79181561037652,452.27,459.14,452.61,459.78,0.43925245909639443,0.011570449948578698,-0.42768200914781573,-2.5578452423904756,-3.0014275802907884,-0.44358233790031276,-31.391042696806974,3.2978757006007196,adverse
UNP-CSX,2023-07-07 14:11:00+00:00,2023-07-07 14:17:00+00:00,-1,-12.046450096140546,0.22235870442750083,371.3658364468381,-1051.0613337548773,233.71263644757556,33.53,201.65,33.455,202.19,0.7378173483350068,0.5427436479441496,-0.19507370039085714,1.8469109217662674,0.024077149853496398,-1.822833771912771,200.91354296910248,4.120880744205236,mean_revert
LMT-NOC,2023-07-07 13:50:00+00:00,2023-07-07 14:22:00+00:00,1,-98.9091238342682,1.1995031392934004,199.39151265504185,62.88117504211347,-75.42616686547292,453.43,459.97,452.09,460.0,0.6036648534827691,-0.7723202406959899,-1.375985094178759,-2.254589946102319,-3.3701978973723277,-1.1156079512700088,-89.6797589215415,3.1561993591453312,adverse
LMT-NOC,2023-07-07 14:34:00+00:00,2023-07-07 14:35:00+00:00,1,-98.9091238342682,1.1995031392934004,199.39151265504185,41.26934515760422,-49.502709073129154,451.84,459.78,451.79,460.14,-0.75842955005146,-1.2402506801970503,-0.48182113014559036,-2.90696760518871,-3.336546612788792,-0.42957900760008183,-21.955605224288686,2.071162700083183,adverse
V-MA,2023-07-07 14:07:00+00:00,2023-07-07 14:38:00+00:00,1,14.753551388930418,1.5918484598049556,324.2585846587918,42.71473868682662,-67.9953909895961,391.41,238.42,391.0,237.415,-2.8720611756278913,-1.6822534735239287,1.1898077021039626,-1.970715861598486,-0.31887919236416934,1.6518366692343167,49.18009565402658,1.6422294289172084,mean_revert
LMT-NOC,2023-07-07 14:40:00+00:00,2023-07-07 14:41:00+00:00,1,-98.9091238342682,1.1995031392934004,199.39151265504185,28.45224522624872,-34.128557468831005,451.54,459.69,451.55,460.02,-0.9504742675150055,-1.3363103034818096,-0.38583603596680405,-2.9094318046143837,-3.231908818835455,-0.32247701422107156,-12.405273029387672,1.4273715169362124,adverse
LMT-NOC,2023-07-07 14:46:00+00:00,2023-07-07 14:47:00+00:00,1,-98.9091238342682,1.1995031392934004,199.39151265504185,24.964181111518144,-29.944613613155024,450.95,459.42,450.91,459.55,-1.2166084199058105,-1.412543828013895,-0.19593540810808463,-2.9708866127783167,-3.111474703243892,-0.1405880904655752,-6.142249318715836,1.250882304546002,adverse
XOM-CVX,2023-07-07 15:30:00+00:00,2023-07-07 15:31:00+00:00,-1,33.818738871466834,1.154422795683356,474.4725718037703,-125.2713376560403,144.6160878358797,154.56,103.16,154.63,103.16,1.6510055258381726,1.7210055258381658,0.06999999999999318,2.978707232940918,3.059362550958509,0.08065531801759107,-10.483458764067109,1.714465128145143,adverse
XOM-CVX,2023-07-07 15:39:00+00:00,2023-07-07 15:40:00+00:00,-1,33.818738871466834,1.154422795683356,474.4725718037703,-125.415309321571,144.78229200850083,154.36,102.94,154.44,102.945,1.7049785408885327,1.7792064269100933,0.07422788602156061,2.922445901302336,3.0060775725008453,0.08363167119850923,-11.023000956803765,1.7136876711219267,adverse
XOM-CVX,2023-07-07 15:41:00+00:00,2023-07-07 15:42:00+00:00,-1,33.818738871466834,1.154422795683356,474.4725718037703,-125.36367442874948,144.722683511175,154.4,102.99,154.49,102.96,1.6872574011043469,1.8118900849748343,0.12463268387048743,2.8732323190953366,3.0218148976793993,0.14858257858406265,-17.3378152817637,1.7134040778404045,adverse
XOM-CVX,2023-07-07 15:43:00+00:00,2023-07-07 15:55:00+00:00,-1,33.818738871466834,1.154422795683356,474.4725718037703,-125.31069087341015,144.66151808709495,154.43,102.93,154.39,102.77,1.7865227688453444,1.9312304161546763,0.14470764730933183,2.9753087391474393,3.0026524714618597,0.027343732314420333,-19.84409434788561,1.710679088887827,adverse
XOM-CVX,2023-07-07 15:56:00+00:00,2023-07-07 15:58:00+00:00,-1,33.818738871466834,1.154422795683356,474.4725718037703,-150.25296061606042,173.45544285409363,154.46,102.86,154.49,102.79,1.897332364543189,2.008141960241005,0.11080959569781612,2.94723848091114,3.0563057886965765,0.10906730778543672,-18.701573061094727,2.0521032428273727,adverse
XOM-CVX,2023-07-07 15:59:00+00:00,2023-07-07 16:00:00+00:00,-1,33.818738871466834,1.154422795683356,474.4725718037703,-150.26268887508382,173.46667337807258,154.45,102.79,154.42,102.74,1.9681419602409846,1.9958631000251614,0.027721139784176785,2.9932228872932596,3.013179671277077,0.019956783983817505,-6.216729524600597,2.0512765219476807,adverse
XOM-CVX,2023-07-07 16:01:00+00:00,2023-07-07 16:02:00+00:00,-1,33.818738871466834,1.154422795683356,474.4725718037703,-150.23350787646748,173.43298616806908,154.48,102.805,154.47,102.735,1.9808256183057438,2.0516352140035963,0.0708095956978525,2.981137366931228,3.0530663100447555,0.07192894311352749,-12.689184342785534,2.0512103897827254,adverse
XOM-CVX,2023-07-07 16:06:00+00:00,2023-07-07 16:11:00+00:00,-1,33.818738871466834,1.154422795683356,474.4725718037703,-150.3405603210254,173.55656995040036,154.37,102.66,154.53,102.71,2.0382169236798404,2.1404957838956875,0.10227886021584709,2.981440612601849,3.037032394429455,0.055591781827605935,-17.429567258144715,2.0529061043006838,adverse
LMT-NOC,2023-07-07 14:50:00+00:00,2023-07-07 17:15:00+00:00,1,-98.9091238342682,1.1995031392934004,199.39151265504185,28.38327012678105,-34.04582162048646,451.13,459.37,455.56,461.52,-0.9766332629411068,0.8744349875780699,1.8510682505191767,-2.654867776030541,-0.2880935598515925,2.3667742161789485,51.10721467093297,1.432155506662164,mean_revert
HD-LOW,2023-07-06 17:12:00+00:00,2023-07-07 19:15:00+00:00,-1,-51.83300142101871,0.8848073712677511,325.3110643986841,-119.23191979096629,105.49728152145222,222.49,303.48,222.36,304.18,5.801660388681569,5.052295228794208,-0.7493651598873612,2.9642949563193746,0.364402357603083,-2.5998925987162917,86.41811799894471,2.93012863889573,mean_revert
PSA-EXR,2023-07-07 13:49:00+00:00,2023-07-10 13:30:00+00:00,-1,-63.383480390473274,0.7324071604168629,264.04989773171604,-442.6659365339139,324.21170159007517,148.25,288.1,148.0,285.8,0.6269774743750247,2.0615139433338356,1.434536468958811,2.868905789443811,,,-642.9291426697713,7.908713146073136,descreen
UNP-CSX,2023-07-07 15:49:00+00:00,2023-07-10 13:30:00+00:00,1,-12.046450096140546,0.22235870442750083,371.3658364468381,2254.473646899651,-501.3018392905494,33.47,203.0,33.42,202.62,0.3776330973578794,0.41212940504033213,0.03449630768245271,-1.662202980217493,-0.0911361284153347,1.5710668518021582,68.92510218760849,8.845914397821874,mean_revert
V-MA,2023-07-07 19:22:00+00:00,2023-07-10 13:32:00+00:00,1,14.753551388930418,1.5918484598049556,324.2585846587918,49.46221042952454,-78.73634349078725,390.02,237.29,390.51,237.88,-2.463272416048312,-2.9124630073332582,-0.4491905912849461,-2.0114923893810817,-3.0742082391681262,-1.0627158497870446,-24.120224008318377,1.902264459221105,adverse
V-MA,2023-07-10 13:33:00+00:00,2023-07-10 13:35:00+00:00,1,24.013752275885206,1.5504573687725525,332.4337728075432,50.14150825935569,-77.74227096208783,390.98,238.14,391.49,238.54,-2.259670075380825,-2.369853022889856,-0.11018294750903124,-2.876918874647609,-3.1455395550108207,-0.26862068036321185,-7.433466191752205,1.9087270191875794,adverse
V-MA,2023-07-10 13:36:00+00:00,2023-07-10 13:42:00+00:00,1,24.013752275885206,1.5504573687725525,332.4337728075432,49.99955851779666,-77.52218393929228,392.09,238.72,391.72,237.99,-2.048935349268959,-1.287101470064954,0.7618338792040049,-2.2672075223207577,-0.19793681915514033,2.0692707031656172,36.189591043185246,1.9017665809151738,mean_revert
V-MA,2023-07-10 13:56:00+00:00,2023-07-10 13:59:00+00:00,1,24.013752275885206,1.5504573687725525,332.4337728075432,49.997008235553515,-77.51822983539594,392.11,238.6,392.58,238.54,-1.8428804650162078,-1.2798530228898812,0.5630274421263266,-1.6849563719670042,-0.1766459798270644,1.50831039213994,26.24373645893016,1.9059512019024474,mean_revert
V-MA,2023-07-10 14:03:00+00:00,2023-07-10 14:20:00+00:00,1,24.013752275885206,1.5504573687725525,332.4337728075432,50.00593536180718,-77.5320709640779,392.04,238.67,393.32,239.07,-2.0214124808302927,-1.361595428339342,0.6598170524909506,-2.1549583575966893,-0.37093785845073846,1.7840204991459507,31.08457254238583,1.9101963350944051,mean_revert
V-MA,2023-07-10 14:30:00+00:00,2023-07-10 14:35:00+00:00,1,24.013752275885206,1.5504573687725525,332.4337728075432,50.082584557640736,-77.65091227456853,391.44,238.22,391.66,237.85,-1.9237066648826726,-1.1300374384367728,0.7936692264458998,-1.8506531717266423,0.2298086342379125,2.0804618059645548,37.84477541665545,1.9042307276175845,mean_revert
XOM-CVX,2023-07-07 16:16:00+00:00,2023-07-10 14:39:00+00:00,-1,33.818738871466834,1.154422795683356,474.4725718037703,-150.0877727268751,173.2647461892473,154.63,102.8,154.6,104.05,2.136597732284173,0.6635692376799796,-1.4730284946041934,2.963166895019056,0.39730083173638353,-2.565866063282672,219.02197759313722,2.0615883252283034,mean_revert
UNP-CSX,2023-07-10 13:40:00+00:00,2023-07-10 16:44:00+00:00,1,-15.01993496643509,0.2378618658029181,213.65248417671285,2979.8785548484343,-708.7994729223518,33.46,203.93,33.52,203.81,-0.027235326754002642,0.061308097142351414,0.08854342389635406,-1.6957130051514278,-0.39041945608022405,1.3052935490712037,251.63135255485707,12.217297486741202,mean_revert
LMT-NOC,2023-07-10 15:20:00+00:00,2023-07-10 18:03:00+00:00,1,-114.24687105728358,1.2336735366253933,194.62143517801195,38.90802773551129,-47.9998041795871,452.15,460.64,453.34,461.01,-1.88250685383764,-1.148966062388979,0.7335407914486609,-1.6557216942585342,-0.20069309091737378,1.4550286033411604,26.55227770788849,1.9883477509224066,mean_revert
V-MA,2023-07-10 19:01:00+00:00,2023-07-10 19:16:00+00:00,-1,24.013752275885206,1.5504573687725525,332.4337728075432,-119.47493131033401,185.24078763370193,392.33,238.03,391.95,238.11,-0.7391197648158823,-1.2431563543177049,-0.5040365895018226,1.725821993957689,0.11593486154670475,-1.6098871324109842,55.672942745097544,4.546794163527309,mean_revert
V-MA,2023-07-10 19:35:00+00:00,2023-07-10 19:55:00+00:00,-1,24.013752275885206,1.5504573687725525,332.4337728075432,-119.70248963602926,185.59360711660165,391.76,237.64,391.62,237.85,-0.7044413909945888,-1.1700374384367933,-0.4655960474422045,1.7778162387281156,0.29926205155875585,-1.4785541871693597,51.18193962133301,4.551066422197273,mean_revert
UNP-CSX,2023-07-11 13:30:00+00:00,2023-07-11 13:31:00+00:00,1,-15.01993496643509,0.2378618658029181,213.65248417671285,1195.390027737757,-284.3377023599049,33.79,206.04,33.83,206.71,-0.19912386359815315,-0.31849131368611694,-0.11936745008796379,-2.9968850833740133,-4.470787900691649,-1.4739028173176356,-147.65143402629076,4.960774554659212,adverse
V-MA,2023-07-11 13:30:00+00:00,2023-07-11 13:35:00+00:00,-1,24.013752275885206,1.5504573687725525,332.4337728075432,-119.2795639613563,184.93787888786187,393.31,238.52,392.33,238.42,-0.5188438755144489,-1.343798138637169,-0.82495426312272,2.2905441482028377,-0.246809906532699,-2.5373540547355367,93.8556927726708,4.5444920206701465,mean_revert
UNP-CSX,2023-07-11 13:41:00+00:00,2023-07-11 13:42:00+00:00,1,-15.01993496643509,0.2378618658029181,213.65248417671285,1195.7439028199765,-284.42187574722277,33.78,206.07,33.79,206.25,-0.21625971957224266,-0.24907485541677232,-0.032815135844529664,-2.863812488738845,-3.22821262491565,-0.3644001361768048,-44.191808523762234,4.9533099174575845,adverse
UNP-CSX,2023-07-11 13:43:00+00:00,2023-07-11 13:45:00+00:00,1,-15.01993496643509,0.2378618658029181,213.65248417671285,1194.3296581093675,-284.0854808616554,33.82,206.11,33.805,206.29,-0.18577419420436314,-0.24358933004888428,-0.05781513584452114,-2.468244625018602,-3.116096154799398,-0.6478515297807959,-73.99924682369993,4.948915396966903,adverse
UNP-CSX,2023-07-11 13:46:00+00:00,2023-07-11 13:49:00+00:00,1,-15.01993496643509,0.2378618658029181,213.65248417671285,1195.2131687308422,-284.2956343465361,33.795,206.16,33.8,206.43,-0.22266728749450238,-0.281889991261302,-0.05922270376679961,-2.8549050758759327,-3.4878031817111848,-0.6328981058352521,-75.73802307498177,4.954267645062895,adverse
V-MA,2023-07-11 13:48:00+00:00,2023-07-11 13:52:00+00:00,-1,24.013752275885206,1.5504573687725525,332.4337728075432,-138.15415431992238,214.20212659186402,393.28,238.58,394.1,238.81,-0.6418713176408346,-0.17847651245847374,0.46339480518236087,1.8541740127294841,3.2034470216387736,1.3492730089092895,-69.29992552966097,5.280008103444223,adverse
V-MA,2023-07-11 13:53:00+00:00,2023-07-11 13:58:00+00:00,-1,24.013752275885206,1.5504573687725525,332.4337728075432,-118.71147749171806,184.05708503491127,393.99,238.85,394.2,238.82,-0.35049480720937254,-0.0939810861461865,0.25651372106318604,2.6789224979671236,3.3520626046986823,0.6731401067315588,-34.98875169806955,4.537628873763637,adverse
V-MA,2023-07-11 13:59:00+00:00,2023-07-11 14:04:00+00:00,-1,24.013752275885206,1.5504573687725525,332.4337728075432,-118.66114097420746,183.9790404104186,394.02,238.81,393.26,238.2,-0.25847651245851466,-0.07269751750720843,0.18577899495130623,2.8596630680588215,3.333358744612992,0.47369567655417066,-26.56917189622521,4.524424386263926,adverse
UNP-CSX,2023-07-11 14:08:00+00:00,2023-07-11 14:11:00+00:00,1,-15.01993496643509,0.2378618658029181,213.65248417671285,1196.2751084631664,-284.548229312637,33.765,206.3,33.735,206.24,-0.28596794870691866,-0.3016962367587439,-0.015728288051825245,-2.939145906738817,-3.028700777541856,-0.08955487080303914,-23.767437875009644,4.952078379872159,adverse
LMT-NOC,2023-07-11 14:14:00+00:00,2023-07-11 14:21:00+00:00,-1,-114.24687105728358,1.2336735366253933,194.62143517801195,-135.16333618286998,166.74743097080818,458.33,463.5,457.09,463.62,0.7691868314137196,-0.6188539929813146,-1.3880408243950342,1.776014919897269,0.27103452173264575,-1.5049803981646233,180.65776591913203,6.954462664125707,mean_revert
V-MA,2023-07-11 14:33:00+00:00,2023-07-11 14:34:00+00:00,-1,24.013752275885206,1.5504573687725525,332.4337728075432,-137.61878196020763,213.37205457170714,394.76,239.05,394.64,238.9,0.10941371903606978,0.22198232435198406,0.11256860531591428,2.822885681359369,3.0492499276904543,0.22636424633108554,-20.755777348029596,5.264222997497859,adverse
V-MA,2023-07-11 14:37:00+00:00,2023-07-11 14:40:00+00:00,-1,24.013752275885206,1.5504573687725525,332.4337728075432,-121.46954655944921,188.3333535445587,394.76,239.06,395.105,239.16,0.09390914534839112,0.2838634084711771,0.18995426312278596,2.723500420622101,3.079751550333946,0.3562511297118447,-27.72540970991289,4.651751501354392,adverse
V-MA,2023-07-11 14:42:00+00:00,2023-07-11 15:00:00+00:00,-1,24.013752275885206,1.5504573687725525,332.4337728075432,-121.35892779579898,188.16184386733266,395.01,239.18,394.68,238.78,0.1578542610956788,0.44803720860471685,0.29018294750903806,2.785046900605373,3.130555245677369,0.345508345071996,-39.85765270937678,4.641361335054382,adverse
V-MA,2023-07-11 15:03:00+00:00,2023-07-11 15:07:00+00:00,-1,24.013752275885206,1.5504573687725525,332.4337728075432,-121.46013701713656,188.31876445034325,394.53,238.83,394.44,238.59,0.22051434016600524,0.5026241086714549,0.28210976850544967,2.642307496849562,3.125904954100198,0.4835974572506361,-38.90707665930718,4.641985522762337,adverse
V-MA,2023-07-11 15:34:00+00:00,2023-07-11 16:02:00+00:00,-1,24.013752275885206,1.5504573687725525,332.4337728075432,-34.6373927419024,53.703800811751506,395.24,239.06,396.55,239.53,0.5739091453484093,1.1551941820252978,0.5812850366768885,2.611220633352282,3.150814506835898,0.5395938734836161,-21.464154585381092,1.3299564750120116,adverse
V-MA,2023-07-11 16:03:00+00:00,2023-07-11 16:06:00+00:00,-1,24.013752275885206,1.5504573687725525,332.4337728075432,-49.45093052982264,76.6715596326231,396.44,239.52,396.69,239.64,1.0606987557129628,1.1246438714603073,0.06394511574734452,2.996522412608253,3.041096766232953,0.04457435362470008,-5.061658585654576,1.8995131091118571,adverse
LMT-NOC,2023-07-11 14:34:00+00:00,2023-07-11 19:45:00+00:00,-1,-114.24687105728358,1.2336735366253933,194.62143517801195,-136.2721756999309,168.11537693937072,455.11,460.82,460.9,465.79,0.8554319095699157,0.5140744325416335,-0.3413574770282821,1.9272056650345295,0.3721744391010888,-1.5550312259334407,39.46181072584779,7.055715360234382,mean_revert
SLB-HAL,2023-07-11 19:14:00+00:00,2023-07-12 13:30:00+00:00,1,-5.957265899485965,0.7965879733772276,335.79098159794165,740.1737369658654,-589.6134970766878,37.6,55.93,37.91,56.68,-0.9958994515023747,-1.2833404315353008,-0.28744098003292606,-1.676926438209015,-3.0593307640586302,-1.3824043258496153,-215.8302283172353,3.073963969134131,adverse
V-MA,2023-07-11 16:07:00+00:00,2023-07-12 13:43:00+00:00,-1,24.013752275885206,1.5504573687725525,332.4337728075432,-49.42973424584072,76.63869569793273,396.61,239.63,399.91,242.48,1.0601484451480587,-0.05865505585370556,-1.1188035010017643,2.933099210743434,0.3077201508528326,-2.6253790598906015,53.38461993007846,1.9175397977544444,mean_revert
LMT-NOC,2023-07-12 13:49:00+00:00,2023-07-12 14:46:00+00:00,1,-114.24687105728358,1.2336735366253933,194.62143517801195,145.77852022984968,-179.84310261597508,459.28,466.31,454.5,463.75,-1.7474358065036313,-3.3692315527425762,-1.621795746238945,-1.6684062887203326,-3.0449131278959185,-1.376506839175586,-243.9059128159121,7.482928814131257,adverse
UNP-CSX,2023-07-11 14:12:00+00:00,2023-07-12 14:50:00+00:00,1,-15.01993496643509,0.2378618658029181,213.65248417671285,1197.1615008079077,-284.7590682495906,33.74,206.05,33.78,208.86,-0.25150248225618554,-0.8798943251623896,-0.6283918429062041,-2.5159325116159077,-2.585222944375539,-0.06929043275963132,-757.28226647363,4.995744724595031,time_stop
UNP-CSX,2023-07-12 14:51:00+00:00,2023-07-12 14:58:00+00:00,1,-15.01993496643509,0.2378618658029181,213.65248417671285,1196.452281909325,-284.590372119111,33.76,208.84,33.75,209.36,-0.8951370878463294,-1.028825258063847,-0.13368817021751767,-2.6365070234090084,-3.0786365652832695,-0.442129541874261,-164.94962156209635,4.99810524106484,adverse
UNP-CSX,2023-07-12 15:08:00+00:00,2023-07-12 15:09:00+00:00,1,-15.01993496643509,0.2378618658029181,213.65248417671285,1196.452281909325,-284.590372119111,33.76,209.55,33.76,209.71,-1.0640190125664049,-1.1020769110948692,-0.03805789852846431,-2.9826241591026497,-3.1113570676571323,-0.1287329085544826,-50.53814333777467,5.003683798717879,adverse
XOM-CVX,2023-07-12 13:48:00+00:00,2023-07-13 13:30:00+00:00,-1,35.539069248681415,1.1383414022298393,512.4168141022856,-145.9588550014491,166.15100767021136,160.2,107.5,159.93,105.93,2.2892300116108686,3.806426013111718,1.5171960015008494,1.6871185329186975,3.434286157315852,1.7471676243971546,-223.4953699879864,2.0471787961443626,adverse
LMT-NOC,2023-07-12 14:49:00+00:00,2023-07-13 13:31:00+00:00,1,-114.24687105728358,1.2336735366253933,194.62143517801195,37.462652253260245,-46.21668269664682,454.71,463.46,453.13,461.12,-2.8014662271212387,-1.4946701514178358,1.306796075703403,-2.4976053473156012,-0.3658423581812017,2.1317629891343994,47.04170253297193,1.9143444170298798,mean_revert
LMT-NOC,2023-07-13 13:57:00+00:00,2023-07-13 14:32:00+00:00,1,-114.24687105728358,1.2336735366253933,194.62143517801195,49.43606415975116,-60.987964108800064,452.8,462.64,453.83,465.61,-3.699853927088327,-6.333864330865879,-2.634010403777552,-1.7392838777098114,-3.070522659276174,-1.3312387815663627,-132.75671606691142,2.5416087483159133,adverse
LMT-NOC,2023-07-13 14:34:00+00:00,2023-07-13 14:35:00+00:00,1,-114.24687105728358,1.2336735366253933,194.62143517801195,49.295623888514015,-60.814706662698306,454.09,465.79,454.09,465.87,-6.295925567458369,-6.394619450388461,-0.09869388293009251,-2.9956186272541445,-3.0310104199732466,-0.03539179271910209,-7.4009963952392255,2.5358198622243293,adverse
UNP-CSX,2023-07-12 15:25:00+00:00,2023-07-13 16:03:00+00:00,1,-15.01993496643509,0.2378618658029181,213.65248417671285,1196.2751084631664,-284.548229312637,33.765,210.06,33.69,209.84,-1.1803285641258867,-1.2029989536492494,-0.022670389523362644,-2.9572264150422787,-0.9512707023491858,2.005955712693093,-32.120628128115456,5.000605442154391,time_stop
V-MA,2023-07-13 16:53:00+00:00,2023-07-13 17:14:00+00:00,1,24.013752275885206,1.5504573687725525,332.4337728075432,48.889814956090895,-75.80157385659767,400.99,243.5,401.9,243.51,-0.5601215720017194,0.33437385431051325,0.8944954263122327,-1.737302997725034,-0.3263784122844295,1.4109245854406045,41.82635297744223,1.9053628940336513,mean_revert
SLB-HAL,2023-07-12 13:31:00+00:00,2023-07-13 18:13:00+00:00,1,-5.957265899485965,0.7965879733772276,335.79098159794165,734.7025477802677,-585.2552135713692,37.88,56.55,37.715,57.065,-1.2097839949962506,-1.7850268012855253,-0.5752428062892747,-2.648288386496122,-2.337686006224507,0.31060238027161535,-425.6877001405981,3.0553447675991485,time_stop
LMT-NOC,2023-07-13 14:37:00+00:00,2023-07-13 18:16:00+00:00,1,-114.24687105728358,1.2336735366253933,194.62143517801195,49.272837005360614,-60.78659508796978,454.3,465.48,455.52,465.04,-5.703486771104451,-3.940670414989313,1.7628163561151382,-2.56263828482896,-0.3005429124094271,2.262095372419533,84.3233149406255,2.535648044619567,mean_revert
UNP-CSX,2023-07-13 18:10:00+00:00,2023-07-13 19:22:00+00:00,1,-15.01993496643509,0.2378618658029181,213.65248417671285,1196.9841172694862,-284.71687547017893,33.745,210.8,33.755,210.06,-1.3763463448200497,-1.1903285641258847,0.18601778069416497,-1.7365906812979048,-0.38470853384071896,1.3518821474571858,217.64973773365114,5.010591286984864,mean_revert
XOM-CVX,2023-07-13 14:19:00+00:00,2023-07-13 19:55:00+00:00,-1,35.539069248681415,1.1383414022298393,512.4168141022856,-146.67759352151393,166.96917748497856,159.415,105.03,157.7,104.84,4.315933275118567,2.8172181415422415,-1.4987151335763258,2.779796989917119,0.394136683001093,-2.385660306916026,217.79612391395796,2.0318052532933946,mean_revert
UNP-CSX,2023-07-13 19:59:00+00:00,2023-07-14 13:30:00+00:00,1,-15.01993496643509,0.2378618658029181,213.65248417671285,1198.226907067897,-285.01248777042974,33.71,210.61,33.47,210.35,-1.3661525903174976,-1.5443085052087326,-0.17815591489123506,-1.8247269191068476,-3.3634242193658777,-1.53869730025903,-218.47406244508406,5.002851569103619,adverse
V-MA,2023-07-13 19:04:00+00:00,2023-07-14 13:31:00+00:00,1,24.013752275885206,1.5504573687725525,332.4337728075432,48.877625718025605,-75.78267496261962,401.09,243.58,402.01,243.54,-0.5841581615035807,0.39786013324737723,0.9820182947509579,-1.7637923645309466,-0.032985296885615675,1.7308070676453309,46.09345231032568,1.9052703487649927,mean_revert
SLB-HAL,2023-07-13 18:14:00+00:00,2023-07-14 13:32:00+00:00,1,-5.957265899485965,0.7965879733772276,335.79098159794165,738.7983145717159,-588.5178521391947,37.67,57.05,37.04,56.98,-1.8180779816848656,-2.3923168235484624,-0.5742388418635969,-2.438619349802786,-3.2964322443844427,-0.8578128945816568,-427.29163036977053,3.0449418393313836,adverse
SLB-HAL,2023-07-14 13:33:00+00:00,2023-07-14 13:34:00+00:00,1,-5.957265899485965,0.7965879733772276,335.79098159794165,749.9469822127874,-597.3987467012521,37.11,56.94,37.14,57.02,-2.290453304613372,-2.324180342483551,-0.03372703787017883,-2.993934588920747,-3.0756388879600327,-0.08170429903928556,-28.38932564253334,3.095835372814416,adverse
SLB-HAL,2023-07-14 13:35:00+00:00,2023-07-14 13:38:00+00:00,1,-5.957265899485965,0.7965879733772276,335.79098159794165,748.3337593416655,-596.1136727637394,37.19,57.05,37.035,56.93,-2.2980779816848695,-2.357487424879608,-0.05940944319473829,-2.9888219507137874,-3.114163398351672,-0.12534144763788468,-47.54065657469472,3.082564608382913,adverse
UNP-CSX,2023-07-14 13:43:00+00:00,2023-07-14 13:44:00+00:00,1,-15.01993496643509,0.2378618658029181,213.65248417671285,1199.8285767788152,-285.39346391626873,33.665,211.195,33.7,211.56,-1.5503017818122018,-1.6021213628302604,-0.051819581018058614,-2.9869834425430084,-3.3708649179353283,-0.38388147539231987,-67.21521735535632,5.040603213178595,adverse
V-MA,2023-07-14 14:42:00+00:00,2023-07-14 14:58:00+00:00,-1,24.013752275885206,1.5504573687725525,332.4337728075432,-48.80826295683635,75.67513095841534,401.66,242.63,402.39,242.59,1.4587763388303756,2.250794633581279,0.7920182947509034,1.7952165711646868,3.0494470019471085,1.2542304307824217,-40.55693654434483,1.8998993475201678,adverse
V-MA,2023-07-14 15:00:00+00:00,2023-07-14 15:02:00+00:00,-1,24.013752275885206,1.5504573687725525,332.4337728075432,-48.752429372433326,75.58856336605268,402.12,242.45,402.33,242.49,2.1978586652094236,2.345840370458518,0.14798170524909438,2.939648425075863,3.1557346896355534,0.21608626455969038,-9.111669415568608,1.8972017820022606,adverse
V-MA,2023-07-14 15:03:00+00:00,2023-07-14 15:04:00+00:00,-1,24.013752275885206,1.5504573687725525,332.4337728075432,-48.74152034818351,75.57164938901843,402.21,242.53,402.45,242.58,2.1638220757076283,2.32629920726896,0.1624771315613316,2.8515763157644742,3.099928302083814,0.24835198631933997,-9.816792192758433,1.8974097786457276,adverse
V-MA,2023-07-14 15:05:00+00:00,2023-07-14 15:06:00+00:00,-1,24.013752275885206,1.5504573687725525,332.4337728075432,-48.73182753546667,75.55662109611748,402.29,242.62,402.38,242.51,2.1042809125181066,2.3648312230830584,0.2605503105649518,2.734595417987159,3.1379467071378104,0.4033512891506512,-14.593690246051763,1.8965974472870264,adverse
V-MA,2023-07-14 15:07:00+00:00,2023-07-14 15:08:00+00:00,-1,24.013752275885206,1.5504573687725525,332.4337728075432,-48.74879248848164,75.58292453253041,402.15,242.43,402.37,242.47,2.2588678125848674,2.4168495178340095,0.15798170524914212,2.958609672267145,3.195702848912375,0.23709317664522978,-9.598499533416325,1.8970821672496503,adverse
LMT-NOC,2023-07-14 13:37:00+00:00,2023-07-14 15:09:00+00:00,1,-114.24687105728358,1.2336735366253933,194.62143517801195,49.40224195346676,-60.94623854795672,453.11,465.18,454.91,465.62,-6.523384710116829,-5.266201066231986,1.2571836438848436,-1.661182194149611,-0.33044811919274003,1.330734074956871,59.56512248115236,2.5425680739875585,mean_revert
V-MA,2023-07-14 15:09:00+00:00,2023-07-14 15:18:00+00:00,-1,24.013752275885206,1.5504573687725525,332.4337728075432,-48.742732220892314,75.57352834598981,402.2,242.52,402.42,242.54,2.169326649395316,2.358317502019929,0.18899085262461313,2.794524793057691,3.0065587478978677,0.21203395484017662,-11.10916321494761,1.897232693268393,adverse
V-MA,2023-07-14 15:19:00+00:00,2023-07-14 15:48:00+00:00,-1,24.013752275885206,1.5504573687725525,332.4337728075432,-48.740308535733895,75.56977052547636,402.22,242.56,402.3,242.32,2.1273083546444695,2.5794181231498783,0.45210976850540874,2.641979109784788,3.0003378290171465,0.3583587192323585,-23.931984254855905,1.8960146458829588,adverse
V-MA,2023-07-14 15:50:00+00:00,2023-07-14 15:55:00+00:00,-1,24.013752275885206,1.5504573687725525,332.4337728075432,-48.752429372433326,75.58856336605268,402.12,242.29,402.37,242.31,2.445931844213078,2.664922696837607,0.218990852624529,2.7895237109121966,3.0379634385845216,0.24843972767232492,-12.572955065577217,1.8966189897907113,adverse
SLB-HAL,2023-07-14 13:39:00+00:00,2023-07-17 13:30:00+00:00,1,-5.957265899485965,0.7965879733772276,335.79098159794165,749.1395022857749,-596.7555179026505,37.15,56.93,36.84,56.6,-2.242487424879606,-2.289613393665114,-0.04712596878550812,-2.781644215056127,,,-38.37265787958789,3.0687330788748985,descreen
UNP-CSX,2023-07-14 13:46:00+00:00,2023-07-17 13:30:00+00:00,1,-15.01993496643509,0.2378618658029181,213.65248417671285,1199.2942113200359,-285.26635875122287,33.68,211.21,33.3,210.32,-1.5388697097992434,-1.70717264923465,-0.16830293943540653,-2.837193328575518,,,-206.84142690349987,4.996685890475719,descreen
LMT-NOC,2023-07-14 19:48:00+00:00,2023-07-17 13:30:00+00:00,1,-114.24687105728358,1.2336735366253933,194.62143517801195,49.55535598400595,-61.135131275518965,451.71,464.59,452.05,466.47,-7.195517323507886,-9.174823572363664,-1.979306248855778,-1.8159658221579122,,,-100.63118593134831,2.5459601679330612,descreen
V-MA,2023-07-14 15:57:00+00:00,2023-07-17 13:30:00+00:00,-1,24.013752275885206,1.5504573687725525,332.4337728075432,-48.73303892622773,75.55849930584942,402.28,242.27,402.27,243.26,2.6369409915884603,1.091988196503678,-1.5449527950847823,2.971976674715274,0.2457913027987609,-2.7261853719165132,73.39103469655157,1.8992100054997278,mean_revert
PSA-EXR,2023-07-17 13:33:00+00:00,2023-07-17 13:59:00+00:00,-1,-17.502415544550757,0.5714286382351845,277.82749232724626,-204.26385353717654,116.72221566741997,155.77,300.585,157.13,301.96,1.5095383206278257,2.0838239430544547,0.5742856224266291,1.8294041516575685,3.0153325478625845,1.185928396205016,-120.67286524531613,3.3670709774615344,adverse
PSA-EXR,2023-07-17 14:00:00+00:00,2023-07-17 14:06:00+00:00,-1,-17.502415544550757,0.5714286382351845,277.82749232724626,-202.7152170329128,115.83728041866723,156.96,301.76,157.21,301.94,2.0281096707014967,2.175252515819153,0.1471428451176564,2.870171786444736,3.1290037593179028,0.2588319728731667,-33.17033216883514,3.34223838596783,adverse
PSA-EXR,2023-07-17 14:07:00+00:00,2023-07-17 14:17:00+00:00,-1,-17.502415544550757,0.5714286382351845,277.82749232724626,-202.44436257228475,115.68250642307063,157.17,302.12,157.605,302.5,2.032395360936789,2.2502524784074183,0.2178571174706292,2.7836621792967167,3.153398028316415,0.36973584901969847,-47.4489553759872,3.3450100978091903,adverse
PSA-EXR,2023-07-17 14:19:00+00:00,2023-07-17 14:22:00+00:00,-1,-17.502415544550757,0.5714286382351845,277.82749232724626,-202.4314827935233,115.6751465486322,157.18,302.01,157.14,301.71,2.1052525111426803,2.2366811026132325,0.1314285914705522,2.7935765219239856,3.036830201689778,0.24325367976579226,-29.940806236414,3.335521583568103,adverse
PSA-EXR,2023-07-17 14:23:00+00:00,2023-07-17 14:25:00+00:00,-1,-17.502415544550757,0.5714286382351845,277.82749232724626,-202.4830117442153,115.70459166675583,157.14,301.92,157.17,301.67,2.1166810885838174,2.2895382481426054,0.172857159558788,2.76162225977957,3.100641615637798,0.3390193558582282,-38.337081225213076,3.336442956197428,adverse
PSA-EXR,2023-07-17 14:43:00+00:00,2023-07-17 14:46:00+00:00,-1,-17.502415544550757,0.5714286382351845,277.82749232724626,-203.0904478552754,116.05169805651377,156.67,300.79,156.84,300.69,2.2923954497895807,2.5195383136131397,0.22714286382355908,2.7129178142838954,3.1031217694532605,0.390203955169365,-49.46796048756578,3.337414546511725,adverse
PSA-EXR,2023-07-17 14:49:00+00:00,2023-07-17 14:50:00+00:00,-1,-17.502415544550757,0.5714286382351845,277.82749232724626,-202.66356984385982,115.80776773575802,157.0,301.12,157.11,301.12,2.4338239991719774,2.543823999171991,0.11000000000001364,2.887652441694973,3.0798566037919217,0.19220416209694857,-25.628618106765362,3.3356254239380143,adverse
PSA-EXR,2023-07-17 14:51:00+00:00,2023-07-17 14:52:00+00:00,-1,-17.502415544550757,0.5714286382351845,277.82749232724626,-202.68939014833734,115.82252219718443,156.98,301.04,157.0,300.93,2.459538290230796,2.542395440436678,0.08285715020588214,2.90333437378903,3.0404270581932002,0.13709268440417022,-20.128100537565075,3.333835292904384,adverse
PSA-EXR,2023-07-17 14:53:00+00:00,2023-07-17 14:59:00+00:00,-1,-17.502415544550757,0.5714286382351845,277.82749232724626,-202.7410505001019,115.852042401644,156.94,301.02,157.35,301.37,2.4309668629955183,2.640966839613185,0.20999997661766656,2.813764326947895,3.1023397182963333,0.28857539134843835,-45.916397580201775,3.340781715738724,adverse
PSA-EXR,2023-07-17 15:02:00+00:00,2023-07-17 17:43:00+00:00,-1,-17.502415544550757,0.5714286382351845,277.82749232724626,-202.4830117442153,115.70459166675583,157.14,301.24,156.9,302.59,2.505252562583763,1.493823900966305,-1.0114286616174581,2.799261604839517,0.3381570495176202,-2.461104555321897,201.45808972196863,3.339031846755551,mean_revert
V-MA,2023-07-17 18:40:00+00:00,2023-07-18 13:31:00+00:00,1,20.065199855155768,1.5681829233777267,319.07194080975074,48.49795279578725,-76.05366139313264,401.44,244.315,400.53,242.38,-1.7558107801850724,0.368623176550841,2.1244339567359134,-1.6998669756824614,0.18565639349962468,1.885523369182086,101.13775917745602,1.8929385740882076,mean_revert
PSA-EXR,2023-07-17 19:39:00+00:00,2023-07-18 13:45:00+00:00,-1,-17.502415544550757,0.5714286382351845,277.82749232724626,-202.65066215837203,115.80039191461697,157.01,300.87,154.72,298.7,2.5866811587307836,1.5366813037011582,-1.0499998550296255,1.6831566197046095,0.012653727215073818,-1.6705028924895358,209.48598151224772,3.2971843757019705,mean_revert
V-MA,2023-07-18 14:36:00+00:00,2023-07-18 15:01:00+00:00,-1,20.065199855155768,1.5681829233777267,319.07194080975074,-67.25392713995898,105.4664600709735,396.83,238.83,396.23,239.45,2.235672554541736,0.6633991420476377,-1.5722734124940985,1.6814151511826676,0.32087887676315135,-1.3605362744195162,103.14646315724112,2.5950983707330275,mean_revert
PSA-EXR,2023-07-18 16:36:00+00:00,2023-07-18 19:57:00+00:00,1,-17.502415544550757,0.5714286382351845,277.82749232724626,488.60309789096243,-279.20180286532525,151.68,294.78,150.18,294.27,0.7366815655830976,-0.4718898289169715,-1.2085713945000691,-1.7647927169928865,-3.304005610095018,-1.5392128931021316,-598.2886837636524,7.7769563885221995,adverse
PSA-EXR,2023-07-19 13:34:00+00:00,2023-07-19 13:35:00+00:00,1,-17.502415544550757,0.5714286382351845,277.82749232724626,480.2653718710389,-274.43738743978224,153.47,298.43,153.19,299.31,0.44096703602463094,-0.341890165622317,-0.7828572016469479,-1.8044134597657357,-3.022674013716661,-1.2182605539509253,-383.76489040847486,7.7856853375762824,adverse
PSA-EXR,2023-07-19 13:40:00+00:00,2023-07-19 13:41:00+00:00,1,-17.502415544550757,0.5714286382351845,277.82749232724626,477.87561475927924,-273.07181178769656,153.69,300.16,153.96,301.1,-0.32760450812224917,-0.5947474280633003,-0.2671429199410511,-2.9051948245322987,-3.2909637324487058,-0.38576890791640706,-135.45086970430458,7.789782608880704,adverse
PSA-EXR,2023-07-19 13:43:00+00:00,2023-07-19 13:44:00+00:00,1,-17.502415544550757,0.5714286382351845,277.82749232724626,478.0928518007644,-273.19594725448667,153.42,299.81,153.01,299.61,-0.3976044847399294,-0.6933187570928965,-0.2957142723529671,-2.9510119619178083,-3.370690711181479,-0.41967874926367044,-149.12914103796513,7.7502612505475845,adverse
PSA-EXR,2023-07-19 13:49:00+00:00,2023-07-19 13:50:00+00:00,1,-17.502415544550757,0.5714286382351845,277.82749232724626,476.57084383657013,-272.32622831612406,153.69,299.89,153.18,299.95,-0.17331877579871957,-0.717604494092825,-0.5442857182941054,-2.505703297970483,-3.271051373512565,-0.7653480755420818,-267.12497275772984,7.7342687021153615,adverse
V-MA,2023-07-19 18:19:00+00:00,2023-07-19 19:43:00+00:00,1,20.065199855155768,1.5681829233777267,319.07194080975074,49.063829465842176,-76.94105952385063,396.81,241.33,399.24,242.0,-1.7047847539025724,-0.3254673125655927,1.3793174413369798,-1.7027093581180652,-0.1936667976310997,1.5090425604869655,65.76419673698211,1.910398984035734,mean_revert
PSA-EXR,2023-07-19 13:51:00+00:00,2023-07-20 13:32:00+00:00,1,-17.502415544550757,0.5714286382351845,277.82749232724626,478.1759897579743,-273.2434546641608,152.79,298.5,149.41,291.43,-0.27903296865181915,0.3809675036709166,0.6600004723227357,-2.628018923255751,-0.048435097081597246,2.5795838261741535,308.0425983625382,7.553780731125767,mean_revert
V-MA,2023-07-20 14:30:00+00:00,2023-07-20 16:22:00+00:00,-1,20.065199855155768,1.5681829233777267,319.07194080975074,-49.02799841435616,76.8848698807836,397.1,239.41,398.93,241.3,1.5961264589827238,0.46226073379875743,-1.1338657251839663,1.6783053361630227,0.2372277451924327,-1.44107759097059,53.68561405092755,1.9055529254836094,mean_revert
PSA-EXR,2023-07-20 16:18:00+00:00,2023-07-20 17:25:00+00:00,-1,-17.502415544550757,0.5714286382351845,277.82749232724626,-211.81054763337767,121.03461279798968,150.22,290.64,148.1,288.89,1.6423961278767365,0.5223962447882968,-1.1199998830884397,1.7589312103393318,0.3269001899701663,-1.4320310203691655,233.91104701649394,3.3167415697857234,mean_revert
PSA-EXR,2023-07-21 13:31:00+00:00,2023-07-21 13:36:00+00:00,1,-17.502415544550757,0.5714286382351845,277.82749232724626,216.68605601665752,-123.82061791415151,146.84,290.15,147.65,289.24,-1.457603839388014,-0.12760377859402183,1.3300000607939921,-1.8133723245932074,-0.1415423868201608,1.6718299377730466,284.8020890905496,3.390378584817433,mean_revert
V-MA,2023-07-20 18:01:00+00:00,2023-07-21 19:59:00+00:00,-1,20.065199855155768,1.5681829233777267,319.07194080975074,-48.82634842338575,76.56864580844453,398.74,240.23,397.47,239.23,1.9502164618129996,2.248399385190737,0.29818292337773755,1.6575516054288115,0.16894570809231693,-1.4886058973364946,-16.445409602975374,1.8862262922298658,mean_revert
TMO-DHR,2023-07-24 13:30:00+00:00,2023-07-24 13:31:00+00:00,1,0.48045913395363016,0.45227195267570425,289.23942266823417,325.7033889477913,-147.30650771251197,253.8,560.455,252.82,560.53,-0.15853637081545457,-1.1724567672661124,-1.0139203964506578,-2.018260624179837,-3.139250446345317,-1.12098982216548,-338.4830116253636,8.245702378093746,adverse
TMO-DHR,2023-07-24 13:32:00+00:00,2023-07-24 13:45:00+00:00,1,0.48045913395363016,0.45227195267570425,289.23942266823417,298.0536932098734,-134.80132583023473,253.78,561.43,254.98,565.25,-0.6195015246742344,-1.14718038389546,-0.5276788592212256,-2.5263619815000804,-3.1323263268294963,-0.6059643453294159,-164.88634182566844,7.609709006009684,adverse
TMO-DHR,2023-07-24 13:53:00+00:00,2023-07-24 13:55:00+00:00,1,0.48045913395363016,0.45227195267570425,289.23942266823417,340.7340227739661,-154.10444182302953,256.17,567.75,255.9,567.5,-1.087860265584709,-1.244792277415769,-0.15693201183105998,-2.979987534554698,-3.128809205377531,-0.14882167082283315,-62.20448105133832,8.732405358121358,adverse
TMO-DHR,2023-07-24 14:01:00+00:00,2023-07-24 14:04:00+00:00,1,0.48045913395363016,0.45227195267570425,289.23942266823417,341.1730696008999,-154.30301038876294,255.69,566.87,255.18,565.995,-1.1698609472300632,-1.284122988638842,-0.11426204140877871,-2.959677193072765,-3.046508824832553,-0.08683163175978814,-47.70289521957554,8.719763813287276,adverse
TMO-DHR,2023-07-24 14:17:00+00:00,2023-07-24 14:19:00+00:00,1,0.48045913395363016,0.45227195267570425,289.23942266823417,207.73071303099044,-93.95077521324241,255.99,568.18,255.81,568.35,-1.462337205235201,-1.7192234371901236,-0.25688623195492255,-2.998121171813413,-3.211570128980938,-0.21344895716752488,-58.68998597148294,5.326825839645199,adverse
TMO-DHR,2023-07-24 14:20:00+00:00,2023-07-24 14:33:00+00:00,1,0.48045913395363016,0.45227195267570425,289.23942266823417,186.27114278443045,-84.24521347424928,256.22,568.29,256.265,569.32,-1.28208712002953,-1.702927231285571,-0.4208401112560409,-2.775994697997465,-3.0049061058697757,-0.22891140787231068,-83.17523142023286,4.784862967040583,adverse
TMO-DHR,2023-07-24 14:34:00+00:00,2023-07-24 15:45:00+00:00,1,0.48045913395363016,0.45227195267570425,289.23942266823417,196.34133443401484,-88.79967871542539,256.585,569.64,258.78,568.88,-1.5276542561417727,1.0110724278917473,2.53872668403352,-2.829798102798568,-0.34175045859681236,2.488047644201756,493.3907063187604,5.066278587623277,mean_revert
MAR-HLT,2023-07-24 14:46:00+00:00,2023-07-24 17:54:00+00:00,1,34.7264304556572,0.6041070699001599,367.660645286693,207.6891602632018,-125.46649005662758,150.08,193.68,150.6,193.7,-1.6498877539201828,-1.1419698953181694,0.5079178586020134,-1.662033554359229,-0.3554012677609266,1.3066322865983024,102.70999120275054,2.7790423329803473,mean_revert
PSA-EXR,2023-07-21 14:25:00+00:00,2023-07-24 18:07:00+00:00,1,-17.502415544550757,0.5714286382351845,277.82749232724626,216.14143377138774,-123.50940516618442,147.21,290.69,145.37,294.38,-1.3961753040350118,-5.344746979122846,-3.948571675087834,-1.688428504087031,-1.408708063514429,0.27972044057260215,-856.8389021485827,3.3889589460084,time_stop
LMT-NOC,2023-07-24 17:53:00+00:00,2023-07-25 13:30:00+00:00,1,20.737539899815097,0.9389650845853433,274.55941876483627,137.8325904254531,-129.41998992745255,452.36,456.625,445.03,451.39,2.867528351402541,0.45301056920675364,-2.4145177821957873,-1.6566998552916288,-3.099826538415385,-1.4431266831237561,-338.78716689688065,5.9879263485196095,adverse
MAR-HLT,2023-07-24 19:51:00+00:00,2023-07-25 13:30:00+00:00,1,34.7264304556572,0.6041070699001599,367.660645286693,207.3437715180026,-125.25783827378879,150.33,194.36,147.75,192.71,-1.8106805614522727,-3.393903896117024,-1.5832233346647513,-1.7089075420052817,-5.013005783306039,-3.304098241300758,-331.01017137747334,2.738674012776336,adverse
TMO-DHR,2023-07-24 19:52:00+00:00,2023-07-25 13:30:00+00:00,1,0.48045913395363016,0.45227195267570425,289.23942266823417,300.2291356076643,-135.78521741141714,257.87,570.68,250.86,558.705,-0.7130170869244807,-2.307060453632971,-1.5940433667084903,-1.6811622860621518,-3.0234799295054127,-1.3423176434432609,-486.13723015063533,7.558968042619224,adverse
TMO-DHR,2023-07-25 13:43:00+00:00,2023-07-25 13:45:00+00:00,-1,0.48045913395363016,0.45227195267570425,289.23942266823417,-46.46732857340026,21.01586942951528,261.76,567.84,263.74,570.96,4.461435258674442,5.030346766326261,0.5689115076518192,2.8294097918773495,3.274906556251151,0.4454967643738015,-27.648523657616806,1.2127257023712315,adverse
TMO-DHR,2023-07-25 13:47:00+00:00,2023-07-25 13:58:00+00:00,-1,0.48045913395363016,0.45227195267570425,289.23942266823417,-85.69629951963343,38.75803272082663,263.49,574.105,263.41,578.71,3.357951475161201,1.1952391330896148,-2.162712342071586,1.841701825162498,0.013780078242173806,-1.8279217469203242,183.0862984723598,2.250146168616811,mean_revert
MAR-HLT,2023-07-25 14:03:00+00:00,2023-07-25 14:04:00+00:00,1,34.7264304556572,0.6041070699001599,367.660645286693,209.67300667497196,-126.66494569957399,148.66,193.42,148.63,193.56,-2.9128199157461268,-3.0273949055321623,-0.11457498978603553,-2.950374736900336,-3.1173125270776416,-0.1669377901773057,-26.80733089177716,2.7840482935855313,adverse
TMO-DHR,2023-07-25 14:05:00+00:00,2023-07-25 14:21:00+00:00,1,0.48045913395363016,0.45227195267570425,289.23942266823417,175.54724688953254,-79.39509613757284,259.92,575.83,261.17,574.47,-0.9922176432044125,0.8728722124345722,1.8650898556389848,-1.7739243270930343,-0.22444773296901332,1.549476594124021,322.83850059160125,4.572888767414534,mean_revert
LMT-NOC,2023-07-25 13:32:00+00:00,2023-07-25 14:27:00+00:00,1,20.737539899815097,0.9389650845853433,274.55941876483627,77.67003915317048,-72.92945488320365,445.0,450.37,448.86,450.85,1.3807549554838374,4.79005171488285,3.4092967593990124,-2.4679002339320286,-0.20723387331448248,2.260666360617546,261.41305186188083,3.387160925419223,mean_revert
SLB-HAL,2023-07-24 13:37:00+00:00,2023-07-25 14:54:00+00:00,-1,3.2183079752955557,0.6047273338590607,373.7660168770009,-1985.7718160978204,1200.8504960013,37.57,56.365,38.2,57.52,0.26623585173847886,0.19777578113126992,-0.06846007060720893,1.6762710730745713,0.39040771535437985,-1.2858633577201914,128.69960854462434,7.246470195246575,mean_revert
V-MA,2023-07-24 15:31:00+00:00,2023-07-25 15:35:00+00:00,-1,17.114062376338467,1.5806866906569905,318.8215598174184,-48.24014194736282,76.2525503316004,401.63,239.97,401.91,240.25,5.198552466703518,5.035960193319568,-0.16259227338395021,1.6680796683362267,0.3695218066571488,-1.2985578616790778,5.958080814223605,1.8853935333615794,mean_revert
PSA-EXR,2023-07-25 13:33:00+00:00,2023-07-25 15:44:00+00:00,1,-41.95107324290595,0.6549926790893832,138.75267364085465,207.48309871535628,-135.89991069333817,145.61,295.6,144.39,292.84,-6.054762695915713,-5.466982901629024,0.5877797942866891,-1.6536463895589766,-0.34040683853883597,1.3132395510201407,118.46660235733215,3.4877707235473716,mean_revert
TMO-DHR,2023-07-25 15:20:00+00:00,2023-07-25 16:26:00+00:00,1,0.48045913395363016,0.45227195267570425,289.23942266823417,317.50231819291196,-143.59739342817107,257.78,571.05,258.79,570.5,-0.970357709414543,0.28839186455712706,1.25874957397167,-1.6822568977810965,-0.396293414526611,1.2859634832544855,391.451470866548,8.204436893795764,mean_revert
PSA-EXR,2023-07-25 17:41:00+00:00,2023-07-25 18:02:00+00:00,-1,-41.95107324290595,0.6549926790893832,138.75267364085465,-456.9954002216451,299.32864152270025,144.76,292.42,144.79,293.55,-4.821885976411494,-5.532027703782489,-0.7101417273709956,1.799538321801531,0.004398748890324855,-1.7951395729112063,316.82968857814603,7.701814335854033,mean_revert
MAR-HLT,2023-07-25 14:10:00+00:00,2023-07-25 18:31:00+00:00,1,34.7264304556572,0.6041070699001599,367.660645286693,209.47573368482077,-126.54577169152331,148.8,193.72,150.97,194.99,-2.9540520367161776,-1.5512680154893985,1.402784021226779,-2.8988032257082557,-0.38144348403082023,2.5173597416774354,291.0342264709962,2.814985576826376,mean_revert
TMO-DHR,2023-07-25 17:57:00+00:00,2023-07-26 13:31:00+00:00,1,0.48045913395363016,0.45227195267570425,289.23942266823417,110.47015547013731,-49.96255292686764,258.33,574.0,255.49,563.1,-1.7545599698078718,0.3352043143573269,2.0897642841651987,-1.6989643447748903,0.3109018652234966,2.009866209998387,228.03868868895975,2.8178966787092277,mean_revert
PSA-EXR,2023-07-25 19:52:00+00:00,2023-07-26 13:32:00+00:00,-1,-41.95107324290595,0.6549926790893832,138.75267364085465,-486.4759024221137,318.6381546398856,145.63,294.04,145.18,294.63,-5.012974116536299,-5.849419797199005,-0.8364456806627061,2.2242624454359867,-0.3680192924417601,-2.5922817378777467,398.68532077671057,8.225346550759596,mean_revert
V-MA,2023-07-26 13:32:00+00:00,2023-07-26 13:33:00+00:00,-1,17.114062376338467,1.5806866906569905,318.8215598174184,-43.21902646484382,68.31573991613087,398.52,235.97,399.51,235.56,8.411299229331462,10.049380772500854,1.6380815431693918,2.588015757085376,3.8864806032729193,1.2984648461875432,-72.46423401368988,1.6679444478806769,adverse
TMO-DHR,2023-07-26 13:33:00+00:00,2023-07-26 13:34:00+00:00,-1,0.48045913395363016,0.45227195267570425,289.23942266823417,-58.36578864364336,26.397209199318027,256.87,560.77,256.86,566.13,2.7689979640917386,0.3348202977499568,-2.434177666341782,1.886271916629513,0.31254464268337334,-1.5737272739461396,140.57589476903007,1.4968044257508075,mean_revert
V-MA,2023-07-26 13:36:00+00:00,2023-07-26 13:37:00+00:00,-1,17.114062376338467,1.5806866906569905,318.8215598174184,-48.435509638057376,76.56136544006569,400.01,236.79,400.0,236.45,8.605136142992706,9.132569617816102,0.5274334748233969,2.653160147222099,3.0530299519221358,0.39986980470003664,-27.420366088918783,1.873856935676324,adverse
TMO-DHR,2023-07-26 13:37:00+00:00,2023-07-26 13:38:00+00:00,-1,0.48045913395363016,0.45227195267570425,289.23942266823417,-132.60722318465352,59.97452776862617,259.63,563.48,260.6,563.73,4.30334097234055,5.160272984171627,0.856932011831077,2.87183696914285,3.403896378224028,0.5320594090811781,-117.05371869200741,3.4183441450464165,adverse
V-MA,2023-07-26 13:38:00+00:00,2023-07-26 13:53:00+00:00,-1,17.114062376338467,1.5806866906569905,318.8215598174184,-48.311111635545906,76.36473117315148,401.04,237.51,398.76,237.79,8.497041725719725,5.774449452335716,-2.7225922733840093,2.5408403419829066,0.36783404491690996,-2.1730062970659967,129.6602938424559,1.8711654150726988,mean_revert
PSA-EXR,2023-07-26 13:53:00+00:00,2023-07-26 14:08:00+00:00,1,-41.95107324290595,0.6549926790893832,138.75267364085465,208.1693240814651,-136.3493832843449,145.13,295.24,145.81,295.55,-6.298965331443554,-5.822013061961258,0.47695226948229674,-1.7576371111131002,-0.1805099654380095,1.5771271456750906,95.75427008855013,3.5325614687003286,mean_revert
MAR-HLT,2023-07-26 14:09:00+00:00,2023-07-26 14:24:00+00:00,1,34.7264304556572,0.6041070699001599,367.660645286693,208.6205017890458,-126.02912005688152,149.41,194.38,150.83,194.19,-2.7427627028502855,-1.2079823595692574,1.534780343281028,-1.9132839999120963,0.18477837362688745,2.098062373538984,317.3896540958212,2.7969912554343797,mean_revert
PSA-EXR,2023-07-26 14:21:00+00:00,2023-07-26 15:05:00+00:00,1,-41.95107324290595,0.6549926790893832,138.75267364085465,208.34159026234764,-136.46221637167764,145.01,295.2,147.31,297.88,-6.392765624279974,-5.84814600423951,0.5446196200404643,-1.9532899917077553,-0.04101904624301796,1.9122709454647373,109.89990949358783,3.5670082337170887,mean_revert
V-MA,2023-07-26 14:02:00+00:00,2023-07-26 15:50:00+00:00,-1,17.114062376338467,1.5806866906569905,318.8215598174184,-48.578813555448015,76.78788403500407,398.83,236.08,399.85,235.2,8.547423693359121,10.958427981137447,2.4110042877783258,2.5101905913202267,3.116440575501097,0.6062499841808702,-118.99796522362321,1.8742374462589426,adverse
PSA-EXR,2023-07-26 15:12:00+00:00,2023-07-26 15:52:00+00:00,1,-41.95107324290595,0.6549926790893832,138.75267364085465,205.98359585425126,-134.9177472970408,146.67,297.89,145.98,298.22,-6.494695931030407,-7.400843515129935,-0.9061475840995286,-1.7590745484487935,-3.0785894361238,-1.3195148876750067,-190.16677054354824,3.5152327960863547,adverse
V-MA,2023-07-26 16:40:00+00:00,2023-07-26 16:42:00+00:00,-1,17.114062376338467,1.5806866906569905,318.8215598174184,-48.26778328430327,76.29624262501414,401.4,235.43,401.4,235.3,12.144870042286243,12.350359312071646,0.20548926978540294,2.959775432305993,3.034244270642649,0.07446883833665607,-11.78487124625075,1.8663597049992582,adverse
MAR-HLT,2023-07-26 16:41:00+00:00,2023-07-26 18:03:00+00:00,1,34.7264304556572,0.6041070699001599,367.660645286693,209.96961382486583,-126.84412817580781,148.45,192.66,149.62,193.16,-2.663698542622029,-1.7957520775721036,0.8679464650499256,-1.7920495381643253,-0.2066221710643032,1.585427367100022,179.4465408162467,2.795843270945773,mean_revert
PSA-EXR,2023-07-26 15:53:00+00:00,2023-07-26 18:17:00+00:00,1,-41.95107324290595,0.6549926790893832,138.75267364085465,206.95721334390348,-135.5554596249964,145.98,297.855,145.19,295.87,-7.161771187262303,-6.651610719269854,0.5101604679924492,-2.557724062120096,-0.3800238703530063,2.17770019176709,102.07364323170515,3.5077455822324515,mean_revert
LMT-NOC,2023-07-25 17:07:00+00:00,2023-07-26 19:47:00+00:00,-1,20.737539899815097,0.9389650845853433,274.55941876483627,-57.16206823881355,53.67318623893074,451.12,450.61,457.67,453.0,7.275403335183341,11.581276783024407,4.305873447841066,1.6670908082755858,1.500975036686113,-0.16611577158947277,-248.65639771004038,2.5237658568546717,time_stop
TMO-DHR,2023-07-26 14:05:00+00:00,2023-07-27 13:30:00+00:00,-1,0.48045913395363016,0.45227195267570425,289.23942266823417,-132.25065630327506,59.813262568925644,260.33,562.1,263.575,576.04,5.627476267032989,2.5678052467337125,-3.0596710202992767,2.9798612370586435,0.14240553906016928,-2.8374556979984744,401.17786058142474,3.4656399252669825,mean_revert
V-MA,2023-07-26 16:45:00+00:00,2023-07-27 13:32:00+00:00,-1,17.114062376338467,1.5806866906569905,318.8215598174184,-48.260569447315625,76.2848398088992,401.46,235.39,402.75,238.64,12.26809750991248,8.420865765277313,-3.8472317446351667,2.944017078145168,0.29698429559744,-2.6470327825477282,183.7875168660392,1.882077925845104,mean_revert
MAR-HLT,2023-07-27 13:30:00+00:00,2023-07-27 13:38:00+00:00,-1,34.7264304556572,0.6041070699001599,367.660645286693,-487.8174122542371,294.6939475631856,151.65,194.58,152.13,194.53,-0.6235841168303295,-0.11337876333533359,0.510205353494996,2.1277976018887097,3.0271481577845765,0.8993505558958668,-255.46397908747664,6.57692382728518,adverse
MAR-HLT,2023-07-27 13:39:00+00:00,2023-07-27 13:40:00+00:00,-1,34.7264304556572,0.6041070699001599,367.660645286693,-478.15375187341584,288.85606200601734,152.11,194.56,152.21,194.44,-0.15150197543229638,0.02099087295570712,0.1724928483880035,2.9422607983079865,3.24271171259398,0.3004509142859937,-88.9253503915174,6.447247763455133,adverse
LMT-NOC,2023-07-27 14:04:00+00:00,2023-07-27 14:05:00+00:00,1,20.737539899815097,0.9389650845853433,274.55941876483627,25.203973437549237,-23.665651050675166,438.235,448.68,437.285,448.81,-3.7973940515669256,-4.869459512563026,-1.0720654609961002,-2.9158846208064384,-3.179698933945029,-0.2638143131385906,-28.102444420893764,1.0821350186346121,adverse
MAR-HLT,2023-07-27 14:34:00+00:00,2023-07-27 14:36:00+00:00,-1,34.7264304556572,0.6041070699001599,367.660645286693,-373.6998275812626,225.7547078623115,153.39,195.45,153.63,195.64,0.5908427323565206,0.7160623890755176,0.12521965671899693,2.8938164337083814,3.027648768330564,0.1338323346221828,-51.873471903542345,5.0789077778745995,adverse
PSA-EXR,2023-07-27 14:11:00+00:00,2023-07-27 14:38:00+00:00,-1,-41.95107324290595,0.6549926790893832,138.75267364085465,-487.7852065952732,319.4957392880063,144.36,293.67,144.3,292.48,-6.040626825273222,-5.32118553715685,0.7194412881163714,1.812251484630425,3.1351945429436956,1.3229430583132706,-359.12449331394197,8.191675956932702,adverse
PSA-EXR,2023-07-27 14:41:00+00:00,2023-07-27 14:42:00+00:00,-1,-41.95107324290595,0.6549926790893832,138.75267364085465,-484.5188496958138,317.35629943156727,144.37,292.71,144.41,292.55,-5.401833853347398,-5.257035024693124,0.14479882865427385,2.8747086607593593,3.141216618998514,0.2665079582391545,-78.29835952103323,8.140597624163874,adverse
PSA-EXR,2023-07-27 14:43:00+00:00,2023-07-27 14:46:00+00:00,-1,-41.95107324290595,0.6549926790893832,138.75267364085465,-484.00487962090494,317.0196527952309,144.41,292.71,144.23,292.28,-5.361833853347406,-5.260187001338949,0.10164685200845724,2.8954125419522074,3.0182822219406686,0.12286967998846121,-57.32089876552093,8.12332639533566,adverse
PSA-EXR,2023-07-27 14:47:00+00:00,2023-07-27 14:51:00+00:00,-1,-41.95107324290595,0.6549926790893832,138.75267364085465,-543.6311185847018,356.074402798152,143.9,291.83,143.89,291.51,-5.295440295748733,-5.0958426384401605,0.1995976573085727,2.9142551903164,3.163494305750856,0.24923911543445643,-117.60861425019078,9.1011165406421,adverse
MAR-HLT,2023-07-27 14:44:00+00:00,2023-07-27 14:51:00+00:00,-1,34.7264304556572,0.6041070699001599,367.660645286693,-371.90781562882523,224.67214077249852,153.58,195.45,153.7,195.43,0.7808427323565468,0.9129248737545197,0.13208214139797292,2.9820124108947135,3.0500434759433697,0.06803106504865619,-54.17587607756202,5.0534953866659915,adverse
PSA-EXR,2023-07-27 14:52:00+00:00,2023-07-27 14:56:00+00:00,-1,-41.95107324290595,0.6549926790893832,138.75267364085465,-484.443532109082,317.30696696365123,143.95,291.85,143.75,291.11,-5.258540149330571,-4.973845566804414,0.2846945825261571,2.8196034707807307,3.197705946949801,0.3781024761690701,-146.01894857596736,8.100499444673453,adverse
MAR-HLT,2023-07-27 14:55:00+00:00,2023-07-27 14:57:00+00:00,-1,34.7264304556572,0.6041070699001599,367.660645286693,-370.91292739122696,224.07112175440488,153.6,195.41,153.83,195.56,0.8250070151525506,0.9643909546675218,0.1393839395149712,2.8843621640490076,3.0204861131446044,0.13612394909559677,-56.743149246371146,5.0438442095441935,adverse
PSA-EXR,2023-07-27 14:58:00+00:00,2023-07-27 15:00:00+00:00,-1,-41.95107324290595,0.6549926790893832,138.75267364085465,-484.3330492269829,317.2346014847116,143.7,291.33,143.6,290.86,-5.167943956204056,-4.960097397032058,0.20784655917199757,2.7698216530019755,3.063241719595531,0.29342006659355535,-108.75801187795145,8.091054102841898,adverse
PSA-EXR,2023-07-27 15:01:00+00:00,2023-07-27 15:03:00+00:00,-1,-41.95107324290595,0.6549926790893832,138.75267364085465,-485.87964729385936,318.2476118960095,143.09,290.11,143.35,290.39,-4.978852887715021,-4.902250837860038,0.07660204985498353,2.9924858042846587,3.046089713381828,0.05360390909716939,-45.32271553842787,8.103338572902846,adverse
PSA-EXR,2023-07-27 15:04:00+00:00,2023-07-27 15:30:00+00:00,-1,-41.95107324290595,0.6549926790893832,138.75267364085465,-485.43925764324064,317.9591598989075,143.15,290.42,142.64,288.62,-5.121900618232729,-4.4529137958718366,0.6689868223608926,2.6495371894636124,3.0134330727717322,0.36389588330811984,-332.80308784198775,8.050621422012727,adverse
PSA-EXR,2023-07-27 15:33:00+00:00,2023-07-27 15:34:00+00:00,-1,-41.95107324290595,0.6549926790893832,138.75267364085465,-513.504413228149,336.341631344527,142.69,288.63,142.82,288.64,-4.409463722662707,-4.286013649453622,0.12345007320908508,2.9655251228831276,3.0919667378668763,0.12644161498374862,-71.91317484464125,8.521017438426425,adverse
PSA-EXR,2023-07-27 15:35:00+00:00,2023-07-27 18:36:00+00:00,-1,-41.95107324290595,0.6549926790893832,138.75267364085465,-512.2493071616299,335.51954605947634,142.94,288.94,142.24,289.48,-4.362511453180417,-5.4162074998887135,-1.0536960467082963,2.954915726661159,0.36792075057239493,-2.5869949760887643,531.2556429030608,8.499426982198372,mean_revert
LMT-NOC,2023-07-27 14:39:00+00:00,2023-07-27 19:08:00+00:00,1,20.737539899815097,0.9389650845853433,274.55941876483627,21.90972190702309,-20.572463883669286,436.08,449.34,442.73,448.42,-6.572111007393232,0.9417368704252453,7.513847877818478,-2.9048101564015374,-0.39536387374871645,2.5094462826528208,163.68005768294864,0.9462597717305656,mean_revert
PSA-EXR,2023-07-27 19:47:00+00:00,2023-07-28 13:30:00+00:00,-1,-41.95107324290595,0.6549926790893832,138.75267364085465,-517.7965507492008,339.1529499984608,142.63,288.17,142.0,288.67,-4.168167090281628,-5.125663429826318,-0.95749633954469,1.6592182183986535,0.32478915555242743,-1.334429062846226,487.2167823571025,8.57151961412211,mean_revert
PSA-EXR,2023-07-28 13:32:00+00:00,2023-07-28 13:52:00+00:00,-1,-41.95107324290595,0.6549926790893832,138.75267364085465,-518.7617392719158,339.7851414147802,142.95,288.18,142.42,286.47,-3.8547170170725167,-3.2646795358296856,0.5900374812428311,2.098719059034403,3.0538492726965365,0.9551302136621334,-314.64988482356114,8.561014818409916,adverse
V-MA,2023-07-28 14:13:00+00:00,2023-07-28 15:01:00+00:00,1,17.114062376338467,1.5806866906569905,318.8215598174184,95.57525295946597,-151.074530309203,395.95,235.57,392.81,235.33,6.4735739055942645,3.71293871135191,-2.7606351942423544,-1.6925845800437467,-3.040338488276252,-1.3477539082325054,-267.50317123514964,3.6547642166336285,adverse
SLB-HAL,2023-07-28 14:51:00+00:00,2023-07-28 15:21:00+00:00,-1,3.2183079752955557,0.6047273338590607,373.7660168770009,-742.8497899882597,449.22157295736343,38.065,56.85,38.085,57.205,0.4679430948168317,0.2732648912968827,-0.19467820351994902,1.677575429178521,0.37253638182906174,-1.3050390473494593,141.91720488345868,2.6994577166364424,mean_revert
V-MA,2023-07-28 15:22:00+00:00,2023-07-28 15:23:00+00:00,1,17.114062376338467,1.5806866906569905,318.8215598174184,96.14873117259484,-151.98101968807757,393.03,235.78,393.03,235.82,3.2216297005562637,3.1584022329300296,-0.0632274676262341,-2.993174765745986,-3.0113834610491006,-0.01820869530311464,-9.760715781302263,3.68147499378037,adverse
V-MA,2023-07-28 15:29:00+00:00,2023-07-28 15:32:00+00:00,1,17.114062376338467,1.5806866906569905,318.8215598174184,96.2376575560474,-152.12158443884928,392.61,235.64,392.37,235.55,3.0229258372482946,2.9251876394074543,-0.09773819784084026,-2.9979599011123006,-3.007603878858514,-0.009643977746213395,-13.085745659451483,3.6796504454918635,adverse
V-MA,2023-07-28 15:40:00+00:00,2023-07-28 15:41:00+00:00,1,17.114062376338467,1.5806866906569905,318.8215598174184,96.29877048591337,-152.21818483371547,392.29,235.63,392.14,235.73,2.7187327041548883,2.410664035089212,-0.3080686690656762,-2.9924221800069737,-3.1181937044034123,-0.12577152439643857,-33.34888368472086,3.682249628459891,adverse
MAR-HLT,2023-07-27 15:06:00+00:00,2023-07-28 16:06:00+00:00,-1,34.7264304556572,0.6041070699001599,367.660645286693,-176.15601325731083,106.41709301416778,153.36,194.63,154.36,198.78,1.0562105296746722,-0.4508338104109839,-1.5070443400856561,2.977004928766465,0.34273593568518385,-2.6342689930812813,263.05767115369827,2.4172515977877387,mean_revert
V-MA,2023-07-28 16:00:00+00:00,2023-07-28 16:07:00+00:00,1,17.114062376338467,1.5806866906569905,318.8215598174184,96.62984695059619,-152.74151299502938,390.79,234.98,390.77,235.25,2.246179053081903,1.7993936466044715,-0.4467854064774315,-2.9079514471677186,-3.006623703443361,-0.09867225627564258,-46.857429758923416,3.6846243112482564,adverse
PSA-EXR,2023-07-28 13:53:00+00:00,2023-07-28 18:31:00+00:00,-1,-41.95107324290595,0.6549926790893832,138.75267364085465,-519.033578703637,339.9631942524454,142.48,286.78,140.89,282.69,-3.407727266347365,-2.318807208871789,1.0889200574755762,2.8296287693554123,1.329764917289335,-1.4998638520660772,-573.6476161680476,8.46154181433896,time_stop
V-MA,2023-07-28 16:16:00+00:00,2023-07-31 13:30:00+00:00,1,17.114062376338467,1.5806866906569905,318.8215598174184,90.29537192552839,-142.7286926306056,390.76,235.32,392.97,236.655,1.6787455782584857,1.7785288462314384,0.09978326797295267,-2.927785306543934,,,5.546925740557859,3.463041553003543,descreen
PSA-EXR,2023-07-28 19:53:00+00:00,2023-07-31 13:30:00+00:00,-1,-41.95107324290595,0.6549926790893832,138.75267364085465,-497.33027856209947,325.74769154765875,140.98,281.93,141.24,282.445,-1.7310127727638758,-1.8083340024948598,-0.07732122973098399,1.6768871325094574,,,30.34175195671986,8.11243676416447,descreen
SLB-HAL,2023-07-28 18:00:00+00:00,2023-07-31 13:30:00+00:00,-1,3.2183079752955557,0.6047273338590607,373.7660168770009,-694.4689203010128,419.964338621612,38.145,57.065,38.59,57.54,0.417926718037144,0.5756812344540947,0.1577545164169507,1.8003246478901613,3.2772517270780694,1.476927079187908,-112.10382387261978,2.548215183935182,adverse
SLB-HAL,2023-07-31 13:33:00+00:00,2023-07-31 14:18:00+00:00,-1,3.1415123057322125,0.6075944169747464,383.0180198322596,-800.9882116944542,486.6759654881366,38.83,58.065,39.09,58.3,0.4085178726291403,0.5257331846400817,0.11721531201094137,2.569866952136213,3.222213837814395,0.652346885678182,-96.87227505000507,2.9841918991547285,adverse
SLB-HAL,2023-07-31 14:19:00+00:00,2023-07-31 14:28:00+00:00,-1,3.1415123057322125,0.6075944169747464,383.0180198322596,-796.2716912466884,483.8102339965269,39.06,58.31,39.185,58.46,0.4896572404703292,0.5235180779241162,0.033860837453786985,2.9307884797539074,3.0688071687791614,0.13801868902525394,-29.93669893140462,2.9742726250469227,adverse
TMO-DHR,2023-07-31 13:34:00+00:00,2023-07-31 18:16:00+00:00,-1,-10.452993282134262,0.47446056023317756,165.03890999404203,-131.16232293691385,62.231349222133105,258.54,553.72,254.61,547.13,6.274691869819179,5.471386961755826,-0.8033049080633532,2.8578646155694467,0.3705920227591669,-2.48727259281028,101.9911439110695,3.3721938571436665,mean_revert
MAR-HLT,2023-07-31 18:24:00+00:00,2023-08-01 13:30:00+00:00,1,37.09611770322213,0.5901658450078968,354.30617219563874,202.92520935785595,-119.75952765408343,154.95,201.76,154.9,200.3,-1.2179785920153847,-0.4063364583038549,0.8116421337115298,-1.6613150467461184,-0.22125801064380937,1.440057036102309,161.9316024911378,2.77104741593224,mean_revert
MAR-HLT,2023-08-01 13:44:00+00:00,2023-08-01 14:04:00+00:00,1,37.09611770322213,0.5901658450078968,354.30617219563874,475.9376683780549,-280.88215622942295,156.23,204.3,154.71,203.0,-1.4369998383354528,-2.1897842398251726,-0.7527844014897198,-1.9011608927661705,-3.0306893168150775,-1.129528424048907,-364.81102255584887,6.532569719467086,adverse
MAR-HLT,2023-08-01 14:05:00+00:00,2023-08-01 14:06:00+00:00,1,37.09611770322213,0.5901658450078968,354.30617219563874,203.08248524187673,-119.85234650907591,154.83,203.03,154.57,202.85,-2.0874892151753954,-2.2412593630739934,-0.153770147898598,-2.8536437551740037,-3.094404225377658,-0.2407604702036541,-34.01314920291753,2.7851254116601463,adverse
MAR-HLT,2023-08-01 14:07:00+00:00,2023-08-01 14:08:00+00:00,1,37.09611770322213,0.5901658450078968,354.30617219563874,203.1743421426711,-119.90655731455303,154.76,202.88,154.58,202.8,-2.0689643384242515,-2.2017510708236046,-0.132786732399353,-2.804582016227312,-3.0114694112663156,-0.20688739503900377,-29.765043982104345,2.786186981590273,adverse
MAR-HLT,2023-08-01 14:09:00+00:00,2023-08-01 14:11:00+00:00,1,37.09611770322213,0.5901658450078968,354.30617219563874,203.4899119207855,-120.09279581931287,154.52,202.57,154.54,202.91,-2.126012926471759,-2.306669313774478,-0.1806563873027187,-2.879748802792909,-3.1550195453161645,-0.2752707425232557,-39.55252034955153,2.7907680093967477,adverse
MAR-HLT,2023-08-01 14:14:00+00:00,2023-08-01 14:16:00+00:00,1,37.09611770322213,0.5901658450078968,354.30617219563874,203.37145844382493,-120.02288862298832,154.61,202.83,154.475,202.69,-2.189456046173831,-2.2418328278727415,-0.05237678169891069,-2.9340642513831368,-3.0012614758372047,-0.06719722445406795,-13.439104749605324,2.7871622669051677,adverse
TMO-DHR,2023-08-01 14:04:00+00:00,2023-08-01 14:21:00+00:00,-1,-10.452993282134262,0.47446056023317756,165.03890999404203,-131.84567251986667,62.555571648096006,257.2,549.09,255.27,547.68,7.131444263698739,5.870433653627629,-1.2610106100711107,1.9045499578834975,0.18710309166614797,-1.7174468662173494,162.86295792430053,3.395834015218779,mean_revert
MAR-HLT,2023-08-01 14:37:00+00:00,2023-08-01 14:38:00+00:00,1,37.09611770322213,0.5901658450078968,354.30617219563874,204.00480886264697,-120.39667040809853,154.13,202.4,154.04,202.43,-2.415684732820438,-2.523389708170697,-0.10770497535025925,-2.986623228795627,-3.134738281359393,-0.148115052563766,-24.76217284727769,2.789839937395676,adverse
MAR-HLT,2023-08-01 14:45:00+00:00,2023-08-01 14:47:00+00:00,1,37.09611770322213,0.5901658450078968,354.30617219563874,204.17702071428425,-120.49830396104042,154.0,202.26,154.01,202.4,-2.4630615145193246,-2.5356847328204424,-0.07262321830111773,-2.940115233700957,-3.018618695993538,-0.0785034622925811,-17.61970033150253,2.7917079840960746,adverse
MAR-HLT,2023-08-01 14:55:00+00:00,2023-08-01 15:19:00+00:00,1,37.09611770322213,0.5901658450078968,354.30617219563874,204.00480886264697,-120.39667040809853,154.13,202.7,154.41,203.59,-2.5927344863227972,-2.837982088379846,-0.24524760205704865,-2.973753914413002,-3.01871423259311,-0.044960318180107706,-52.8322872149114,2.800597033243305,adverse
MAR-HLT,2023-08-01 15:20:00+00:00,2023-08-01 15:22:00+00:00,1,37.09611770322213,0.5901658450078968,354.30617219563874,203.6348759147709,-120.17834861731899,154.41,203.39,154.42,203.73,-2.719948919378254,-2.9106053066809636,-0.19065638730270962,-2.849596840729379,-3.0724435800077488,-0.22284673927836973,-41.620751395871274,2.7964616251282655,adverse
TMO-DHR,2023-08-01 15:20:00+00:00,2023-08-01 16:35:00+00:00,-1,-10.452993282134262,0.47446056023317756,165.03890999404203,-133.26013664522225,63.226679089441944,254.47,544.19,255.12,543.5,6.726301008841347,7.703678795402283,0.9773777865609361,1.7208259971809519,3.020242424762512,1.29941642758156,-133.66354869841567,3.418051307302039,adverse
TMO-DHR,2023-08-01 16:36:00+00:00,2023-08-01 16:37:00+00:00,-1,-10.452993282134262,0.47446056023317756,165.03890999404203,-132.9206137194642,63.06558885187477,255.12,543.57,255.15,543.35,7.670466556185914,7.8048478794372045,0.13438132325129004,2.9278940835025193,3.1339793053321547,0.2060852218296354,-21.27111707365762,3.409069114659373,adverse
TMO-DHR,2023-08-01 16:38:00+00:00,2023-08-01 17:38:00+00:00,-1,-10.452993282134262,0.47446056023317756,165.03890999404203,-132.95188180079083,63.08042432325842,255.06,543.35,254.71,545.66,7.714847879437201,6.268843985298588,-1.446003894138613,2.9427845579000618,0.2259232509789094,-2.7168613069211522,188.83470690951413,3.414231907485431,mean_revert
LMT-NOC,2023-08-01 18:46:00+00:00,2023-08-02 13:30:00+00:00,1,106.87446959894585,0.7527518184765104,263.9545526338515,140.5842923695694,-105.82508173042677,448.07,452.86,447.85,450.74,0.3043418857816391,1.6801757409518814,1.3758338551702423,-1.6939688068449308,-0.27749142732065984,1.4164773795242709,187.88761531335993,5.533013633844211,mean_revert
TMO-DHR,2023-08-02 13:38:00+00:00,2023-08-02 13:42:00+00:00,-1,-10.452993282134262,0.47446056023317756,165.03890999404203,-120.12380544716808,56.9940080298046,254.84,543.82,257.54,546.56,7.2718514161276175,8.671829481088793,1.399978064961175,1.712582150022353,3.9940664068837095,2.2814842568613565,-171.2750591998789,3.1043664941816838,adverse
TMO-DHR,2023-08-02 13:45:00+00:00,2023-08-02 13:46:00+00:00,-1,-10.452993282134262,0.47446056023317756,165.03890999404203,-118.902651895628,56.41461883161015,256.96,547.01,257.44,546.42,7.878322228983762,8.638253959521393,0.7599317305376303,2.5539861443923244,3.7428746111030233,1.188888466710699,-93.42971675685433,3.071818736298944,adverse
SLB-HAL,2023-07-31 14:29:00+00:00,2023-08-02 14:17:00+00:00,-1,3.1415123057322125,0.6075944169747464,383.0180198322596,-794.6441558532359,482.8213525780364,39.14,58.44,38.94,57.25,0.49066996626361004,1.0137073224635529,0.5230373561999428,2.8121256810569815,1.7134109348679534,-1.098714746189028,-418.55782669041366,2.9292482932008794,time_stop
LMT-NOC,2023-08-02 13:32:00+00:00,2023-08-02 14:17:00+00:00,1,106.87446959894585,0.7527518184765104,263.9545526338515,141.67546918165021,-106.64646706,445.39,450.52,447.8,450.9,-0.6142188589832926,1.5097354499956737,2.1239543089789663,-2.5274321380912035,-0.39552331451251765,2.131908823578686,295.3357648901362,5.576458354844848,mean_revert
TMO-DHR,2023-08-02 13:53:00+00:00,2023-08-02 14:39:00+00:00,-1,-10.452993282134262,0.47446056023317756,165.03890999404203,-118.4158511737442,56.18365108838325,257.74,547.74,257.01,549.59,8.311966020013557,6.70421398358215,-1.6077520364314069,2.92391409953382,0.16990964690913682,-2.754004452624683,187.31772433475427,3.0656015355914272,mean_revert
LMT-NOC,2023-08-02 15:13:00+00:00,2023-08-02 17:51:00+00:00,1,106.87446959894585,0.7527518184765104,263.9545526338515,146.5857127341376,-110.34266182329743,446.75,451.27,446.76,450.07,0.18121727715930547,1.0945194593311385,0.913302182171833,-1.7353609672726842,-0.3969825081400194,1.3383784591326648,128.11952357389995,5.757527741395739,mean_revert
TMO-DHR,2023-08-02 15:25:00+00:00,2023-08-02 19:21:00+00:00,1,-10.452993282134262,0.47446056023317756,165.03890999404203,259.3376242242791,-123.04547447899276,257.07,552.11,258.03,553.3,5.568573371794599,5.963965305117114,0.39539193332251443,-1.6875987536082966,-0.2390810578078408,1.4485176958004558,95.79010721491767,6.749897410390872,mean_revert
LMT-NOC,2023-08-03 13:30:00+00:00,2023-08-03 13:31:00+00:00,-1,106.87446959894585,0.7527518184765104,263.9545526338515,-63.743679520898795,47.98317067574046,447.52,447.88,445.42,447.25,3.503045941794653,1.8772795874348844,-1.6257663543597687,1.8290119774125382,0.3742588630488919,-1.4547531143636463,101.13967032732283,2.492659140846183,mean_revert
SLB-HAL,2023-08-02 14:19:00+00:00,2023-08-03 13:33:00+00:00,-1,3.1415123057322125,0.6075944169747464,383.0180198322596,-1710.4377486148633,1039.2524266412456,38.87,57.15,39.04,57.68,1.0044667641610303,0.8524417231644179,-0.1520250409966124,1.6738057367142891,0.2983121195432415,-1.3754936171710477,253.69339037160208,6.335978483729565,mean_revert
LMT-NOC,2023-08-03 13:41:00+00:00,2023-08-03 14:04:00+00:00,1,106.87446959894585,0.7527518184765104,263.9545526338515,118.99851753903414,-89.57635047351687,442.03,446.32,445.81,448.49,-0.8126612213819726,1.3338673325239938,2.1465285539059664,-2.0127999204661537,-0.024426925670340455,1.9883729947958133,250.7724744436223,4.661241326397219,mean_revert
MAR-HLT,2023-08-01 15:23:00+00:00,2023-08-03 14:13:00+00:00,1,37.09611770322213,0.5901658450078968,354.30617219563874,203.71403427275527,-120.22506517654827,154.35,203.4,148.54,199.09,-2.7858505778283416,-6.052235785844317,-3.2663852080159756,-2.8952290004447465,-2.4870274991503147,0.4082015012944318,-668.118272757629,2.7097645438437032,time_stop
LMT-NOC,2023-08-03 15:37:00+00:00,2023-08-03 15:50:00+00:00,1,106.87446959894585,0.7527518184765104,263.9545526338515,142.78191865043954,-107.47934890968354,444.04,448.75,442.65,448.85,-0.6318481402798852,-2.0971233221275725,-1.4652751818476872,-1.8074098925818785,-3.136720200886157,-1.3293103083042785,-214.78702791752434,5.572226102436426,adverse
LMT-NOC,2023-08-03 15:54:00+00:00,2023-08-03 15:55:00+00:00,1,106.87446959894585,0.7527518184765104,263.9545526338515,50.22305829641023,-37.805498462074596,443.05,449.23,442.62,449.3,-1.983169013148597,-2.4658616404419718,-0.4826926272933747,-2.9398867910011623,-3.3728150876937706,-0.43292829669260824,-26.203086985910065,1.9607870261083606,adverse
LMT-NOC,2023-08-03 15:58:00+00:00,2023-08-03 16:01:00+00:00,1,106.87446959894585,0.7527518184765104,263.9545526338515,18.219691486708097,-13.714905898700515,443.1,449.37,442.84,449.31,-2.0385542677353214,-2.25338915862676,-0.2148348908914386,-2.9038340504920157,-3.042215306555524,-0.13838125606350848,-4.6257580599888595,0.7115326273659471,adverse
MAR-HLT,2023-08-03 14:14:00+00:00,2023-08-03 19:53:00+00:00,1,37.09611770322213,0.5901658450078968,354.30617219563874,211.88181394878555,-125.045409770891,148.4,198.82,151.2,200.72,-6.032891007692172,-4.354206113207198,1.6786848944849737,-2.4647745569067796,-0.3417928690286866,2.122981687878093,352.82601824598885,2.8567822459134806,mean_revert
TMO-DHR,2023-08-03 15:31:00+00:00,2023-08-04 13:30:00+00:00,-1,-10.452993282134262,0.47446056023317756,165.03890999404203,-131.06093751298488,62.18324583709628,258.74,551.62,256.48,547.635,7.471059046308852,7.101784378838062,-0.3692746674707905,1.733307115310507,-0.03965311232173369,-1.7729602276322407,45.01407256414871,3.3834115543664285,mean_revert
SLB-HAL,2023-08-03 14:44:00+00:00,2023-08-04 13:36:00+00:00,-1,3.1415123057322125,0.6075944169747464,383.0180198322596,-784.8188811530571,476.8515705249645,39.63,57.97,39.43,57.83,1.2662393422417395,1.1513025606182055,-0.11493678162353405,1.6850741020735174,0.26760871932564506,-1.4174653827478723,87.27846961675215,2.9260867403661868,mean_revert
LMT-NOC,2023-08-03 16:17:00+00:00,2023-08-04 18:35:00+00:00,1,106.87446959894585,0.7527518184765104,263.9545526338515,55.918385068321236,-42.09266604644856,442.735,449.32,438.79,446.61,-2.36591667681148,-4.270959248740155,-1.905042571928675,-2.7690490746797076,-1.4450936395186673,1.3239554351610403,-108.6936757970088,2.1667716883566532,time_stop
TMO-DHR,2023-08-04 14:07:00+00:00,2023-08-04 19:11:00+00:00,1,-10.452993282134262,0.47446056023317756,165.03890999404203,289.05389957711446,-137.14467513094237,255.56,549.28,255.1,548.61,5.401296757254528,5.259185332610684,-0.14211142464384352,-1.7017410272613909,-0.39113070484790485,1.310610322413486,-48.526690968034586,7.4488295002854095,mean_revert
MAR-HLT,2023-08-04 19:09:00+00:00,2023-08-07 13:30:00+00:00,1,37.09611770322213,0.5901658450078968,354.30617219563874,207.8893301818167,-122.68918221487752,151.25,203.04,151.59,204.25,-5.673390873625493,-6.047491546085041,-0.3741006724595479,-1.6939197449344556,,,-80.60019866966691,2.8286604514825164,descreen
LMT-NOC,2023-08-04 18:59:00+00:00,2023-08-07 13:31:00+00:00,1,106.87446959894585,0.7527518184765104,263.9545526338515,65.060087941324,-48.97409950807333,438.465,447.03,435.71,446.455,-4.912115012500294,-7.234282716876294,-2.3221677043759996,-1.6797577605913274,-3.938276669966623,-2.2585189093752955,-153.59103818684528,2.5106031256395576,adverse
LMT-NOC,2023-08-07 13:35:00+00:00,2023-08-07 13:36:00+00:00,1,134.1444759715971,0.694526899510382,209.87391888108567,67.24421345290237,-46.702915079458606,438.8,448.17,437.36,448.09,-6.610596525165022,-7.995034373204135,-1.3844378480391129,-2.2157260717711775,-3.3322592227565324,-1.1165331509853549,-95.61228608650646,2.516851920685799,adverse
LMT-NOC,2023-08-07 14:34:00+00:00,2023-08-07 14:35:00+00:00,1,134.1444759715971,0.694526899510382,209.87391888108567,67.84723123277435,-47.121727148462725,434.9,449.0,434.24,448.73,-11.08705385175864,-11.55953158889082,-0.47247773713218066,-2.859408552315794,-3.0409968936542886,-0.18158834133849444,-34.58665199923731,2.530345715692481,adverse
LMT-NOC,2023-08-07 14:38:00+00:00,2023-08-07 14:39:00+00:00,1,134.1444759715971,0.694526899510382,209.87391888108567,67.96913494686622,-47.20639255704975,434.12,448.63,433.89,448.64,-11.610078898939776,-11.847024167934933,-0.23694526899515722,-2.980780456661735,-3.0551016569800225,-0.0743212003182876,-18.638455159295066,2.533490195944529,adverse
TMO-DHR,2023-08-07 13:31:00+00:00,2023-08-07 18:19:00+00:00,1,-26.090172700767877,0.5056755464219017,252.59159106732668,299.22818223053997,-151.31237455426069,254.43,551.16,255.71,551.66,1.8120385348725563,2.8392007616616013,1.027162226789045,-1.7224575345490394,-0.3590696493517978,1.3633878851972416,299.35645482672237,7.999431151238742,mean_revert
LMT-NOC,2023-08-07 14:41:00+00:00,2023-08-07 19:27:00+00:00,1,134.1444759715971,0.694526899510382,209.87391888108567,67.98636175003702,-47.218357035244445,434.01,448.49,436.61,448.72,-11.622845133008354,-9.182586319895734,2.440258813112621,-2.9084947002323145,-0.3719275671469306,2.536567133085384,163.36075110336378,2.5435673286269274,mean_revert
TMO-DHR,2023-08-08 13:37:00+00:00,2023-08-08 13:39:00+00:00,-1,-26.090172700767877,0.5056755464219017,252.59159106732668,-129.45456686787483,65.46200883772322,256.52,550.83,255.97,548.6,4.068911465191718,4.646567933712589,0.5776564685208712,2.1534441715604604,3.157652701670183,1.0042085301097226,-78.23271510727226,3.4524471764772438,adverse
KO-PEP,2023-08-07 13:32:00+00:00,2023-08-08 13:45:00+00:00,-1,31.21990406773766,2.533538048830271,511.71847883993166,-75.98605714445593,192.51356695607035,186.22,60.95,186.85,61.26,0.5809518560573395,0.42555506091994744,-0.15539679513739202,1.8990072708974366,0.39849860993862957,-1.500508660958807,10.508420960915473,1.2995687944585228,mean_revert
T-VZ,2023-08-07 14:12:00+00:00,2023-08-08 13:51:00+00:00,1,7.718290996619524,1.796060997434778,501.08327375310597,549.0420459598455,-986.1130047002714,32.57,14.035,32.67,14.015,-0.3560070956166328,-0.2200858756679409,0.13592121994869188,-1.755585350408348,-0.19947547128914064,1.5561098791192074,73.03858581987122,1.5878788701191229,mean_revert
TMO-DHR,2023-08-08 13:40:00+00:00,2023-08-08 13:57:00+00:00,-1,-26.090172700767877,0.5056755464219017,252.59159106732668,-129.7377929869794,65.60522936026237,255.96,548.87,253.82,547.54,4.500035536178672,3.0325840129198127,-1.467451523258859,2.8965718827759495,0.3224050913894518,-2.5741667913864976,186.94134524799256,3.442576694993658,mean_revert
TMO-DHR,2023-08-08 14:02:00+00:00,2023-08-08 14:47:00+00:00,-1,-26.090172700767877,0.5056755464219017,252.59159106732668,-130.26197580883868,65.87029579513104,254.93,548.11,255.95,547.99,3.8543489514593148,4.935030017029931,1.0806810655706158,1.7027860215928228,3.428843854627594,1.7260578330347713,-144.24349162548143,3.471840805052306,adverse
TMO-DHR,2023-08-08 14:50:00+00:00,2023-08-08 14:57:00+00:00,-1,-26.090172700767877,0.5056755464219017,252.59159106732668,-129.72765642998377,65.60010355126477,255.98,548.59,255.46,547.34,4.6616246891768185,4.773719122204199,0.11209443302738009,2.937176366870801,3.0423271313692046,0.10515076449840377,-17.9940374849594,3.452289389467645,adverse
TMO-DHR,2023-08-08 14:58:00+00:00,2023-08-08 15:00:00+00:00,-1,-26.090172700767877,0.5056755464219017,252.59159106732668,-129.91543950920249,65.69506086245748,255.61,547.72,255.48,547.35,4.731562414563882,4.788662366739942,0.05709995217605979,2.9570513159596317,3.00818467744631,0.051133361486678464,-10.875614785354001,3.457449402443858,adverse
TMO-DHR,2023-08-08 15:08:00+00:00,2023-08-08 15:09:00+00:00,-1,-26.090172700767877,0.5056755464219017,252.59159106732668,-130.0171704042412,65.74650368839417,255.41,547.11,255.3,546.67,4.840024497881217,4.9525217383069275,0.11249724042571074,2.9114413912896335,3.0574278691383494,0.14598647784871588,-18.083324117209273,3.45675123877686,adverse
TMO-DHR,2023-08-08 15:10:00+00:00,2023-08-08 15:17:00+00:00,-1,-26.090172700767877,0.5056755464219017,252.59159106732668,-130.14455828871002,65.81092062648048,255.16,546.48,255.37,546.36,4.908600092127045,5.1792811576976305,0.27068106557058513,2.972436289711031,3.2381503244772136,0.2657140347661828,-38.687241237991685,3.4595735221835873,adverse
TMO-DHR,2023-08-08 15:18:00+00:00,2023-08-08 15:27:00+00:00,-1,-26.090172700767877,0.5056755464219017,252.59159106732668,-130.03244378160878,65.75422706184024,255.38,546.81,255.17,545.93,4.961727161807801,5.196721642659071,0.23499448085127028,2.913255942945831,3.0761167183246223,0.16286077537879118,-34.010785813261414,3.4538791929811774,adverse
TMO-DHR,2023-08-08 15:28:00+00:00,2023-08-08 15:32:00+00:00,-1,-26.090172700767877,0.5056755464219017,252.59159106732668,-130.1700658262994,65.82381916448887,255.11,546.31,255.51,546.56,4.944564935018775,5.218146048413303,0.2735811133945276,2.720323457126404,3.0181447873919116,0.2978213302655077,-39.07389254548562,3.4618210060910393,adverse
KO-PEP,2023-08-08 16:36:00+00:00,2023-08-08 17:59:00+00:00,1,31.21990406773766,2.533538048830271,511.71847883993166,5.159787583660415,-13.072518167085667,185.28,60.96,184.1,60.815,-0.38438352443100143,-1.1970205073505724,-0.812636982919571,-1.7026795756684685,-3.014865396956732,-1.3121858212882633,-4.280280318816022,0.08724610432415986,adverse
TMO-DHR,2023-08-08 15:33:00+00:00,2023-08-08 19:08:00+00:00,-1,-26.090172700767877,0.5056755464219017,252.59159106732668,-130.06809562080312,65.77225532510577,255.31,546.5,258.5,555.18,5.048486581198574,3.849222838256537,-1.199263742942037,2.778880005286236,0.3967980793049481,-2.382081925981288,152.4790490200847,3.5069021714684916,mean_revert
KO-PEP,2023-08-08 18:01:00+00:00,2023-08-09 13:30:00+00:00,1,31.21990406773766,2.533538048830271,511.71847883993166,72.58197980702374,-183.88920750052506,184.12,60.805,182.73,60.89,-1.1516851268622759,-2.757035861012895,-1.605350734150619,-2.891477402264079,-4.908698211239261,-2.017220808975182,-117.74253052005108,1.2229959507422208,adverse
KO-PEP,2023-08-09 13:32:00+00:00,2023-08-09 13:40:00+00:00,1,31.21990406773766,2.533538048830271,511.71847883993166,72.67675851537388,-184.12933296434912,184.22,60.945,184.15,61.09,-1.4063804536985174,-1.8437434707788896,-0.4373630170803722,-2.5453490416966353,-3.1917146858322774,-0.646365644135642,-33.01772067747678,1.2315943015699093,adverse
TMO-DHR,2023-08-09 13:31:00+00:00,2023-08-09 13:52:00+00:00,-1,-26.090172700767877,0.5056755464219017,252.59159106732668,-124.6613016647058,63.03817183696563,258.96,553.23,258.52,555.38,5.295290153779149,3.768087728972091,-1.527202424807058,1.7002423229825991,0.18754103836841352,-1.5127012846141856,187.02116320288627,3.3618789790586856,mean_revert
KO-PEP,2023-08-09 14:38:00+00:00,2023-08-09 14:39:00+00:00,1,31.21990406773766,2.533538048830271,511.71847883993166,72.78048663207197,-184.39213209473724,184.26,61.35,184.19,61.35,-2.3924633634748034,-2.4624633634747966,-0.06999999999999318,-2.9469910880258547,-3.0207613173005545,-0.07377022927469978,-6.330528821083215,1.2358947568386733,adverse
KO-PEP,2023-08-09 14:46:00+00:00,2023-08-09 14:47:00+00:00,1,31.21990406773766,2.533538048830271,511.71847883993166,72.7430930481462,-184.29739402707918,184.34,61.425,184.31,61.445,-2.502478717137052,-2.5831494781136826,-0.08067076097663062,-2.967796291785255,-3.0514795840038853,-0.08368329221863036,-7.104812314771514,1.2365716427848852,adverse
LMT-NOC,2023-08-08 14:51:00+00:00,2023-08-09 15:21:00+00:00,1,134.1444759715971,0.694526899510382,209.87391888108567,68.21268433579205,-47.375544159018055,432.57,448.72,434.76,452.35,-13.222586319895754,-13.553718965118435,-0.3311326452226808,-1.718170647465427,-1.1318957842012956,0.5862748632641315,-25.14177030395894,2.5543237021080385,time_stop
TMO-DHR,2023-08-09 14:23:00+00:00,2023-08-09 16:03:00+00:00,-1,-26.090172700767877,0.5056755464219017,252.59159106732668,-125.23980465688847,63.330706653644306,258.16,551.36,255.61,548.55,5.4409034255881465,4.311851711033739,-1.1290517145544072,1.68508837970263,0.29616225294764925,-1.3889261267549806,138.06458589816256,3.3376302801601927,mean_revert
TMO-DHR,2023-08-09 19:26:00+00:00,2023-08-09 19:51:00+00:00,1,-26.090172700767877,0.5056755464219017,252.59159106732668,282.1330514577809,-142.66778495959187,256.12,551.01,255.63,548.5,3.5778898668358465,4.3571354883548,0.7792456215189532,-1.8445431322070718,-0.3994079488103041,1.4451351833967676,212.33219743453463,7.518747599724433,mean_revert
T-VZ,2023-08-08 17:12:00+00:00,2023-08-10 13:30:00+00:00,1,7.718290996619524,1.796060997434778,501.08327375310597,538.9283682905105,-967.9482226977518,32.575,14.125,32.88,14.315,-0.5126525853857586,-0.5489041748983681,-0.03625158951260943,-1.6643359074669686,-0.29269760611947676,1.3716383013474918,-21.115817161832325,1.578807177865515,mean_revert
LMT-NOC,2023-08-10 13:34:00+00:00,2023-08-10 13:35:00+00:00,1,134.1444759715971,0.694526899510382,209.87391888108567,67.94878724958794,-47.19226053394689,434.25,453.16,434.11,453.34,-14.626285753721845,-14.891300595633652,-0.2650148419118068,-2.7303806258878365,-3.1346677596732446,-0.40428713378540815,-20.552006482218367,2.5445693711689055,adverse
TMO-DHR,2023-08-10 13:30:00+00:00,2023-08-10 13:35:00+00:00,-1,-26.090172700767877,0.5056755464219017,252.59159106732668,-128.78184089407912,65.12182776333186,257.86,550.63,257.405,548.08,5.510046574476178,6.344519217851939,0.8344726433757614,1.9522808083875862,3.6207421919854332,1.668461383597847,-110.90697624547539,3.4420530557933686,adverse
TMO-DHR,2023-08-10 13:36:00+00:00,2023-08-10 13:43:00+00:00,-1,-26.090172700767877,0.5056755464219017,252.59159106732668,-128.73690828822347,65.09910644331366,257.95,550.19,259.78,556.1,5.822543814901735,4.664001335548278,-1.158542479353457,2.5414040720190205,0.14546628882651355,-2.395937783192507,145.66493255612266,3.482244356412071,mean_revert
LMT-NOC,2023-08-10 13:55:00+00:00,2023-08-10 13:56:00+00:00,1,134.1444759715971,0.694526899510382,209.87391888108567,68.09304886145331,-47.29245410395412,433.33,452.76,433.28,452.76,-15.268474993917664,-15.318474993917675,-0.05000000000001137,-2.975948064902322,-3.0157924524511706,-0.03984438754884856,-5.950426829613278,2.5457743865398377,adverse
LMT-NOC,2023-08-10 14:01:00+00:00,2023-08-10 14:04:00+00:00,1,134.1444759715971,0.694526899510382,209.87391888108567,68.11191076644945,-47.30555420434995,433.21,452.655,433.09,452.7,-15.315549669469078,-15.466803379947066,-0.15125371047798808,-2.8685529755684303,-3.0009451219704637,-0.13239214640203345,-12.847869822278287,2.545690591107541,adverse
TMO-DHR,2023-08-10 13:46:00+00:00,2023-08-10 14:06:00+00:00,-1,-26.090172700767877,0.5056755464219017,252.59159106732668,-127.75380573199934,64.60197552100624,259.935,554.81,261.34,556.0,5.471322790432623,6.274568890190494,0.803246099757871,1.7606801112776427,3.0107589747054706,1.250078863427828,-106.08304008243866,3.4652938989840085,adverse
LMT-NOC,2023-08-10 14:05:00+00:00,2023-08-10 14:42:00+00:00,1,134.1444759715971,0.694526899510382,209.87391888108567,68.13392953364021,-47.32084683045799,433.07,452.14,432.55,452.79,-15.097868316221252,-16.069310800902997,-0.9714424846817451,-2.5189150717174202,-3.011929358869862,-0.4930142871524419,-68.73308067009793,2.5448868728069574,adverse
LMT-NOC,2023-08-10 14:43:00+00:00,2023-08-10 14:45:00+00:00,1,134.1444759715971,0.694526899510382,209.87391888108567,68.17013414456513,-47.345991906631646,432.84,452.77,432.18,452.395,-15.765420262912812,-16.164972675596346,-0.3995524126835335,-2.668091733759333,-3.0450742248290488,-0.37698249106971593,-29.781584499583886,2.544042929159939,adverse
TMO-DHR,2023-08-10 14:47:00+00:00,2023-08-10 14:56:00+00:00,-1,-26.090172700767877,0.5056755464219017,252.59159106732668,-126.37879505578623,63.90666624597623,261.17,553.95,261.42,554.03,7.141203760355438,7.350749716641701,0.20954595628626294,2.9983652833057426,3.0706882777780877,0.07232299447234514,-29.9043732094602,3.4222077451870923,adverse
TMO-DHR,2023-08-10 14:57:00+00:00,2023-08-10 14:58:00+00:00,-1,-26.090172700767877,0.5056755464219017,252.59159106732668,-126.23009115885012,63.831470321637994,261.39,554.09,261.58,554.23,7.2904091838563545,7.409614607357241,0.11920542350088681,2.976426016360755,3.095721769243617,0.11929575288286198,-18.46714062723746,3.419829152084672,adverse
KO-PEP,2023-08-09 14:50:00+00:00,2023-08-10 18:54:00+00:00,1,31.21990406773766,2.533538048830271,511.71847883993166,72.75247676069993,-184.32116801987334,184.3,61.435,184.34,61.09,-2.5678140976253303,-1.6537434707788918,0.9140706268464385,-2.9892905296272017,-0.38226186965280845,2.607028659974393,65.26733345126344,1.2335685860200745,mean_revert
TMO-DHR,2023-08-10 15:08:00+00:00,2023-08-11 13:44:00+00:00,-1,-26.090172700767877,0.5056755464219017,252.59159106732668,-126.60915723862647,64.02315476865891,260.55,552.18,254.61,542.61,7.4162494775222285,6.315564456779782,-1.1006850207424463,2.8667491619711307,0.3517196346885308,-2.5150295272826,136.00802478470183,3.3487780766774344,mean_revert
LMT-NOC,2023-08-10 14:47:00+00:00,2023-08-11 15:17:00+00:00,1,134.1444759715971,0.694526899510382,209.87391888108567,68.27897920428917,-47.42158772848881,432.15,452.31,430.45,451.85,-16.135937889138006,-17.516455515363248,-1.3805176262252417,-2.9618867740043275,-1.5957281145420694,1.3661586594622581,-96.80124084286713,2.540906550680197,time_stop
LMT-NOC,2023-08-11 16:50:00+00:00,2023-08-14 13:30:00+00:00,1,134.1444759715971,0.694526899510382,209.87391888108567,68.47387186283663,-47.55694592236711,430.92,452.95,432.67,455.29,-17.81043510482465,-17.68562804967894,0.124807055145709,-1.6668401339195364,,,5.982082699229149,2.5639396023944023,descreen
T-VZ,2023-08-10 15:22:00+00:00,2023-08-14 13:30:00+00:00,-1,7.718290996619524,1.796060997434778,501.08327375310597,-1098.8314779948817,1973.5683603802186,33.14,14.255,33.3,14.31,-0.18114051505228446,-0.1199238699112044,0.06121664514108005,1.861233321047649,0.3342621261963532,-1.5269711948512958,-70.5084192309794,3.2416425727135243,mean_revert
T-VZ,2023-08-14 13:44:00+00:00,2023-08-14 18:31:00+00:00,-1,4.10436554362567,2.0406863633836863,259.44263525955824,-494.69481993748445,1009.5169730829726,33.24,14.195,33.445,14.325,0.1680915281429023,0.10780230090302467,-0.06028922723987762,1.7509505656865998,0.37829924822113553,-1.3726513174654642,28.274448468990837,1.5503199446111375,mean_revert
T-VZ,2023-08-14 19:39:00+00:00,2023-08-15 13:31:00+00:00,-1,4.10436554362567,2.0406863633836863,259.44263525955824,-491.29536345150836,1002.579748589125,33.47,14.265,33.49,14.195,0.25524348270604236,0.4180915281429023,0.16284804543685993,1.7821429538925648,3.209927578939693,1.4277846250471282,-81.54074473293142,1.5342550626606823,adverse
T-VZ,2023-08-15 13:32:00+00:00,2023-08-15 13:33:00+00:00,-1,4.10436554362567,2.0406863633836863,259.44263525955824,-491.6626047158614,1003.329172829362,33.445,14.185,33.44,14.175,0.3934983917767383,0.40890525541057343,0.015406863633835144,2.942852679446241,3.073590106661729,0.1307374272154882,-9.108148131040572,1.5331694263277305,adverse
IYR-VNQ,2023-08-14 13:32:00+00:00,2023-08-15 13:34:00+00:00,1,10.784202856934515,0.8448604828844243,362.0467568904522,326.6126832245152,-275.9421492652414,82.98,85.74,82.02,84.78,-0.24254065944504077,-0.3914745958760051,-0.1489339364309643,-1.705895405979479,-3.426619478499943,-1.7207240725204638,-51.152869985546275,2.509157384639095,adverse
T-VZ,2023-08-15 13:34:00+00:00,2023-08-15 13:35:00+00:00,-1,4.10436554362567,2.0406863633836863,259.44263525955824,-492.1776658102959,1004.3802509810839,33.41,14.175,33.36,14.13,0.3789052554105723,0.4207361417628377,0.041830886352265395,2.7586031549360834,3.1470885216804674,0.38848536674438394,-22.118774997525023,1.5305469938897094,adverse
T-VZ,2023-08-15 13:36:00+00:00,2023-08-15 13:39:00+00:00,-1,4.10436554362567,2.0406863633836863,259.44263525955824,-493.0631428702244,1006.1872319423692,33.35,14.14,33.315,14.11,0.3903292781290091,0.4165498690305185,0.02622059090150941,2.8302647273322243,3.032905243561563,0.20264051622933854,-14.459591980183962,1.5311850223714176,adverse
IYR-VNQ,2023-08-15 13:38:00+00:00,2023-08-15 13:39:00+00:00,1,10.784202856934515,0.8448604828844243,362.0467568904522,331.0409240743895,-279.6833949679948,81.87,84.57,81.83,84.57,-0.3640538944702598,-0.4040538944702661,-0.04000000000000625,-2.922076550800879,-3.5771740469027415,-0.6550974961018627,-15.778732139450181,2.5370951764725307,adverse
T-VZ,2023-08-15 13:40:00+00:00,2023-08-15 13:41:00+00:00,-1,4.10436554362567,2.0406863633836863,259.44263525955824,-493.50707727256855,1007.0931628234698,33.32,14.115,33.345,14.12,0.4113464372135951,0.42614300539668193,0.014796568183086833,2.9619638542009947,3.0806859764374557,0.11872212223646095,-8.836018565233225,1.5338074475360592,adverse
T-VZ,2023-08-15 13:44:00+00:00,2023-08-15 13:47:00+00:00,-1,4.10436554362567,2.0406863633836863,259.44263525955824,-492.76763004860607,1005.5841829570876,33.37,14.135,33.41,14.14,0.42053270994592395,0.45032927812900425,0.029796568183080296,2.958809936384171,3.1698958180940067,0.21108588170983555,-16.216900630504455,1.5341163433468572,adverse
IYR-VNQ,2023-08-15 13:41:00+00:00,2023-08-15 13:49:00+00:00,1,10.784202856934515,0.8448604828844243,362.0467568904522,330.71776026809357,-279.4103666385568,81.95,84.67,81.92,84.65,-0.3685399427587157,-0.3816427331010317,-0.013102790342315984,-2.9641176435393706,-3.1376000265204063,-0.1734823829810357,-6.870549798128962,2.5372243228558027,adverse
T-VZ,2023-08-15 13:48:00+00:00,2023-08-15 13:57:00+00:00,-1,4.10436554362567,2.0406863633836863,259.44263525955824,-492.6200064326538,1005.2829294571004,33.38,14.145,33.505,14.18,0.41012584631209137,0.4637018235936594,0.053575977281568044,2.7840366276648565,3.121534563117964,0.33749793545310736,-27.930605535844453,1.5380072627613877,adverse
T-VZ,2023-08-15 13:58:00+00:00,2023-08-15 19:14:00+00:00,-1,4.10436554362567,2.0406863633836863,259.44263525955824,-491.29536345150836,1002.579748589125,33.47,14.185,33.375,14.21,0.41849839177673687,0.27248123269214375,-0.14601715908459312,2.7116897636771142,0.32128244220789615,-2.390407321469218,70.20537119348894,1.532182049132278,mean_revert
T-VZ,2023-08-16 13:41:00+00:00,2023-08-16 13:47:00+00:00,-1,4.10436554362567,2.0406863633836863,259.44263525955824,-491.5891125477424,1003.1791983640661,33.45,14.155,33.56,14.145,0.45971898267825395,0.5901258463120911,0.13040686363383713,1.9102485803953468,3.027510653381126,1.1172620729857792,-65.64097938278992,1.5343850188980974,adverse
T-VZ,2023-08-16 13:48:00+00:00,2023-08-16 13:54:00+00:00,-1,4.10436554362567,2.0406863633836863,259.44263525955824,-490.3430986945575,1000.6364748852845,33.535,14.155,33.635,14.175,0.5447189826782477,0.6039052554105737,0.05918627273232602,2.6003487165704464,3.027117432957088,0.4267687163866416,-30.555415979553924,1.5338356078045174,adverse
T-VZ,2023-08-16 13:55:00+00:00,2023-08-16 13:57:00+00:00,-1,4.10436554362567,2.0406863633836863,259.44263525955824,-489.0306561999103,997.9581913837327,33.625,14.175,33.605,14.155,0.5939052554105757,0.614718982678248,0.020813727267672277,2.9205620312333815,3.0667896543116573,0.14622762307827575,-11.706549373708,1.527998670031736,adverse
T-VZ,2023-08-16 14:01:00+00:00,2023-08-16 15:32:00+00:00,-1,4.10436554362567,2.0406863633836863,259.44263525955824,-490.2700004389381,1000.4873042718549,33.54,14.125,33.255,14.115,0.6109395735797634,0.34634643721359737,-0.264593136366166,2.940044769155276,0.3643357139393661,-2.57570905521591,128.20078672415764,1.521290358219706,mean_revert
T-VZ,2023-08-16 16:32:00+00:00,2023-08-16 17:31:00+00:00,-1,4.10436554362567,2.0406863633836863,259.44263525955824,-493.13707646489684,1006.3381072208132,33.345,14.075,33.145,14.045,0.5179738917489445,0.37919448265046185,-0.13877940909848263,1.768808137437547,0.3273075823878038,-1.4415005550497433,66.91331972058624,1.5239523557672663,mean_revert
IYR-VNQ,2023-08-15 13:50:00+00:00,2023-08-16 19:26:00+00:00,1,10.784202856934515,0.8448604828844243,362.0467568904522,330.59673644755145,-279.30811839509306,81.98,84.69,80.82,83.53,-0.3554371524163997,-0.5353989922704869,-0.1799618398540872,-2.695723341905062,-2.1447471033506567,0.5509762385544055,-61.99726870931791,2.5024717684616613,time_stop
T-VZ,2023-08-17 14:33:00+00:00,2023-08-17 18:06:00+00:00,1,4.10436554362567,2.0406863633836863,259.44263525955824,1110.4748676943648,-2266.1309193841935,32.935,14.01,32.975,13.995,0.24061850536888585,0.31122880081964155,0.0706102954507557,-1.981104537792492,-0.387962268199429,1.593142269593063,74.99433794958766,3.4166205489501733,mean_revert
IYR-VNQ,2023-08-16 19:27:00+00:00,2023-08-18 13:30:00+00:00,1,10.784202856934515,0.8448604828844243,362.0467568904522,335.3832502656883,-283.3520547708171,80.81,83.53,79.59,82.31,-0.5453989922704778,-0.7346692031514692,-0.18927021088099139,-2.253696126302936,-3.949805077454042,-1.696108951151106,-65.97885152958438,2.5007930258416047,adverse
IYR-VNQ,2023-08-18 13:34:00+00:00,2023-08-18 13:35:00+00:00,1,10.784202856934515,0.8448604828844243,362.0467568904522,338.77900567462837,-286.22099432537163,80.0,82.71,79.93,82.66,-0.6626133963052467,-0.6903703721610128,-0.027756975855766086,-2.882271034041077,-3.245946557320303,-0.3636755232792259,-11.940362346679322,2.5368816657254127,adverse
IYR-VNQ,2023-08-18 13:36:00+00:00,2023-08-18 13:38:00+00:00,1,10.784202856934515,0.8448604828844243,362.0467568904522,338.86372160502964,-286.2925674672385,79.98,82.68,79.96,82.68,-0.657267581818715,-0.6772675818187253,-0.020000000000010232,-2.782569541017814,-3.02968793974908,-0.24711839873126573,-9.315585064990533,2.538310632886472,adverse
T-VZ,2023-08-18 14:45:00+00:00,2023-08-18 15:06:00+00:00,-1,4.10436554362567,2.0406863633836863,259.44263525955824,-492.54622778858726,1005.1323703842448,33.385,14.105,33.205,14.08,0.4967533008474305,0.36777045993202506,-0.12898284091540546,1.9087996948656205,0.31456171186279447,-1.594237983002826,62.004648678902576,1.5253630634365103,mean_revert
T-VZ,2023-08-18 16:46:00+00:00,2023-08-18 19:59:00+00:00,-1,4.10436554362567,2.0406863633836863,259.44263525955824,-493.72934438438625,1007.5467402875848,33.305,14.075,33.2,14.065,0.47797389174894533,0.39338075538278616,-0.08459313636615917,1.7606470834713928,0.38364485941700555,-1.377002224054387,40.237965800698056,1.5281479567853253,mean_revert
IYR-VNQ,2023-08-18 13:40:00+00:00,2023-08-21 13:30:00+00:00,1,10.784202856934515,0.8448604828844243,362.0467568904522,338.77900567462837,-286.22099432537163,80.0,82.71,80.15,82.85,-0.6626133963052467,-0.6308938639090513,0.031719532396195405,-2.8071762719422266,,,8.20258431141006,2.5433273342339255,descreen
T-VZ,2023-08-21 13:31:00+00:00,2023-08-21 13:47:00+00:00,-1,3.7194612393079485,2.071920939778247,253.3670502914623,-490.55034820899493,1016.3815384697272,33.18,13.97,32.89,13.925,0.5158032319899348,0.3190396742799564,-0.19676355770997844,2.289546088139338,0.17675248246990516,-2.1127936056694328,95.00806605568121,1.5143656937892396,mean_revert
T-VZ,2023-08-21 14:47:00+00:00,2023-08-21 15:21:00+00:00,1,3.7194612393079485,2.071920939778247,253.3670502914623,1137.1827549718896,-2356.152762380974,32.92,14.025,32.895,14.095,0.14184758030213374,-0.028186885482341495,-0.17003446578447523,-1.7287685151297574,-3.1185595613112693,-1.389791046181512,-196.89114223649247,3.5308799955280077,adverse
T-VZ,2023-08-21 15:22:00+00:00,2023-08-22 13:30:00+00:00,1,3.7194612393079485,2.071920939778247,253.3670502914623,1135.4467712731714,-2352.555941404486,32.91,14.085,33.07,14.07,0.007532323915434347,0.1986111380121116,0.19107881409667726,-2.763866518582676,-0.07927414065937621,2.6845923779233,213.427338183702,3.5324843410782445,mean_revert
T-VZ,2023-08-22 15:08:00+00:00,2023-08-22 19:02:00+00:00,1,3.7194612393079485,2.071920939778247,253.3670502914623,1134.3523404277482,-2350.2883672187145,33.005,14.195,33.07,14.195,-0.12537897946016585,-0.060378979460168125,0.06499999999999773,-1.6520689098823917,-0.35677075060517655,1.2952981592772153,70.18913336427029,3.5437687635307644,mean_revert
T-VZ,2023-08-23 19:48:00+00:00,2023-08-24 13:30:00+00:00,-1,3.7194612393079485,2.071920939778247,253.3670502914623,-490.3286806318558,1015.9222607749826,33.195,14.165,33.17,14.07,0.126778648733179,0.29861113801211303,0.17183248927893402,1.6545333095383892,3.1387726065873847,1.4842392970489955,-85.78230918510963,1.5279114272831331,adverse
T-VZ,2023-08-24 13:31:00+00:00,2023-08-25 13:46:00+00:00,-1,3.7194612393079485,2.071920939778247,253.3670502914623,-491.513228252286,1018.3765497939165,33.115,14.07,33.25,14.155,0.24361113801211332,0.2024978581309611,-0.04111327988115221,2.6724167983974554,0.3516533489780839,-2.3207634494193714,18.66982417333826,1.5378967450860699,mean_revert
T-VZ,2023-08-25 18:20:00+00:00,2023-08-28 13:32:00+00:00,-1,3.7194612393079485,2.071920939778247,253.3670502914623,-487.68421134305476,1010.4431294809153,33.375,14.105,33.58,14.245,0.431093905119873,0.346024973550918,-0.08506893156895501,1.6557585818527651,0.3210512043673621,-1.334707377485403,39.94826489218378,1.5385099098177708,mean_revert
T-VZ,2023-08-29 13:41:00+00:00,2023-08-29 13:44:00+00:00,1,3.815833619684535,2.0667313383615014,254.05684894371333,1094.1986921149455,-2261.414727388126,34.285,14.645,34.38,14.625,0.2018859300112723,0.33822055677850926,0.13633462676723695,-1.9899581016601313,0.14990985423648467,2.139867955896616,145.64258322753972,3.534587071148158,mean_revert
T-VZ,2023-08-29 13:52:00+00:00,2023-08-29 13:55:00+00:00,-1,3.815833619684535,2.0667313383615014,254.05684894371333,-472.37444582156047,976.2710706205662,34.515,14.625,34.51,14.59,0.4732205567785073,0.5405561536211607,0.06733559684265344,2.2813244728850424,3.314873921375833,1.0335494484907906,-33.33488709489375,1.5272718522828055,adverse
T-VZ,2023-08-29 13:57:00+00:00,2023-08-29 14:13:00+00:00,-1,3.815833619684535,2.0667313383615014,254.05684894371333,-472.92252349619025,977.4037999265798,34.475,14.595,34.47,14.665,0.49522249692935105,0.3455513032440507,-0.14967119368530035,2.566611653790064,0.11223580962524647,-2.4543758441648174,69.25111530679945,1.5317633055418485,mean_revert
T-VZ,2023-08-29 14:19:00+00:00,2023-08-29 14:26:00+00:00,-1,3.815833619684535,2.0667313383615014,254.05684894371333,-471.96422051038235,975.4232451141653,34.545,14.655,34.655,14.665,0.4412186166276655,0.530551303244053,0.08933268661638749,1.6635734520914645,3.131248078124029,1.4676746260325644,-43.694856902569676,1.5330250975693267,adverse
T-VZ,2023-08-29 14:28:00+00:00,2023-08-29 14:52:00+00:00,-1,3.815833619684535,2.0667313383615014,254.05684894371333,-470.39826882663476,972.1868436950042,34.66,14.675,34.575,14.625,0.5148839898604294,0.5332205567785095,0.018336566918080166,2.843756026229673,3.122545940660976,0.27878991443130285,-10.149601971175901,1.5241126366860167,adverse
T-VZ,2023-08-29 15:07:00+00:00,2023-08-29 15:23:00+00:00,-1,3.815833619684535,2.0667313383615014,254.05684894371333,-473.6094116929894,978.8234132888552,34.425,14.545,34.275,14.55,0.5485590638474278,0.38822540715561615,-0.16033365669181165,2.989399949742124,0.3897562653647528,-2.5996436843773716,74.41178665793629,1.5237421624565028,mean_revert
T-VZ,2023-08-29 17:01:00+00:00,2023-08-29 18:55:00+00:00,-1,3.815833619684535,2.0667313383615014,254.05684894371333,-473.8158674086359,979.2501017863657,34.41,14.575,34.575,14.69,0.4715571236965843,0.3988830197850177,-0.07267410391156659,1.653980549728994,0.3463135095150713,-1.3076670402139228,32.89577520245962,1.538368380544765,mean_revert
T-VZ,2023-08-30 13:30:00+00:00,2023-08-30 13:32:00+00:00,1,3.815833619684535,2.0667313383615014,254.05684894371333,1055.233457060608,-2180.8840549947045,34.94,14.955,34.87,14.96,0.21619921511921092,0.13586555842739756,-0.08033365669181336,-2.2074342466575008,-3.2915161454148283,-1.0840818987573275,-88.2418630747393,3.4711008055212096,adverse
JPM-BAC,2023-08-29 15:41:00+00:00,2023-08-30 13:42:00+00:00,-1,-11.771515436455335,0.27730193412050796,558.1900576553039,-174.95583379653908,48.515591097446425,29.11,148.36,29.1,148.69,-0.25899950966323004,-0.3605091479229934,-0.10150963825976334,1.787800619720929,0.17577262108503366,-1.6120279986358954,17.14445349993366,0.6152499001879297,mean_revert
T-VZ,2023-08-30 13:33:00+00:00,2023-08-30 13:50:00+00:00,1,3.815833619684535,2.0667313383615014,254.05684894371333,1055.694364599952,-2181.8366270503534,34.895,14.94,34.905,14.975,0.20220018519464134,0.13986458835198334,-0.06233559684265799,-2.3584424497741736,-3.0385541831954845,-0.6801117334213109,-69.28343906508726,3.4761007643220183,adverse
T-VZ,2023-08-30 13:51:00+00:00,2023-08-30 13:53:00+00:00,1,3.815833619684535,2.0667313383615014,254.05684894371333,1075.0305740010735,-2221.7993769847717,34.92,14.98,34.91,14.985,0.14453093166017794,0.12419727496836686,-0.020333656691811086,-2.9572167154935047,-3.17781804296309,-0.22060132746958505,-25.400451675062598,3.541149050124714,adverse
T-VZ,2023-08-30 13:54:00+00:00,2023-08-30 13:59:00+00:00,1,3.815833619684535,2.0667313383615014,254.05684894371333,1075.5167934318872,-2222.8042619197545,34.895,14.965,34.83,14.955,0.15053190173560438,0.10619921511921149,-0.04433268661639289,-2.8191220301459974,-3.2851868656402172,-0.46606483549421984,-51.21566333649293,3.5351143826121274,adverse
T-VZ,2023-08-30 14:05:00+00:00,2023-08-30 14:07:00+00:00,1,3.815833619684535,2.0667313383615014,254.05684894371333,1077.4496950919158,-2226.7990503545066,34.815,14.935,34.805,14.94,0.1325338418864419,0.11220018519463792,-0.02033365669180398,-2.8137940378756583,-3.0159713659165255,-0.2021773280408672,-25.44694292518586,3.5384507224985224,adverse
T-VZ,2023-08-30 14:08:00+00:00,2023-08-30 15:18:00+00:00,1,3.815833619684535,2.0667313383615014,254.05684894371333,1077.6289368772252,-2227.1694949693497,34.8,14.935,34.625,14.745,0.11753384188644134,0.3352127961751279,0.21767895428868655,-2.931635822021984,-0.2926171331349853,2.6390186888869986,231.06951428353312,3.507625807134849,mean_revert
JPM-BAC,2023-08-30 15:54:00+00:00,2023-08-30 19:06:00+00:00,-1,-11.771515436455335,0.27730193412050796,558.1900576553039,-1347.7366968874742,373.72999273208137,29.045,147.79,29.075,148.27,-0.16593740721453187,-0.2690423355923812,-0.10310492837784935,1.6715325379933503,0.3392699140391835,-1.3322626239541668,134.22837608056545,4.729919524219451,mean_revert
T-VZ,2023-08-31 14:13:00+00:00,2023-08-31 18:31:00+00:00,-1,3.815833619684535,2.0667313383615014,254.05684894371333,-468.16953331029885,967.5806461584734,34.825,14.735,35.015,14.855,0.5558801095587498,0.4978723489553616,-0.05800776060338819,1.8785210004347257,0.30129230006324076,-1.5772287003714849,25.619147874684842,1.5383183353772119,mean_revert
